Year,Country,Pathogen,Antibiotic,patientType,N_S,test,N_tested,N,p,ci_span,p_min,p_max,Antibiotic_long,Antibiotic_class,Pathogen_long,combR,N_I_R,cause_rejet
1999,Ireland,STAAUR,OXA,INPAT,63,1999|IE|STAAUR|OXA|INPAT,,109,0.422018348623853,0.0927183117037486,0.329300036920105,0.514736660327602,Oxacillin,J01C,S. aureus,STAAUR|Ireland|OXA,46,pays_dans_perimetre
1999,Norway,ENCFAE,AMP,INPAT,56,1999|NO|ENCFAE|AMP|INPAT,,57,0.0175438596491228,0.0340829989633463,-0.0165391393142235,0.0516268586124691,Ampicillin,J01C,E. faecalis,ENCFAE|Norway|AMP,1,pays_dans_perimetre
1999,Norway,ENCFAE,VAN,INPAT,49,1999|NO|ENCFAE|VAN|INPAT,,49,0.0,0.0,0.0,0.0,Vancomycin,J01X,E. faecalis,ENCFAE|Norway|VAN,0,pays_dans_perimetre
1999,Norway,ESCCOL,AMP,INPAT,293,1999|NO|ESCCOL|AMP|INPAT,,559,0.475849731663685,0.0414012056087391,0.434448526054946,0.517250937272424,Ampicillin,J01C,E. coli,ESCCOL|Norway|AMP,266,pays_dans_perimetre
1999,Norway,ESCCOL,CAZ,INPAT,586,1999|NO|ESCCOL|CAZ|INPAT,,587,0.0017035775127768,0.0033361665798943,-0.0016325890671175,0.0050397440926711,Ceftazidime,J01D,E. coli,ESCCOL|Norway|CAZ,1,pays_dans_perimetre
1999,Norway,ESCCOL,CIP,INPAT,561,1999|NO|ESCCOL|CIP|INPAT,,578,0.0294117647058824,0.01377432117049,0.0156374435353923,0.0431860858763724,Ciprofloxacin,J01M,E. coli,ESCCOL|Norway|CIP,17,pays_dans_perimetre
1999,Norway,ESCCOL,CTX,INPAT,676,1999|NO|ESCCOL|CTX|INPAT,,681,0.0073421439060205,0.0064120035425766,0.0009301403634439,0.0137541474485972,Cefotaxime,J01D,E. coli,ESCCOL|Norway|CTX,5,pays_dans_perimetre
1999,Norway,ESCCOL,GEN,INPAT,340,1999|NO|ESCCOL|GEN|INPAT,,363,0.0633608815426997,0.0250610642739125,0.0382998172687872,0.0884219458166122,Gentamicin,J01G,E. coli,ESCCOL|Norway|GEN,23,pays_dans_perimetre
1999,Norway,ESCCOL,IPM,INPAT,460,1999|NO|ESCCOL|IPM|INPAT,,463,0.0064794816414686,0.0073084306121413,-0.0008289489706726,0.01378791225361,Imipenem,J01D,E. coli,ESCCOL|Norway|IPM,3,pays_dans_perimetre
1999,Norway,ESCCOL,MEM,INPAT,36,1999|NO|ESCCOL|MEM|INPAT,,36,0.0,0.0,0.0,0.0,Meropenem,J01D,E. coli,ESCCOL|Norway|MEM,0,pays_dans_perimetre
1999,Norway,ESCCOL,TOB,INPAT,378,1999|NO|ESCCOL|TOB|INPAT,,389,0.0282776349614396,0.0164730460263021,0.0118045889351374,0.0447506809877417,Tobramycin,J01G,E. coli,ESCCOL|Norway|TOB,11,pays_dans_perimetre
1999,Norway,STAAUR,CIP,INPAT,62,1999|NO|STAAUR|CIP|INPAT,,78,0.205128205128205,0.0896127909412199,0.115515414186985,0.294740996069425,Ciprofloxacin,J01M,S. aureus,STAAUR|Norway|CIP,16,pays_dans_perimetre
1999,Norway,STAAUR,OXA,INPAT,201,1999|NO|STAAUR|OXA|INPAT,,201,0.0,0.0,0.0,0.0,Oxacillin,J01C,S. aureus,STAAUR|Norway|OXA,0,pays_dans_perimetre
1999,Norway,STRPNE,CTX,INPAT,173,1999|NO|STRPNE|CTX|INPAT,,176,0.0170454545454545,0.0191236483221759,-0.0020781937767214,0.0361691028676305,Cefotaxime,J01D,S. pneumoniae,STRPNE|Norway|CTX,3,pays_dans_perimetre
1999,Norway,STRPNE,ERY,INPAT,202,1999|NO|STRPNE|ERY|INPAT,,220,0.0818181818181818,0.0362187941798277,0.0455993876383541,0.11803697599801,Erythromycin,J01F,S. pneumoniae,STRPNE|Norway|ERY,18,pays_dans_perimetre
1999,Norway,STRPNE,PEN,INPAT,286,1999|NO|STRPNE|PEN|INPAT,,292,0.0205479452054795,0.0162719812797239,0.0042759639257555,0.0368199264852033,Penicillin,J01C,S. pneumoniae,STRPNE|Norway|PEN,6,pays_dans_perimetre
1999,Sweden,STAAUR,RIF,INPAT,683,1999|SE|STAAUR|RIF|INPAT,,683,0.0,0.0,0.0,0.0,Rifampicin,J04A,S. aureus,STAAUR|Sweden|RIF,0,pays_dans_perimetre
2000,Bulgaria,STAAUR,CIP,INPAT,62,2000|BG|STAAUR|CIP|INPAT,,87,0.28735632183908,0.095091794141572,0.192264527697508,0.382448115980652,Ciprofloxacin,J01M,S. aureus,STAAUR|Bulgaria|CIP,25,pays_dans_perimetre
2000,Bulgaria,STAAUR,RIF,INPAT,75,2000|BG|STAAUR|RIF|INPAT,,82,0.0853658536585366,0.0604804403415274,0.0248854133170092,0.145846294000064,Rifampicin,J04A,S. aureus,STAAUR|Bulgaria|RIF,7,pays_dans_perimetre
2000,Denmark,STAAUR,OXA,INPAT,452,2000|DK|STAAUR|OXA|INPAT,,453,0.0022075055187638,0.0043219325593096,-0.0021144270405458,0.0065294380780734,Oxacillin,J01C,S. aureus,STAAUR|Denmark|OXA,1,pays_dans_perimetre
2000,Ireland,STAAUR,OXA,INPAT,90,2000|IE|STAAUR|OXA|INPAT,,177,0.491525423728814,0.0736507295030039,0.41787469422581,0.565176153231817,Oxacillin,J01C,S. aureus,STAAUR|Ireland|OXA,87,pays_dans_perimetre
2000,Norway,ENCFAE,AMP,INPAT,83,2000|NO|ENCFAE|AMP|INPAT,,86,0.0348837209302326,0.0387800235108533,-0.0038963025806207,0.0736637444410858,Ampicillin,J01C,E. faecalis,ENCFAE|Norway|AMP,3,pays_dans_perimetre
2000,Norway,ENCFAE,VAN,INPAT,62,2000|NO|ENCFAE|VAN|INPAT,,68,0.0882352941176471,0.0674161849308983,0.0208191091867487,0.155651479048545,Vancomycin,J01X,E. faecalis,ENCFAE|Norway|VAN,6,pays_dans_perimetre
2000,Norway,ESCCOL,AMP,INPAT,428,2000|NO|ESCCOL|AMP|INPAT,,733,0.416098226466576,0.0356838671286486,0.380414359337927,0.451782093595224,Ampicillin,J01C,E. coli,ESCCOL|Norway|AMP,305,pays_dans_perimetre
2000,Norway,ESCCOL,CAZ,INPAT,718,2000|NO|ESCCOL|CAZ|INPAT,,727,0.0123796423658872,0.0080378136257741,0.0043418287401131,0.0204174559916613,Ceftazidime,J01D,E. coli,ESCCOL|Norway|CAZ,9,pays_dans_perimetre
2000,Norway,ESCCOL,CIP,INPAT,762,2000|NO|ESCCOL|CIP|INPAT,,784,0.0280612244897959,0.0115603452211711,0.0165008792686248,0.039621569710967,Ciprofloxacin,J01M,E. coli,ESCCOL|Norway|CIP,22,pays_dans_perimetre
2000,Norway,ESCCOL,CTX,INPAT,838,2000|NO|ESCCOL|CTX|INPAT,,857,0.0221703617269545,0.0098578827483536,0.0123124789786009,0.0320282444753081,Cefotaxime,J01D,E. coli,ESCCOL|Norway|CTX,19,pays_dans_perimetre
2000,Norway,ESCCOL,GEN,INPAT,378,2000|NO|ESCCOL|GEN|INPAT,,404,0.0643564356435644,0.0239285618545979,0.0404278737889664,0.0882849974981623,Gentamicin,J01G,E. coli,ESCCOL|Norway|GEN,26,pays_dans_perimetre
2000,Norway,ESCCOL,IPM,INPAT,614,2000|NO|ESCCOL|IPM|INPAT,,615,0.0016260162601626,0.0031843997654882,-0.0015583835053256,0.0048104160256508,Imipenem,J01D,E. coli,ESCCOL|Norway|IPM,1,pays_dans_perimetre
2000,Norway,ESCCOL,MEM,INPAT,122,2000|NO|ESCCOL|MEM|INPAT,,122,0.0,0.0,0.0,0.0,Meropenem,J01D,E. coli,ESCCOL|Norway|MEM,0,pays_dans_perimetre
2000,Norway,ESCCOL,TOB,INPAT,504,2000|NO|ESCCOL|TOB|INPAT,,561,0.101604278074866,0.0250014084653059,0.0766028696095604,0.126605686540172,Tobramycin,J01G,E. coli,ESCCOL|Norway|TOB,57,pays_dans_perimetre
2000,Norway,STAAUR,CIP,INPAT,88,2000|NO|STAAUR|CIP|INPAT,,129,0.317829457364341,0.0803534948261162,0.237475962538225,0.398182952190457,Ciprofloxacin,J01M,S. aureus,STAAUR|Norway|CIP,41,pays_dans_perimetre
2000,Norway,STAAUR,OXA,INPAT,293,2000|NO|STAAUR|OXA|INPAT,,293,0.0,0.0,0.0,0.0,Oxacillin,J01C,S. aureus,STAAUR|Norway|OXA,0,pays_dans_perimetre
2000,Norway,STRPNE,CTX,INPAT,300,2000|NO|STRPNE|CTX|INPAT,,301,0.0033222591362126,0.0065008022504344,-0.0031785431142218,0.0098230613866471,Cefotaxime,J01D,S. pneumoniae,STRPNE|Norway|CTX,1,pays_dans_perimetre
2000,Norway,STRPNE,ERY,INPAT,297,2000|NO|STRPNE|ERY|INPAT,,310,0.0419354838709677,0.022313280830631,0.0196222030403367,0.0642487647015988,Erythromycin,J01F,S. pneumoniae,STRPNE|Norway|ERY,13,pays_dans_perimetre
2000,Norway,STRPNE,PEN,INPAT,426,2000|NO|STRPNE|PEN|INPAT,,429,0.0069930069930069,0.0078856148244071,-0.0008926078314001,0.0148786218174142,Penicillin,J01C,S. pneumoniae,STRPNE|Norway|PEN,3,pays_dans_perimetre
2000,Sweden,STAAUR,RIF,INPAT,957,2000|SE|STAAUR|RIF|INPAT,,959,0.0020855057351407,0.0028873479772943,-0.0008018422421535,0.0049728537124351,Rifampicin,J04A,S. aureus,STAAUR|Sweden|RIF,2,pays_dans_perimetre
2001,Bulgaria,ESCCOL,AMK,INPAT,79,2001|BG|ESCCOL|AMK|INPAT,,82,0.0365853658536585,0.0406358609709277,-0.0040504951172691,0.0772212268245862,Amikacin,J01G,E. coli,ESCCOL|Bulgaria|AMK,3,pays_dans_perimetre
2001,Bulgaria,ESCCOL,AMP,INPAT,30,2001|BG|ESCCOL|AMP|INPAT,,65,0.538461538461538,0.121193878987559,0.41726765947398,0.659655417449097,Ampicillin,J01C,E. coli,ESCCOL|Bulgaria|AMP,35,pays_dans_perimetre
2001,Bulgaria,ESCCOL,CAZ,INPAT,74,2001|BG|ESCCOL|CAZ|INPAT,,79,0.0632911392405063,0.0536928301769688,0.0095983090635375,0.116983969417475,Ceftazidime,J01D,E. coli,ESCCOL|Bulgaria|CAZ,5,pays_dans_perimetre
2001,Bulgaria,ESCCOL,CIP,INPAT,82,2001|BG|ESCCOL|CIP|INPAT,,89,0.0786516853932584,0.0559277061872996,0.0227239792059588,0.134579391580558,Ciprofloxacin,J01M,E. coli,ESCCOL|Bulgaria|CIP,7,pays_dans_perimetre
2001,Bulgaria,ESCCOL,CRO,INPAT,45,2001|BG|ESCCOL|CRO|INPAT,,50,0.1,0.083155757467538,0.016844242532462,0.183155757467538,Ceftriaxone,J01D,E. coli,ESCCOL|Bulgaria|CRO,5,pays_dans_perimetre
2001,Bulgaria,ESCCOL,CTX,INPAT,49,2001|BG|ESCCOL|CTX|INPAT,,52,0.0576923076923077,0.0633737962559364,-0.0056814885636287,0.121066103948244,Cefotaxime,J01D,E. coli,ESCCOL|Bulgaria|CTX,3,pays_dans_perimetre
2001,Bulgaria,ESCCOL,GEN,INPAT,80,2001|BG|ESCCOL|GEN|INPAT,,95,0.157894736842105,0.0733265558152308,0.0845681810268745,0.231221292657336,Gentamicin,J01G,E. coli,ESCCOL|Bulgaria|GEN,15,pays_dans_perimetre
2001,Bulgaria,STAAUR,CIP,INPAT,83,2001|BG|STAAUR|CIP|INPAT,,93,0.10752688172043,0.0629608662588018,0.0445660154616283,0.170487747979232,Ciprofloxacin,J01M,S. aureus,STAAUR|Bulgaria|CIP,10,pays_dans_perimetre
2001,Bulgaria,STAAUR,RIF,INPAT,83,2001|BG|STAAUR|RIF|INPAT,,87,0.0459770114942529,0.0440094797114832,0.0019675317827696,0.0899864912057361,Rifampicin,J04A,S. aureus,STAAUR|Bulgaria|RIF,4,pays_dans_perimetre
2001,Denmark,STAAUR,OXA,INPAT,437,2001|DK|STAAUR|OXA|INPAT,,439,0.0045558086560364,0.0062996294892606,-0.0017438208332242,0.0108554381452971,Oxacillin,J01C,S. aureus,STAAUR|Denmark|OXA,2,pays_dans_perimetre
2001,Estonia,ESCCOL,CAZ,INPAT,45,2001|EE|ESCCOL|CAZ|INPAT,,45,0.0,0.0,0.0,0.0,Ceftazidime,J01D,E. coli,ESCCOL|Estonia|CAZ,0,pays_dans_perimetre
2001,Estonia,STAAUR,CIP,INPAT,54,2001|EE|STAAUR|CIP|INPAT,,56,0.0357142857142857,0.0486055552380589,-0.0128912695237732,0.0843198409523447,Ciprofloxacin,J01M,S. aureus,STAAUR|Estonia|CIP,2,pays_dans_perimetre
2001,Finland,ESCCOL,AMP,INPAT,472,2001|FI|ESCCOL|AMP|INPAT,,746,0.367292225201072,0.034593468684659,0.332698756516413,0.401885693885731,Ampicillin,J01C,E. coli,ESCCOL|Finland|AMP,274,pays_dans_perimetre
2001,Finland,ESCCOL,CAZ,INPAT,575,2001|FI|ESCCOL|CAZ|INPAT,,575,0.0,0.0,0.0,0.0,Ceftazidime,J01D,E. coli,ESCCOL|Finland|CAZ,0,pays_dans_perimetre
2001,Finland,ESCCOL,CIP,INPAT,655,2001|FI|ESCCOL|CIP|INPAT,,699,0.0629470672389127,0.0180047583124007,0.0449423089265121,0.0809518255513134,Ciprofloxacin,J01M,E. coli,ESCCOL|Finland|CIP,44,pays_dans_perimetre
2001,Finland,ESCCOL,CRO,INPAT,258,2001|FI|ESCCOL|CRO|INPAT,,263,0.0190114068441065,0.0165050674615297,0.0025063393825767,0.0355164743056362,Ceftriaxone,J01D,E. coli,ESCCOL|Finland|CRO,5,pays_dans_perimetre
2001,Finland,ESCCOL,TOB,INPAT,717,2001|FI|ESCCOL|TOB|INPAT,,719,0.0027816411682892,0.0038497924056008,-0.0010681512373115,0.0066314335738901,Tobramycin,J01G,E. coli,ESCCOL|Finland|TOB,2,pays_dans_perimetre
2001,Ireland,STAAUR,OXA,INPAT,128,2001|IE|STAAUR|OXA|INPAT,,317,0.596214511041009,0.0540135926644945,0.542200918376515,0.650228103705504,Oxacillin,J01C,S. aureus,STAAUR|Ireland|OXA,189,pays_dans_perimetre
2001,Malta,ESCCOL,AMK,INPAT,57,2001|MT|ESCCOL|AMK|INPAT,,57,0.0,0.0,0.0,0.0,Amikacin,J01G,E. coli,ESCCOL|Malta|AMK,0,pays_dans_perimetre
2001,Malta,ESCCOL,CAZ,INPAT,56,2001|MT|ESCCOL|CAZ|INPAT,,56,0.0,0.0,0.0,0.0,Ceftazidime,J01D,E. coli,ESCCOL|Malta|CAZ,0,pays_dans_perimetre
2001,Malta,ESCCOL,CIP,INPAT,48,2001|MT|ESCCOL|CIP|INPAT,,57,0.157894736842105,0.0946641765023792,0.0632305603397261,0.252558913344484,Ciprofloxacin,J01M,E. coli,ESCCOL|Malta|CIP,9,pays_dans_perimetre
2001,Malta,ESCCOL,GEN,INPAT,51,2001|MT|ESCCOL|GEN|INPAT,,57,0.105263157894737,0.0796717765059798,0.025591381388757,0.184934934400717,Gentamicin,J01G,E. coli,ESCCOL|Malta|GEN,6,pays_dans_perimetre
2001,Norway,ENCFAE,AMP,INPAT,116,2001|NO|ENCFAE|AMP|INPAT,,119,0.0252100840336134,0.0281660049478836,-0.0029559209142701,0.053376088981497,Ampicillin,J01C,E. faecalis,ENCFAE|Norway|AMP,3,pays_dans_perimetre
2001,Norway,ENCFAE,VAN,INPAT,91,2001|NO|ENCFAE|VAN|INPAT,,97,0.0618556701030928,0.0479396425288464,0.0139160275742464,0.109795312631939,Vancomycin,J01X,E. faecalis,ENCFAE|Norway|VAN,6,pays_dans_perimetre
2001,Norway,ESCCOL,AMP,INPAT,337,2001|NO|ESCCOL|AMP|INPAT,,733,0.540245566166439,0.0360796779875663,0.504165888178873,0.576325244154006,Ampicillin,J01C,E. coli,ESCCOL|Norway|AMP,396,pays_dans_perimetre
2001,Norway,ESCCOL,CAZ,INPAT,777,2001|NO|ESCCOL|CAZ|INPAT,,781,0.0051216389244558,0.0050063363654374,0.0001153025590184,0.0101279752898932,Ceftazidime,J01D,E. coli,ESCCOL|Norway|CAZ,4,pays_dans_perimetre
2001,Norway,ESCCOL,CIP,INPAT,839,2001|NO|ESCCOL|CIP|INPAT,,857,0.0210035005834306,0.0096006817013464,0.0114028188820842,0.030604182284777,Ciprofloxacin,J01M,E. coli,ESCCOL|Norway|CIP,18,pays_dans_perimetre
2001,Norway,ESCCOL,CTX,INPAT,893,2001|NO|ESCCOL|CTX|INPAT,,913,0.0219058050383352,0.0094949051860914,0.0124108998522437,0.0314007102244266,Cefotaxime,J01D,E. coli,ESCCOL|Norway|CTX,20,pays_dans_perimetre
2001,Norway,ESCCOL,GEN,INPAT,446,2001|NO|ESCCOL|GEN|INPAT,,474,0.0590717299578059,0.0212243795722246,0.0378473503855813,0.0802961095300305,Gentamicin,J01G,E. coli,ESCCOL|Norway|GEN,28,pays_dans_perimetre
2001,Norway,ESCCOL,IPM,INPAT,484,2001|NO|ESCCOL|IPM|INPAT,,484,0.0,0.0,0.0,0.0,Imipenem,J01D,E. coli,ESCCOL|Norway|IPM,0,pays_dans_perimetre
2001,Norway,ESCCOL,MEM,INPAT,238,2001|NO|ESCCOL|MEM|INPAT,,238,0.0,0.0,0.0,0.0,Meropenem,J01D,E. coli,ESCCOL|Norway|MEM,0,pays_dans_perimetre
2001,Norway,ESCCOL,TOB,INPAT,608,2001|NO|ESCCOL|TOB|INPAT,,632,0.0379746835443038,0.0149017702878845,0.0230729132564193,0.0528764538321883,Tobramycin,J01G,E. coli,ESCCOL|Norway|TOB,24,pays_dans_perimetre
2001,Norway,STAAUR,CIP,INPAT,86,2001|NO|STAAUR|CIP|INPAT,,136,0.367647058823529,0.0810367353305323,0.286610323492997,0.448683794154062,Ciprofloxacin,J01M,S. aureus,STAAUR|Norway|CIP,50,pays_dans_perimetre
2001,Norway,STAAUR,OXA,INPAT,278,2001|NO|STAAUR|OXA|INPAT,,279,0.003584229390681,0.0070124885380011,-0.0034282591473201,0.0105967179286821,Oxacillin,J01C,S. aureus,STAAUR|Norway|OXA,1,pays_dans_perimetre
2001,Norway,STRPNE,CTX,INPAT,322,2001|NO|STRPNE|CTX|INPAT,,322,0.0,0.0,0.0,0.0,Cefotaxime,J01D,S. pneumoniae,STRPNE|Norway|CTX,0,pays_dans_perimetre
2001,Norway,STRPNE,ERY,INPAT,310,2001|NO|STRPNE|ERY|INPAT,,322,0.0372670807453416,0.0206892017079738,0.0165778790373679,0.0579562824533154,Erythromycin,J01F,S. pneumoniae,STRPNE|Norway|ERY,12,pays_dans_perimetre
2001,Norway,STRPNE,PEN,INPAT,426,2001|NO|STRPNE|PEN|INPAT,,431,0.0116009280742459,0.0101095067793871,0.0014914212948588,0.021710434853633,Penicillin,J01C,S. pneumoniae,STRPNE|Norway|PEN,5,pays_dans_perimetre
2001,Poland,ESCCOL,AMP,INPAT,39,2001|PL|ESCCOL|AMP|INPAT,,100,0.61,0.0955989874423364,0.514401012557664,0.705598987442336,Ampicillin,J01C,E. coli,ESCCOL|Poland|AMP,61,pays_dans_perimetre
2001,Poland,ESCCOL,CAZ,INPAT,86,2001|PL|ESCCOL|CAZ|INPAT,,92,0.0652173913043478,0.050454415708009,0.0147629755963388,0.115671807012357,Ceftazidime,J01D,E. coli,ESCCOL|Poland|CAZ,6,pays_dans_perimetre
2001,Poland,ESCCOL,CIP,INPAT,84,2001|PL|ESCCOL|CIP|INPAT,,93,0.0967741935483871,0.0600886637477757,0.0366855298006114,0.156862857296163,Ciprofloxacin,J01M,E. coli,ESCCOL|Poland|CIP,9,pays_dans_perimetre
2001,Poland,ESCCOL,CTX,INPAT,83,2001|PL|ESCCOL|CTX|INPAT,,90,0.0777777777777778,0.0553325102819446,0.0224452674958331,0.133110288059722,Cefotaxime,J01D,E. coli,ESCCOL|Poland|CTX,7,pays_dans_perimetre
2001,Poland,ESCCOL,GEN,INPAT,94,2001|PL|ESCCOL|GEN|INPAT,,99,0.0505050505050505,0.0431372254716929,0.0073678250333575,0.0936422759767434,Gentamicin,J01G,E. coli,ESCCOL|Poland|GEN,5,pays_dans_perimetre
2001,Poland,STAAUR,CIP,INPAT,64,2001|PL|STAAUR|CIP|INPAT,,79,0.189873417721519,0.0864870434276422,0.103386374293877,0.276360461149161,Ciprofloxacin,J01M,S. aureus,STAAUR|Poland|CIP,15,pays_dans_perimetre
2001,Sweden,ENCFAE,AMP,INPAT,420,2001|SE|ENCFAE|AMP|INPAT,,421,0.002375296912114,0.0046500494657561,-0.0022747525536421,0.0070253463778701,Ampicillin,J01C,E. faecalis,ENCFAE|Sweden|AMP,1,pays_dans_perimetre
2001,Sweden,ENCFAI,AMP,INPAT,44,2001|SE|ENCFAI|AMP|INPAT,,176,0.75,0.063973538563719,0.686026461436281,0.813973538563719,Ampicillin,J01C,E. faecium,ENCFAI|Sweden|AMP,132,pays_dans_perimetre
2001,Sweden,ENCFAI,VAN,INPAT,155,2001|SE|ENCFAI|VAN|INPAT,,155,0.0,0.0,0.0,0.0,Vancomycin,J01X,E. faecium,ENCFAI|Sweden|VAN,0,pays_dans_perimetre
2001,Sweden,ESCCOL,GEN,INPAT,624,2001|SE|ESCCOL|GEN|INPAT,,637,0.0204081632653061,0.0109802162609203,0.0094279470043858,0.0313883795262264,Gentamicin,J01G,E. coli,ESCCOL|Sweden|GEN,13,pays_dans_perimetre
2001,Sweden,STAAUR,RIF,INPAT,984,2001|SE|STAAUR|RIF|INPAT,,987,0.0030395136778115,0.0034343022858629,-0.0003947886080514,0.0064738159636745,Rifampicin,J04A,S. aureus,STAAUR|Sweden|RIF,3,pays_dans_perimetre
2002,Bulgaria,ESCCOL,AMK,INPAT,100,2002|BG|ESCCOL|AMK|INPAT,,106,0.0566037735849057,0.0439919181511574,0.0126118554337482,0.100595691736063,Amikacin,J01G,E. coli,ESCCOL|Bulgaria|AMK,6,pays_dans_perimetre
2002,Bulgaria,ESCCOL,AMP,INPAT,38,2002|BG|ESCCOL|AMP|INPAT,,89,0.573033707865168,0.102765643899631,0.470268063965538,0.675799351764799,Ampicillin,J01C,E. coli,ESCCOL|Bulgaria|AMP,51,pays_dans_perimetre
2002,Bulgaria,ESCCOL,CAZ,INPAT,111,2002|BG|ESCCOL|CAZ|INPAT,,128,0.1328125,0.0587931957122637,0.0740193042877363,0.191605695712264,Ceftazidime,J01D,E. coli,ESCCOL|Bulgaria|CAZ,17,pays_dans_perimetre
2002,Bulgaria,ESCCOL,CIP,INPAT,113,2002|BG|ESCCOL|CIP|INPAT,,133,0.150375939849624,0.060748118225265,0.089627821624359,0.211124058074889,Ciprofloxacin,J01M,E. coli,ESCCOL|Bulgaria|CIP,20,pays_dans_perimetre
2002,Bulgaria,ESCCOL,CRO,INPAT,53,2002|BG|ESCCOL|CRO|INPAT,,60,0.116666666666667,0.0812299433934538,0.0354367232732129,0.19789661006012,Ceftriaxone,J01D,E. coli,ESCCOL|Bulgaria|CRO,7,pays_dans_perimetre
2002,Bulgaria,ESCCOL,CTX,INPAT,87,2002|BG|ESCCOL|CTX|INPAT,,103,0.155339805825243,0.0699551757371173,0.0853846300881254,0.22529498156236,Cefotaxime,J01D,E. coli,ESCCOL|Bulgaria|CTX,16,pays_dans_perimetre
2002,Bulgaria,ESCCOL,GEN,INPAT,109,2002|BG|ESCCOL|GEN|INPAT,,131,0.16793893129771,0.0640138160098932,0.103925115287817,0.231952747307603,Gentamicin,J01G,E. coli,ESCCOL|Bulgaria|GEN,22,pays_dans_perimetre
2002,Bulgaria,STAAUR,CIP,INPAT,87,2002|BG|STAAUR|CIP|INPAT,,114,0.236842105263158,0.0780441406162645,0.158797964646893,0.314886245879422,Ciprofloxacin,J01M,S. aureus,STAAUR|Bulgaria|CIP,27,pays_dans_perimetre
2002,Bulgaria,STAAUR,RIF,INPAT,83,2002|BG|STAAUR|RIF|INPAT,,91,0.0879120879120879,0.058180576806387,0.0297315111057009,0.146092664718475,Rifampicin,J04A,S. aureus,STAAUR|Bulgaria|RIF,8,pays_dans_perimetre
2002,Denmark,STAAUR,OXA,INPAT,590,2002|DK|STAAUR|OXA|INPAT,,596,0.0100671140939597,0.0080147192284788,0.0020523948654809,0.0180818333224386,Oxacillin,J01C,S. aureus,STAAUR|Denmark|OXA,6,pays_dans_perimetre
2002,Estonia,ESCCOL,CAZ,INPAT,48,2002|EE|ESCCOL|CAZ|INPAT,,48,0.0,0.0,0.0,0.0,Ceftazidime,J01D,E. coli,ESCCOL|Estonia|CAZ,0,pays_dans_perimetre
2002,Estonia,STAAUR,CIP,INPAT,64,2002|EE|STAAUR|CIP|INPAT,,67,0.0447761194029851,0.0495215787611768,-0.0047454593581917,0.0942976981641619,Ciprofloxacin,J01M,S. aureus,STAAUR|Estonia|CIP,3,pays_dans_perimetre
2002,Finland,ESCCOL,AMP,INPAT,311,2002|FI|ESCCOL|AMP|INPAT,,465,0.331182795698925,0.0427776770015112,0.288405118697414,0.373960472700436,Ampicillin,J01C,E. coli,ESCCOL|Finland|AMP,154,pays_dans_perimetre
2002,Finland,ESCCOL,CAZ,INPAT,352,2002|FI|ESCCOL|CAZ|INPAT,,355,0.0084507042253521,0.0095223798341778,-0.0010716756088257,0.01797308405953,Ceftazidime,J01D,E. coli,ESCCOL|Finland|CAZ,3,pays_dans_perimetre
2002,Finland,ESCCOL,CIP,INPAT,453,2002|FI|ESCCOL|CIP|INPAT,,490,0.0755102040816327,0.0233944001672125,0.0521158039144201,0.0989046042488452,Ciprofloxacin,J01M,E. coli,ESCCOL|Finland|CIP,37,pays_dans_perimetre
2002,Finland,ESCCOL,CRO,INPAT,317,2002|FI|ESCCOL|CRO|INPAT,,317,0.0,0.0,0.0,0.0,Ceftriaxone,J01D,E. coli,ESCCOL|Finland|CRO,0,pays_dans_perimetre
2002,Finland,ESCCOL,TOB,INPAT,481,2002|FI|ESCCOL|TOB|INPAT,,490,0.0183673469387755,0.0118892851778741,0.0064780617609014,0.0302566321166496,Tobramycin,J01G,E. coli,ESCCOL|Finland|TOB,9,pays_dans_perimetre
2002,Ireland,ENCFAE,AMP,INPAT,79,2002|IE|ENCFAE|AMP|INPAT,,87,0.0919540229885057,0.0607205548757845,0.0312334681127213,0.15267457786429,Ampicillin,J01C,E. faecalis,ENCFAE|Ireland|AMP,8,pays_dans_perimetre
2002,Ireland,ENCFAE,VAN,INPAT,92,2002|IE|ENCFAE|VAN|INPAT,,93,0.010752688172043,0.0209616546805415,-0.0102089665084985,0.0317143428525846,Vancomycin,J01X,E. faecalis,ENCFAE|Ireland|VAN,1,pays_dans_perimetre
2002,Ireland,ENCFAI,AMP,INPAT,1,2002|IE|ENCFAI|AMP|INPAT,,32,0.96875,0.0602853727854029,0.908464627214597,1.0290353727854,Ampicillin,J01C,E. faecium,ENCFAI|Ireland|AMP,31,pays_dans_perimetre
2002,Ireland,ENCFAI,VAN,INPAT,29,2002|IE|ENCFAI|VAN|INPAT,,33,0.121212121212121,0.111356136876348,0.0098559843357733,0.232568258088469,Vancomycin,J01X,E. faecium,ENCFAI|Ireland|VAN,4,pays_dans_perimetre
2002,Ireland,ESCCOL,AMK,INPAT,260,2002|IE|ESCCOL|AMK|INPAT,,260,0.0,0.0,0.0,0.0,Amikacin,J01G,E. coli,ESCCOL|Ireland|AMK,0,pays_dans_perimetre
2002,Ireland,ESCCOL,AMP,INPAT,108,2002|IE|ESCCOL|AMP|INPAT,,303,0.643564356435644,0.0539288689625278,0.589635487473116,0.697493225398171,Ampicillin,J01C,E. coli,ESCCOL|Ireland|AMP,195,pays_dans_perimetre
2002,Ireland,ESCCOL,CAZ,INPAT,235,2002|IE|ESCCOL|CAZ|INPAT,,242,0.0289256198347107,0.0211162100551555,0.0078094097795552,0.0500418298898662,Ceftazidime,J01D,E. coli,ESCCOL|Ireland|CAZ,7,pays_dans_perimetre
2002,Ireland,ESCCOL,CIP,INPAT,260,2002|IE|ESCCOL|CIP|INPAT,,270,0.037037037037037,0.0225266752969441,0.0145103617400929,0.0595637123339812,Ciprofloxacin,J01M,E. coli,ESCCOL|Ireland|CIP,10,pays_dans_perimetre
2002,Ireland,ESCCOL,CRO,INPAT,41,2002|IE|ESCCOL|CRO|INPAT,,41,0.0,0.0,0.0,0.0,Ceftriaxone,J01D,E. coli,ESCCOL|Ireland|CRO,0,pays_dans_perimetre
2002,Ireland,ESCCOL,CTX,INPAT,251,2002|IE|ESCCOL|CTX|INPAT,,256,0.01953125,0.0169518845627344,0.0025793654372656,0.0364831345627344,Cefotaxime,J01D,E. coli,ESCCOL|Ireland|CTX,5,pays_dans_perimetre
2002,Ireland,ESCCOL,GEN,INPAT,291,2002|IE|ESCCOL|GEN|INPAT,,296,0.0168918918918919,0.0146808094386849,0.002211082453207,0.0315727013305768,Gentamicin,J01G,E. coli,ESCCOL|Ireland|GEN,5,pays_dans_perimetre
2002,Ireland,STAAUR,OXA,INPAT,39,2002|IE|STAAUR|OXA|INPAT,,233,0.832618025751073,0.0479352899090502,0.784682735842023,0.880553315660123,Oxacillin,J01C,S. aureus,STAAUR|Ireland|OXA,194,pays_dans_perimetre
2002,Malta,ESCCOL,AMK,INPAT,59,2002|MT|ESCCOL|AMK|INPAT,,60,0.0166666666666667,0.0323933006334014,-0.0157266339667348,0.0490599673000681,Amikacin,J01G,E. coli,ESCCOL|Malta|AMK,1,pays_dans_perimetre
2002,Malta,ESCCOL,CAZ,INPAT,58,2002|MT|ESCCOL|CAZ|INPAT,,59,0.0169491525423729,0.0329376075522332,-0.0159884550098603,0.0498867600946061,Ceftazidime,J01D,E. coli,ESCCOL|Malta|CAZ,1,pays_dans_perimetre
2002,Malta,ESCCOL,CIP,INPAT,53,2002|MT|ESCCOL|CIP|INPAT,,60,0.116666666666667,0.0812299433934538,0.0354367232732129,0.19789661006012,Ciprofloxacin,J01M,E. coli,ESCCOL|Malta|CIP,7,pays_dans_perimetre
2002,Malta,ESCCOL,GEN,INPAT,56,2002|MT|ESCCOL|GEN|INPAT,,60,0.0666666666666667,0.063117996494514,0.0035486701721526,0.129784663161181,Gentamicin,J01G,E. coli,ESCCOL|Malta|GEN,4,pays_dans_perimetre
2002,Norway,ENCFAE,AMP,INPAT,121,2002|NO|ENCFAE|AMP|INPAT,,125,0.032,0.0308541603807331,0.0011458396192669,0.0628541603807331,Ampicillin,J01C,E. faecalis,ENCFAE|Norway|AMP,4,pays_dans_perimetre
2002,Norway,ENCFAE,VAN,INPAT,103,2002|NO|ENCFAE|VAN|INPAT,,107,0.0373831775700935,0.0359442157882451,0.0014389617818484,0.0733273933583385,Vancomycin,J01X,E. faecalis,ENCFAE|Norway|VAN,4,pays_dans_perimetre
2002,Norway,ESCCOL,AMP,INPAT,347,2002|NO|ESCCOL|AMP|INPAT,,914,0.62035010940919,0.0314624866730922,0.588887622736098,0.651812596082282,Ampicillin,J01C,E. coli,ESCCOL|Norway|AMP,567,pays_dans_perimetre
2002,Norway,ESCCOL,CAZ,INPAT,898,2002|NO|ESCCOL|CAZ|INPAT,,907,0.0099228224917309,0.006450666119853,0.0034721563718779,0.016373488611584,Ceftazidime,J01D,E. coli,ESCCOL|Norway|CAZ,9,pays_dans_perimetre
2002,Norway,ESCCOL,CIP,INPAT,976,2002|NO|ESCCOL|CIP|INPAT,,1017,0.04031465093412,0.0120890306636734,0.0282256202704466,0.0524036815977933,Ciprofloxacin,J01M,E. coli,ESCCOL|Norway|CIP,41,pays_dans_perimetre
2002,Norway,ESCCOL,CTX,INPAT,1051,2002|NO|ESCCOL|CTX|INPAT,,1057,0.0056764427625354,0.0045291903528775,0.0011472524096579,0.010205633115413,Cefotaxime,J01D,E. coli,ESCCOL|Norway|CTX,6,pays_dans_perimetre
2002,Norway,ESCCOL,GEN,INPAT,586,2002|NO|ESCCOL|GEN|INPAT,,615,0.0471544715447154,0.0167529466180768,0.0304015249266387,0.0639074181627922,Gentamicin,J01G,E. coli,ESCCOL|Norway|GEN,29,pays_dans_perimetre
2002,Norway,ESCCOL,IPM,INPAT,507,2002|NO|ESCCOL|IPM|INPAT,,507,0.0,0.0,0.0,0.0,Imipenem,J01D,E. coli,ESCCOL|Norway|IPM,0,pays_dans_perimetre
2002,Norway,ESCCOL,MEM,INPAT,395,2002|NO|ESCCOL|MEM|INPAT,,396,0.0025252525252525,0.0049432416368911,-0.0024179891116386,0.0074684941621437,Meropenem,J01D,E. coli,ESCCOL|Norway|MEM,1,pays_dans_perimetre
2002,Norway,ESCCOL,TOB,INPAT,637,2002|NO|ESCCOL|TOB|INPAT,,664,0.0406626506024096,0.0150229613716782,0.0256396892307314,0.0556856119740879,Tobramycin,J01G,E. coli,ESCCOL|Norway|TOB,27,pays_dans_perimetre
2002,Norway,STAAUR,CIP,INPAT,79,2002|NO|STAAUR|CIP|INPAT,,139,0.431654676258993,0.0823423091367475,0.349312367122245,0.51399698539574,Ciprofloxacin,J01M,S. aureus,STAAUR|Norway|CIP,60,pays_dans_perimetre
2002,Norway,STAAUR,OXA,INPAT,385,2002|NO|STAAUR|OXA|INPAT,,386,0.0025906735751295,0.0050711385839987,-0.0024804650088691,0.0076618121591282,Oxacillin,J01C,S. aureus,STAAUR|Norway|OXA,1,pays_dans_perimetre
2002,Norway,STRPNE,CTX,INPAT,318,2002|NO|STRPNE|CTX|INPAT,,318,0.0,0.0,0.0,0.0,Cefotaxime,J01D,S. pneumoniae,STRPNE|Norway|CTX,0,pays_dans_perimetre
2002,Norway,STRPNE,ERY,INPAT,284,2002|NO|STRPNE|ERY|INPAT,,301,0.0564784053156146,0.026078941412156,0.0303994639034587,0.0825573467277706,Erythromycin,J01F,S. pneumoniae,STRPNE|Norway|ERY,17,pays_dans_perimetre
2002,Norway,STRPNE,PEN,INPAT,448,2002|NO|STRPNE|PEN|INPAT,,450,0.0044444444444444,0.0061459823048137,-0.0017015378603693,0.0105904267492582,Penicillin,J01C,S. pneumoniae,STRPNE|Norway|PEN,2,pays_dans_perimetre
2002,Poland,ESCCOL,AMP,INPAT,61,2002|PL|ESCCOL|AMP|INPAT,,134,0.544776119402985,0.0843189561388581,0.460457163264127,0.629095075541843,Ampicillin,J01C,E. coli,ESCCOL|Poland|AMP,73,pays_dans_perimetre
2002,Poland,ESCCOL,CAZ,INPAT,120,2002|PL|ESCCOL|CAZ|INPAT,,128,0.0625,0.0419350083089893,0.0205649916910107,0.104435008308989,Ceftazidime,J01D,E. coli,ESCCOL|Poland|CAZ,8,pays_dans_perimetre
2002,Poland,ESCCOL,CIP,INPAT,118,2002|PL|ESCCOL|CIP|INPAT,,133,0.112781954887218,0.0537607406276436,0.0590212142595744,0.166542695514862,Ciprofloxacin,J01M,E. coli,ESCCOL|Poland|CIP,15,pays_dans_perimetre
2002,Poland,ESCCOL,CTX,INPAT,117,2002|PL|ESCCOL|CTX|INPAT,,125,0.064,0.0429070815973308,0.0210929184026692,0.106907081597331,Cefotaxime,J01D,E. coli,ESCCOL|Poland|CTX,8,pays_dans_perimetre
2002,Poland,ESCCOL,GEN,INPAT,119,2002|PL|ESCCOL|GEN|INPAT,,132,0.0984848484848485,0.0508323668103413,0.0476524816745072,0.14931721529519,Gentamicin,J01G,E. coli,ESCCOL|Poland|GEN,13,pays_dans_perimetre
2002,Poland,STAAUR,CIP,INPAT,112,2002|PL|STAAUR|CIP|INPAT,,147,0.238095238095238,0.0688530372659096,0.169242200829328,0.306948275361148,Ciprofloxacin,J01M,S. aureus,STAAUR|Poland|CIP,35,pays_dans_perimetre
2002,Sweden,ENCFAE,AMP,INPAT,440,2002|SE|ENCFAE|AMP|INPAT,,444,0.009009009009009,0.0087889693528967,0.0002200396561123,0.0177979783619057,Ampicillin,J01C,E. faecalis,ENCFAE|Sweden|AMP,4,pays_dans_perimetre
2002,Sweden,ENCFAI,AMP,INPAT,43,2002|SE|ENCFAI|AMP|INPAT,,183,0.765027322404372,0.06142959928961,0.703597723114762,0.826456921693982,Ampicillin,J01C,E. faecium,ENCFAI|Sweden|AMP,140,pays_dans_perimetre
2002,Sweden,ENCFAI,VAN,INPAT,164,2002|SE|ENCFAI|VAN|INPAT,,165,0.006060606060606,0.0118427368460921,-0.005782130785486,0.0179033429066982,Vancomycin,J01X,E. faecium,ENCFAI|Sweden|VAN,1,pays_dans_perimetre
2002,Sweden,ESCCOL,GEN,INPAT,669,2002|SE|ESCCOL|GEN|INPAT,,675,0.0088888888888888,0.0070809103545712,0.0018079785343176,0.0159697992434601,Gentamicin,J01G,E. coli,ESCCOL|Sweden|GEN,6,pays_dans_perimetre
2002,Sweden,STAAUR,RIF,INPAT,1137,2002|SE|STAAUR|RIF|INPAT,,1138,0.0008787346221441,0.0017215629620425,-0.0008428283398983,0.0026002975841866,Rifampicin,J04A,S. aureus,STAAUR|Sweden|RIF,1,pays_dans_perimetre
2003,Bulgaria,ESCCOL,AMK,INPAT,120,2003|BG|ESCCOL|AMK|INPAT,,131,0.083969465648855,0.0474937097147301,0.0364757559341249,0.131463175363585,Amikacin,J01G,E. coli,ESCCOL|Bulgaria|AMK,11,pays_dans_perimetre
2003,Bulgaria,ESCCOL,AMP,INPAT,54,2003|BG|ESCCOL|AMP|INPAT,,132,0.590909090909091,0.0838763176597678,0.507032773249323,0.674785408568859,Ampicillin,J01C,E. coli,ESCCOL|Bulgaria|AMP,78,pays_dans_perimetre
2003,Bulgaria,ESCCOL,CAZ,INPAT,131,2003|BG|ESCCOL|CAZ|INPAT,,157,0.165605095541401,0.0581472144403249,0.107457881101076,0.223752309981726,Ceftazidime,J01D,E. coli,ESCCOL|Bulgaria|CAZ,26,pays_dans_perimetre
2003,Bulgaria,ESCCOL,CIP,INPAT,122,2003|BG|ESCCOL|CIP|INPAT,,154,0.207792207792208,0.0640810906259223,0.143711117166286,0.27187329841813,Ciprofloxacin,J01M,E. coli,ESCCOL|Bulgaria|CIP,32,pays_dans_perimetre
2003,Bulgaria,ESCCOL,CRO,INPAT,75,2003|BG|ESCCOL|CRO|INPAT,,86,0.127906976744186,0.0705887300693881,0.0573182466747979,0.198495706813574,Ceftriaxone,J01D,E. coli,ESCCOL|Bulgaria|CRO,11,pays_dans_perimetre
2003,Bulgaria,ESCCOL,CTX,INPAT,103,2003|BG|ESCCOL|CTX|INPAT,,131,0.213740458015267,0.0702015588499705,0.143538899165297,0.283942016865238,Cefotaxime,J01D,E. coli,ESCCOL|Bulgaria|CTX,28,pays_dans_perimetre
2003,Bulgaria,ESCCOL,GEN,INPAT,122,2003|BG|ESCCOL|GEN|INPAT,,157,0.222929936305732,0.065105927501079,0.157824008804654,0.288035863806811,Gentamicin,J01G,E. coli,ESCCOL|Bulgaria|GEN,35,pays_dans_perimetre
2003,Bulgaria,STAAUR,CIP,INPAT,109,2003|BG|STAAUR|CIP|INPAT,,133,0.180451127819549,0.0653578082302438,0.115093319589305,0.245808936049793,Ciprofloxacin,J01M,S. aureus,STAAUR|Bulgaria|CIP,24,pays_dans_perimetre
2003,Bulgaria,STAAUR,RIF,INPAT,118,2003|BG|STAAUR|RIF|INPAT,,126,0.0634920634920635,0.0425780973724442,0.0209139661196193,0.106070160864508,Rifampicin,J04A,S. aureus,STAAUR|Bulgaria|RIF,8,pays_dans_perimetre
2003,Denmark,STAAUR,OXA,INPAT,514,2003|DK|STAAUR|OXA|INPAT,,518,0.0077220077220077,0.0075382925349371,0.0001837151870705,0.0152603002569449,Oxacillin,J01C,S. aureus,STAAUR|Denmark|OXA,4,pays_dans_perimetre
2003,Estonia,ESCCOL,CAZ,INPAT,61,2003|EE|ESCCOL|CAZ|INPAT,,62,0.0161290322580645,0.0313569240880153,-0.0152278918299508,0.0474859563460798,Ceftazidime,J01D,E. coli,ESCCOL|Estonia|CAZ,1,pays_dans_perimetre
2003,Estonia,STAAUR,CIP,INPAT,64,2003|EE|STAAUR|CIP|INPAT,,75,0.146666666666667,0.08006643759797,0.0666002290686966,0.226733104264637,Ciprofloxacin,J01M,S. aureus,STAAUR|Estonia|CIP,11,pays_dans_perimetre
2003,Finland,ESCCOL,AMP,INPAT,179,2003|FI|ESCCOL|AMP|INPAT,,250,0.284,0.0558987051871508,0.228101294812849,0.339898705187151,Ampicillin,J01C,E. coli,ESCCOL|Finland|AMP,71,pays_dans_perimetre
2003,Finland,ESCCOL,CAZ,INPAT,93,2003|FI|ESCCOL|CAZ|INPAT,,93,0.0,0.0,0.0,0.0,Ceftazidime,J01D,E. coli,ESCCOL|Finland|CAZ,0,pays_dans_perimetre
2003,Finland,ESCCOL,CIP,INPAT,235,2003|FI|ESCCOL|CIP|INPAT,,243,0.0329218106995885,0.0224349747762941,0.0104868359232944,0.0553567854758826,Ciprofloxacin,J01M,E. coli,ESCCOL|Finland|CIP,8,pays_dans_perimetre
2003,Finland,ESCCOL,CRO,INPAT,180,2003|FI|ESCCOL|CRO|INPAT,,180,0.0,0.0,0.0,0.0,Ceftriaxone,J01D,E. coli,ESCCOL|Finland|CRO,0,pays_dans_perimetre
2003,Finland,ESCCOL,TOB,INPAT,200,2003|FI|ESCCOL|TOB|INPAT,,200,0.0,0.0,0.0,0.0,Tobramycin,J01G,E. coli,ESCCOL|Finland|TOB,0,pays_dans_perimetre
2003,Ireland,ENCFAE,AMP,INPAT,62,2003|IE|ENCFAE|AMP|INPAT,,67,0.0746268656716418,0.0629252158870049,0.0117016497846369,0.137552081558647,Ampicillin,J01C,E. faecalis,ENCFAE|Ireland|AMP,5,pays_dans_perimetre
2003,Ireland,ENCFAE,VAN,INPAT,68,2003|IE|ENCFAE|VAN|INPAT,,69,0.0144927536231884,0.0281992067443862,-0.0137064531211978,0.0426919603675746,Vancomycin,J01X,E. faecalis,ENCFAE|Ireland|VAN,1,pays_dans_perimetre
2003,Ireland,ENCFAI,AMP,INPAT,3,2003|IE|ENCFAI|AMP|INPAT,,37,0.918918918918919,0.0879535900794128,0.830965328839506,1.00687250899833,Ampicillin,J01C,E. faecium,ENCFAI|Ireland|AMP,34,pays_dans_perimetre
2003,Ireland,ENCFAI,VAN,INPAT,27,2003|IE|ENCFAI|VAN|INPAT,,37,0.27027027027027,0.143098594220411,0.12717167604986,0.413368864490681,Vancomycin,J01X,E. faecium,ENCFAI|Ireland|VAN,10,pays_dans_perimetre
2003,Ireland,ESCCOL,AMK,INPAT,185,2003|IE|ESCCOL|AMK|INPAT,,187,0.0106951871657754,0.014743293917817,-0.0040481067520415,0.0254384810835924,Amikacin,J01G,E. coli,ESCCOL|Ireland|AMK,2,pays_dans_perimetre
2003,Ireland,ESCCOL,AMP,INPAT,97,2003|IE|ESCCOL|AMP|INPAT,,245,0.604081632653061,0.0612383766563925,0.542843255996669,0.665320009309454,Ampicillin,J01C,E. coli,ESCCOL|Ireland|AMP,148,pays_dans_perimetre
2003,Ireland,ESCCOL,CAZ,INPAT,159,2003|IE|ESCCOL|CAZ|INPAT,,163,0.0245398773006135,0.0237521661511183,0.0007877111494951,0.0482920434517318,Ceftazidime,J01D,E. coli,ESCCOL|Ireland|CAZ,4,pays_dans_perimetre
2003,Ireland,ESCCOL,CIP,INPAT,209,2003|IE|ESCCOL|CIP|INPAT,,226,0.0752212389380531,0.0343867409069279,0.0408344980311252,0.109607979844981,Ciprofloxacin,J01M,E. coli,ESCCOL|Ireland|CIP,17,pays_dans_perimetre
2003,Ireland,ESCCOL,CRO,INPAT,52,2003|IE|ESCCOL|CRO|INPAT,,52,0.0,0.0,0.0,0.0,Ceftriaxone,J01D,E. coli,ESCCOL|Ireland|CRO,0,pays_dans_perimetre
2003,Ireland,ESCCOL,CTX,INPAT,200,2003|IE|ESCCOL|CTX|INPAT,,205,0.024390243902439,0.021116662546995,0.0032735813554439,0.0455069064494341,Cefotaxime,J01D,E. coli,ESCCOL|Ireland|CTX,5,pays_dans_perimetre
2003,Ireland,ESCCOL,GEN,INPAT,242,2003|IE|ESCCOL|GEN|INPAT,,246,0.016260162601626,0.0158048758727072,0.0004552867289188,0.0320650384743332,Gentamicin,J01G,E. coli,ESCCOL|Ireland|GEN,4,pays_dans_perimetre
2003,Ireland,STAAUR,OXA,INPAT,69,2003|IE|STAAUR|OXA|INPAT,,224,0.691964285714286,0.0604608764253794,0.631503409288906,0.752425162139665,Oxacillin,J01C,S. aureus,STAAUR|Ireland|OXA,155,pays_dans_perimetre
2003,Malta,ESCCOL,AMK,INPAT,81,2003|MT|ESCCOL|AMK|INPAT,,81,0.0,0.0,0.0,0.0,Amikacin,J01G,E. coli,ESCCOL|Malta|AMK,0,pays_dans_perimetre
2003,Malta,ESCCOL,CAZ,INPAT,78,2003|MT|ESCCOL|CAZ|INPAT,,80,0.025,0.0342123881072339,-0.0092123881072339,0.0592123881072339,Ceftazidime,J01D,E. coli,ESCCOL|Malta|CAZ,2,pays_dans_perimetre
2003,Malta,ESCCOL,CIP,INPAT,59,2003|MT|ESCCOL|CIP|INPAT,,80,0.2625,0.0964176948230977,0.166082305176902,0.358917694823098,Ciprofloxacin,J01M,E. coli,ESCCOL|Malta|CIP,21,pays_dans_perimetre
2003,Malta,ESCCOL,GEN,INPAT,64,2003|MT|ESCCOL|GEN|INPAT,,81,0.209876543209877,0.0886835338953154,0.121193009314561,0.298560077105192,Gentamicin,J01G,E. coli,ESCCOL|Malta|GEN,17,pays_dans_perimetre
2003,Norway,ENCFAE,AMP,INPAT,122,2003|NO|ENCFAE|AMP|INPAT,,127,0.0393700787401575,0.0338232555904055,0.0055468231497519,0.073193334330563,Ampicillin,J01C,E. faecalis,ENCFAE|Norway|AMP,5,pays_dans_perimetre
2003,Norway,ENCFAE,VAN,INPAT,109,2003|NO|ENCFAE|VAN|INPAT,,109,0.0,0.0,0.0,0.0,Vancomycin,J01X,E. faecalis,ENCFAE|Norway|VAN,0,pays_dans_perimetre
2003,Norway,ESCCOL,AMP,INPAT,268,2003|NO|ESCCOL|AMP|INPAT,,931,0.712137486573577,0.0290841054840642,0.683053381089513,0.741221592057641,Ampicillin,J01C,E. coli,ESCCOL|Norway|AMP,663,pays_dans_perimetre
2003,Norway,ESCCOL,CAZ,INPAT,913,2003|NO|ESCCOL|CAZ|INPAT,,932,0.0203862660944206,0.0090728638142885,0.0113134022801321,0.0294591299087091,Ceftazidime,J01D,E. coli,ESCCOL|Norway|CAZ,19,pays_dans_perimetre
2003,Norway,ESCCOL,CIP,INPAT,1021,2003|NO|ESCCOL|CIP|INPAT,,1072,0.0475746268656716,0.0127427115526249,0.0348319153130468,0.0603173384182965,Ciprofloxacin,J01M,E. coli,ESCCOL|Norway|CIP,51,pays_dans_perimetre
2003,Norway,ESCCOL,CTX,INPAT,1103,2003|NO|ESCCOL|CTX|INPAT,,1110,0.0063063063063063,0.0046570229633471,0.0016492833429591,0.0109633292696535,Cefotaxime,J01D,E. coli,ESCCOL|Norway|CTX,7,pays_dans_perimetre
2003,Norway,ESCCOL,GEN,INPAT,783,2003|NO|ESCCOL|GEN|INPAT,,809,0.0321384425216316,0.0121534854096808,0.0199849571119508,0.0442919279313125,Gentamicin,J01G,E. coli,ESCCOL|Norway|GEN,26,pays_dans_perimetre
2003,Norway,ESCCOL,IPM,INPAT,506,2003|NO|ESCCOL|IPM|INPAT,,507,0.0019723865877712,0.0038620633275684,-0.0018896767397972,0.0058344499153396,Imipenem,J01D,E. coli,ESCCOL|Norway|IPM,1,pays_dans_perimetre
2003,Norway,ESCCOL,MEM,INPAT,529,2003|NO|ESCCOL|MEM|INPAT,,529,0.0,0.0,0.0,0.0,Meropenem,J01D,E. coli,ESCCOL|Norway|MEM,0,pays_dans_perimetre
2003,Norway,ESCCOL,TOB,INPAT,477,2003|NO|ESCCOL|TOB|INPAT,,492,0.0304878048780488,0.0151919399912839,0.0152958648867649,0.0456797448693327,Tobramycin,J01G,E. coli,ESCCOL|Norway|TOB,15,pays_dans_perimetre
2003,Norway,STAAUR,CIP,INPAT,72,2003|NO|STAAUR|CIP|INPAT,,131,0.450381679389313,0.0852003506028496,0.365181328786463,0.535582029992163,Ciprofloxacin,J01M,S. aureus,STAAUR|Norway|CIP,59,pays_dans_perimetre
2003,Norway,STAAUR,OXA,INPAT,338,2003|NO|STAAUR|OXA|INPAT,,340,0.0058823529411764,0.0081285118606167,-0.0022461589194402,0.0140108648017932,Oxacillin,J01C,S. aureus,STAAUR|Norway|OXA,2,pays_dans_perimetre
2003,Norway,STRPNE,CTX,INPAT,349,2003|NO|STRPNE|CTX|INPAT,,350,0.0028571428571428,0.0055919942775364,-0.0027348514203935,0.0084491371346792,Cefotaxime,J01D,S. pneumoniae,STRPNE|Norway|CTX,1,pays_dans_perimetre
2003,Norway,STRPNE,ERY,INPAT,284,2003|NO|STRPNE|ERY|INPAT,,307,0.0749185667752443,0.0294490708021144,0.0454694959731299,0.104367637577359,Erythromycin,J01F,S. pneumoniae,STRPNE|Norway|ERY,23,pays_dans_perimetre
2003,Norway,STRPNE,PEN,INPAT,494,2003|NO|STRPNE|PEN|INPAT,,496,0.0040322580645161,0.0055771461951839,-0.0015448881306677,0.0096094042597,Penicillin,J01C,S. pneumoniae,STRPNE|Norway|PEN,2,pays_dans_perimetre
2003,Poland,ESCCOL,AMP,INPAT,58,2003|PL|ESCCOL|AMP|INPAT,,123,0.528455284552846,0.0882204115216911,0.440234873031154,0.616675696074537,Ampicillin,J01C,E. coli,ESCCOL|Poland|AMP,65,pays_dans_perimetre
2003,Poland,ESCCOL,CAZ,INPAT,117,2003|PL|ESCCOL|CAZ|INPAT,,122,0.040983606557377,0.0351798722768213,0.0058037342805557,0.0761634788341983,Ceftazidime,J01D,E. coli,ESCCOL|Poland|CAZ,5,pays_dans_perimetre
2003,Poland,ESCCOL,CIP,INPAT,113,2003|PL|ESCCOL|CIP|INPAT,,121,0.0661157024793388,0.0442753732556137,0.0218403292237252,0.110391075734953,Ciprofloxacin,J01M,E. coli,ESCCOL|Poland|CIP,8,pays_dans_perimetre
2003,Poland,ESCCOL,CTX,INPAT,118,2003|PL|ESCCOL|CTX|INPAT,,123,0.040650406504065,0.0348999182785153,0.0057504882255497,0.0755503247825803,Cefotaxime,J01D,E. coli,ESCCOL|Poland|CTX,5,pays_dans_perimetre
2003,Poland,ESCCOL,GEN,INPAT,111,2003|PL|ESCCOL|GEN|INPAT,,123,0.0975609756097561,0.0524385309570096,0.0451224446527465,0.149999506566766,Gentamicin,J01G,E. coli,ESCCOL|Poland|GEN,12,pays_dans_perimetre
2003,Poland,STAAUR,CIP,INPAT,90,2003|PL|STAAUR|CIP|INPAT,,118,0.23728813559322,0.0767597109714569,0.160528424621763,0.314047846564677,Ciprofloxacin,J01M,S. aureus,STAAUR|Poland|CIP,28,pays_dans_perimetre
2003,Sweden,ENCFAE,AMP,INPAT,497,2003|SE|ENCFAE|AMP|INPAT,,497,0.0,0.0,0.0,0.0,Ampicillin,J01C,E. faecalis,ENCFAE|Sweden|AMP,0,pays_dans_perimetre
2003,Sweden,ENCFAE,GEH,INPAT,313,2003|SE|ENCFAE|GEH|INPAT,,378,0.171957671957672,0.0380405877733581,0.133917084184314,0.20999825973103,Gentamicin High,J01G,E. faecalis,ENCFAE|Sweden|GEH,65,pays_dans_perimetre
2003,Sweden,ENCFAI,AMP,INPAT,46,2003|SE|ENCFAI|AMP|INPAT,,214,0.785046728971963,0.0550388014627183,0.730007927509244,0.840085530434681,Ampicillin,J01C,E. faecium,ENCFAI|Sweden|AMP,168,pays_dans_perimetre
2003,Sweden,ENCFAI,VAN,INPAT,201,2003|SE|ENCFAI|VAN|INPAT,,206,0.0242718446601942,0.0210154295684265,0.0032564150917676,0.0452872742286207,Vancomycin,J01X,E. faecium,ENCFAI|Sweden|VAN,5,pays_dans_perimetre
2003,Sweden,ESCCOL,GEN,INPAT,1435,2003|SE|ESCCOL|GEN|INPAT,,1449,0.0096618357487922,0.0050366695880927,0.0046251661606994,0.0146985053368851,Gentamicin,J01G,E. coli,ESCCOL|Sweden|GEN,14,pays_dans_perimetre
2003,Sweden,STAAUR,RIF,INPAT,1134,2003|SE|STAAUR|RIF|INPAT,,1136,0.0017605633802816,0.0024378675096799,-0.0006773041293982,0.0041984308899615,Rifampicin,J04A,S. aureus,STAAUR|Sweden|RIF,2,pays_dans_perimetre
2004,Bulgaria,ESCCOL,AMK,INPAT,127,2004|BG|ESCCOL|AMK|INPAT,,136,0.0661764705882353,0.0417802297651239,0.0243962408231114,0.107956700353359,Amikacin,J01G,E. coli,ESCCOL|Bulgaria|AMK,9,pays_dans_perimetre
2004,Bulgaria,ESCCOL,AMP,INPAT,42,2004|BG|ESCCOL|AMP|INPAT,,139,0.697841726618705,0.0763386338014168,0.621503092817288,0.774180360420122,Ampicillin,J01C,E. coli,ESCCOL|Bulgaria|AMP,97,pays_dans_perimetre
2004,Bulgaria,ESCCOL,CAZ,INPAT,108,2004|BG|ESCCOL|CAZ|INPAT,,141,0.234042553191489,0.0698869761671885,0.164155577024301,0.303929529358678,Ceftazidime,J01D,E. coli,ESCCOL|Bulgaria|CAZ,33,pays_dans_perimetre
2004,Bulgaria,ESCCOL,CIP,INPAT,120,2004|BG|ESCCOL|CIP|INPAT,,163,0.263803680981595,0.0676549403646211,0.196148740616974,0.331458621346216,Ciprofloxacin,J01M,E. coli,ESCCOL|Bulgaria|CIP,43,pays_dans_perimetre
2004,Bulgaria,ESCCOL,CRO,INPAT,71,2004|BG|ESCCOL|CRO|INPAT,,92,0.228260869565217,0.0857656043170349,0.142495265248182,0.314026473882252,Ceftriaxone,J01D,E. coli,ESCCOL|Bulgaria|CRO,21,pays_dans_perimetre
2004,Bulgaria,ESCCOL,CTX,INPAT,106,2004|BG|ESCCOL|CTX|INPAT,,138,0.231884057971014,0.0704150291725631,0.161469028798451,0.302299087143578,Cefotaxime,J01D,E. coli,ESCCOL|Bulgaria|CTX,32,pays_dans_perimetre
2004,Bulgaria,ESCCOL,GEN,INPAT,127,2004|BG|ESCCOL|GEN|INPAT,,159,0.20125786163522,0.0623214048308359,0.138936456804384,0.263579266466056,Gentamicin,J01G,E. coli,ESCCOL|Bulgaria|GEN,32,pays_dans_perimetre
2004,Bulgaria,STAAUR,CIP,INPAT,130,2004|BG|STAAUR|CIP|INPAT,,154,0.155844155844156,0.057286499721471,0.0985576561226849,0.213130655565627,Ciprofloxacin,J01M,S. aureus,STAAUR|Bulgaria|CIP,24,pays_dans_perimetre
2004,Bulgaria,STAAUR,RIF,INPAT,113,2004|BG|STAAUR|RIF|INPAT,,118,0.0423728813559322,0.0363460554073463,0.0060268259485858,0.0787189367632785,Rifampicin,J04A,S. aureus,STAAUR|Bulgaria|RIF,5,pays_dans_perimetre
2004,Denmark,STAAUR,OXA,INPAT,902,2004|DK|STAAUR|OXA|INPAT,,914,0.0131291028446389,0.007379563422123,0.0057495394225158,0.020508666266762,Oxacillin,J01C,S. aureus,STAAUR|Denmark|OXA,12,pays_dans_perimetre
2004,Estonia,ESCCOL,CAZ,INPAT,101,2004|EE|ESCCOL|CAZ|INPAT,,107,0.0560747663551402,0.0435929959266569,0.0124817704284833,0.0996677622817971,Ceftazidime,J01D,E. coli,ESCCOL|Estonia|CAZ,6,pays_dans_perimetre
2004,Estonia,STAAUR,CIP,INPAT,73,2004|EE|STAAUR|CIP|INPAT,,88,0.170454545454545,0.0785668104719706,0.0918877349825749,0.249021355926516,Ciprofloxacin,J01M,S. aureus,STAAUR|Estonia|CIP,15,pays_dans_perimetre
2004,Finland,ESCCOL,AMP,INPAT,110,2004|FI|ESCCOL|AMP|INPAT,,158,0.30379746835443,0.0717112680691655,0.232086200285265,0.375508736423596,Ampicillin,J01C,E. coli,ESCCOL|Finland|AMP,48,pays_dans_perimetre
2004,Finland,ESCCOL,CAZ,INPAT,219,2004|FI|ESCCOL|CAZ|INPAT,,222,0.0135135135135135,0.0151883044660874,-0.0016747909525738,0.0287018179796009,Ceftazidime,J01D,E. coli,ESCCOL|Finland|CAZ,3,pays_dans_perimetre
2004,Finland,ESCCOL,CIP,INPAT,236,2004|FI|ESCCOL|CIP|INPAT,,251,0.0597609561752988,0.0293256144253399,0.030435341749959,0.0890865706006387,Ciprofloxacin,J01M,E. coli,ESCCOL|Finland|CIP,15,pays_dans_perimetre
2004,Finland,ESCCOL,CRO,INPAT,154,2004|FI|ESCCOL|CRO|INPAT,,158,0.0253164556962025,0.0244940611089757,0.0008223945872268,0.0498105168051782,Ceftriaxone,J01D,E. coli,ESCCOL|Finland|CRO,4,pays_dans_perimetre
2004,Finland,ESCCOL,TOB,INPAT,231,2004|FI|ESCCOL|TOB|INPAT,,235,0.0170212765957447,0.0165382770721867,0.0004829995235579,0.0335595536679314,Tobramycin,J01G,E. coli,ESCCOL|Finland|TOB,4,pays_dans_perimetre
2004,Ireland,ENCFAE,AMP,INPAT,60,2004|IE|ENCFAE|AMP|INPAT,,62,0.032258064516129,0.0439803985011256,-0.0117223339849966,0.0762384630172547,Ampicillin,J01C,E. faecalis,ENCFAE|Ireland|AMP,2,pays_dans_perimetre
2004,Ireland,ENCFAE,VAN,INPAT,61,2004|IE|ENCFAE|VAN|INPAT,,62,0.0161290322580645,0.0313569240880153,-0.0152278918299508,0.0474859563460798,Vancomycin,J01X,E. faecalis,ENCFAE|Ireland|VAN,1,pays_dans_perimetre
2004,Ireland,ENCFAI,AMP,INPAT,4,2004|IE|ENCFAI|AMP|INPAT,,41,0.902439024390244,0.0908261998918141,0.81161282449843,0.993265224282058,Ampicillin,J01C,E. faecium,ENCFAI|Ireland|AMP,37,pays_dans_perimetre
2004,Ireland,ENCFAI,VAN,INPAT,38,2004|IE|ENCFAI|VAN|INPAT,,42,0.0952380952380952,0.0887777082463919,0.0064603869917033,0.184015803484487,Vancomycin,J01X,E. faecium,ENCFAI|Ireland|VAN,4,pays_dans_perimetre
2004,Ireland,ESCCOL,AMK,INPAT,197,2004|IE|ESCCOL|AMK|INPAT,,200,0.015,0.0168463111689177,-0.0018463111689176,0.0318463111689177,Amikacin,J01G,E. coli,ESCCOL|Ireland|AMK,3,pays_dans_perimetre
2004,Ireland,ESCCOL,AMP,INPAT,95,2004|IE|ESCCOL|AMP|INPAT,,320,0.703125,0.0500592300547249,0.653065769945275,0.753184230054725,Ampicillin,J01C,E. coli,ESCCOL|Ireland|AMP,225,pays_dans_perimetre
2004,Ireland,ESCCOL,CAZ,INPAT,221,2004|IE|ESCCOL|CAZ|INPAT,,226,0.0221238938053097,0.019176729913047,0.0029471638922626,0.0413006237183568,Ceftazidime,J01D,E. coli,ESCCOL|Ireland|CAZ,5,pays_dans_perimetre
2004,Ireland,ESCCOL,CIP,INPAT,228,2004|IE|ESCCOL|CIP|INPAT,,253,0.0988142292490119,0.0367716161039086,0.0620426131451032,0.13558584535292,Ciprofloxacin,J01M,E. coli,ESCCOL|Ireland|CIP,25,pays_dans_perimetre
2004,Ireland,ESCCOL,CRO,INPAT,80,2004|IE|ESCCOL|CRO|INPAT,,82,0.024390243902439,0.0333883751148384,-0.0089981312123993,0.0577786190172774,Ceftriaxone,J01D,E. coli,ESCCOL|Ireland|CRO,2,pays_dans_perimetre
2004,Ireland,ESCCOL,CTX,INPAT,222,2004|IE|ESCCOL|CTX|INPAT,,226,0.0176991150442478,0.0171909507264161,0.0005081643178317,0.0348900657706639,Cefotaxime,J01D,E. coli,ESCCOL|Ireland|CTX,4,pays_dans_perimetre
2004,Ireland,ESCCOL,GEN,INPAT,310,2004|IE|ESCCOL|GEN|INPAT,,322,0.0372670807453416,0.0206892017079738,0.0165778790373679,0.0579562824533154,Gentamicin,J01G,E. coli,ESCCOL|Ireland|GEN,12,pays_dans_perimetre
2004,Ireland,STAAUR,OXA,INPAT,108,2004|IE|STAAUR|OXA|INPAT,,247,0.562753036437247,0.0618628493466927,0.500890187090554,0.62461588578394,Oxacillin,J01C,S. aureus,STAAUR|Ireland|OXA,139,pays_dans_perimetre
2004,Latvia,STAAUR,CIP,INPAT,53,2004|LV|STAAUR|CIP|INPAT,,82,0.353658536585366,0.103483766303817,0.250174770281549,0.457142302889183,Ciprofloxacin,J01M,S. aureus,STAAUR|Latvia|CIP,29,pays_dans_perimetre
2004,Latvia,STAAUR,RIF,INPAT,54,2004|LV|STAAUR|RIF|INPAT,,55,0.0181818181818182,0.0353109105760527,-0.0171290923942345,0.0534927287578709,Rifampicin,J04A,S. aureus,STAAUR|Latvia|RIF,1,pays_dans_perimetre
2004,Malta,ESCCOL,AMK,INPAT,81,2004|MT|ESCCOL|AMK|INPAT,,81,0.0,0.0,0.0,0.0,Amikacin,J01G,E. coli,ESCCOL|Malta|AMK,0,pays_dans_perimetre
2004,Malta,ESCCOL,AMP,INPAT,38,2004|MT|ESCCOL|AMP|INPAT,,75,0.493333333333333,0.113150593589383,0.380182739743951,0.606483926922716,Ampicillin,J01C,E. coli,ESCCOL|Malta|AMP,37,pays_dans_perimetre
2004,Malta,ESCCOL,CAZ,INPAT,77,2004|MT|ESCCOL|CAZ|INPAT,,79,0.0253164556962025,0.0346398334179087,-0.0093233777217062,0.0599562891141113,Ceftazidime,J01D,E. coli,ESCCOL|Malta|CAZ,2,pays_dans_perimetre
2004,Malta,ESCCOL,CIP,INPAT,51,2004|MT|ESCCOL|CIP|INPAT,,80,0.3625,0.105342877666219,0.257157122333781,0.467842877666219,Ciprofloxacin,J01M,E. coli,ESCCOL|Malta|CIP,29,pays_dans_perimetre
2004,Malta,ESCCOL,GEN,INPAT,62,2004|MT|ESCCOL|GEN|INPAT,,81,0.234567901234568,0.0922786406348198,0.142289260599748,0.326846541869388,Gentamicin,J01G,E. coli,ESCCOL|Malta|GEN,19,pays_dans_perimetre
2004,Norway,ENCFAE,AMP,INPAT,174,2004|NO|ENCFAE|AMP|INPAT,,174,0.0,0.0,0.0,0.0,Ampicillin,J01C,E. faecalis,ENCFAE|Norway|AMP,0,pays_dans_perimetre
2004,Norway,ENCFAE,VAN,INPAT,162,2004|NO|ENCFAE|VAN|INPAT,,163,0.0061349693251533,0.0119875980392233,-0.0058526287140699,0.0181225673643767,Vancomycin,J01X,E. faecalis,ENCFAE|Norway|VAN,1,pays_dans_perimetre
2004,Norway,ESCCOL,AMP,INPAT,197,2004|NO|ESCCOL|AMP|INPAT,,1079,0.817423540315107,0.0230510816988869,0.79437245861622,0.840474622013993,Ampicillin,J01C,E. coli,ESCCOL|Norway|AMP,882,pays_dans_perimetre
2004,Norway,ESCCOL,CAZ,INPAT,1048,2004|NO|ESCCOL|CAZ|INPAT,,1072,0.0223880597014925,0.0088562558711293,0.0135318038303632,0.0312443155726219,Ceftazidime,J01D,E. coli,ESCCOL|Norway|CAZ,24,pays_dans_perimetre
2004,Norway,ESCCOL,CIP,INPAT,1040,2004|NO|ESCCOL|CIP|INPAT,,1108,0.0613718411552347,0.0141324532264795,0.0472393879287552,0.0755042943817141,Ciprofloxacin,J01M,E. coli,ESCCOL|Norway|CIP,68,pays_dans_perimetre
2004,Norway,ESCCOL,CTX,INPAT,1208,2004|NO|ESCCOL|CTX|INPAT,,1223,0.0122649223221586,0.0061687260300892,0.0060961962920693,0.0184336483522479,Cefotaxime,J01D,E. coli,ESCCOL|Norway|CTX,15,pays_dans_perimetre
2004,Norway,ESCCOL,GEN,INPAT,923,2004|NO|ESCCOL|GEN|INPAT,,939,0.0170394036208733,0.0082778685336305,0.0087615350872427,0.0253172721545038,Gentamicin,J01G,E. coli,ESCCOL|Norway|GEN,16,pays_dans_perimetre
2004,Norway,ESCCOL,IPM,INPAT,509,2004|NO|ESCCOL|IPM|INPAT,,513,0.0077972709551656,0.0076114764940988,0.0001857944610668,0.0154087474492645,Imipenem,J01D,E. coli,ESCCOL|Norway|IPM,4,pays_dans_perimetre
2004,Norway,ESCCOL,MEM,INPAT,693,2004|NO|ESCCOL|MEM|INPAT,,694,0.0014409221902017,0.0028221720276713,-0.0013812498374695,0.004263094217873,Meropenem,J01D,E. coli,ESCCOL|Norway|MEM,1,pays_dans_perimetre
2004,Norway,ESCCOL,TOB,INPAT,444,2004|NO|ESCCOL|TOB|INPAT,,454,0.0220264317180617,0.0135009328475508,0.0085254988705109,0.0355273645656124,Tobramycin,J01G,E. coli,ESCCOL|Norway|TOB,10,pays_dans_perimetre
2004,Norway,STAAUR,CIP,INPAT,73,2004|NO|STAAUR|CIP|INPAT,,161,0.546583850931677,0.076898881578345,0.469684969353332,0.623482732510022,Ciprofloxacin,J01M,S. aureus,STAAUR|Norway|CIP,88,pays_dans_perimetre
2004,Norway,STAAUR,OXA,INPAT,359,2004|NO|STAAUR|OXA|INPAT,,361,0.0055401662049861,0.0076569796103424,-0.0021168134053563,0.0131971458153286,Oxacillin,J01C,S. aureus,STAAUR|Norway|OXA,2,pays_dans_perimetre
2004,Norway,STRPNE,CTX,INPAT,447,2004|NO|STRPNE|CTX|INPAT,,447,0.0,0.0,0.0,0.0,Cefotaxime,J01D,S. pneumoniae,STRPNE|Norway|CTX,0,pays_dans_perimetre
2004,Norway,STRPNE,ERY,INPAT,380,2004|NO|STRPNE|ERY|INPAT,,416,0.0865384615384615,0.0270183687137427,0.0595200928247188,0.113556830252204,Erythromycin,J01F,S. pneumoniae,STRPNE|Norway|ERY,36,pays_dans_perimetre
2004,Norway,STRPNE,PEN,INPAT,615,2004|NO|STRPNE|PEN|INPAT,,624,0.0144230769230769,0.0093548752286667,0.0050682016944101,0.0237779521517437,Penicillin,J01C,S. pneumoniae,STRPNE|Norway|PEN,9,pays_dans_perimetre
2004,Poland,ESCCOL,AMP,INPAT,99,2004|PL|ESCCOL|AMP|INPAT,,191,0.481675392670157,0.0708626731949652,0.410812719475192,0.552538065865122,Ampicillin,J01C,E. coli,ESCCOL|Poland|AMP,92,pays_dans_perimetre
2004,Poland,ESCCOL,CAZ,INPAT,178,2004|PL|ESCCOL|CAZ|INPAT,,188,0.0531914893617021,0.0320796261618887,0.0211118631998134,0.0852711155235908,Ceftazidime,J01D,E. coli,ESCCOL|Poland|CAZ,10,pays_dans_perimetre
2004,Poland,ESCCOL,CIP,INPAT,163,2004|PL|ESCCOL|CIP|INPAT,,179,0.0893854748603352,0.0417955763501521,0.0475898985101831,0.131181051210487,Ciprofloxacin,J01M,E. coli,ESCCOL|Poland|CIP,16,pays_dans_perimetre
2004,Poland,ESCCOL,CTX,INPAT,181,2004|PL|ESCCOL|CTX|INPAT,,191,0.0523560209424084,0.0315896859170564,0.020766335025352,0.0839457068594648,Cefotaxime,J01D,E. coli,ESCCOL|Poland|CTX,10,pays_dans_perimetre
2004,Poland,ESCCOL,GEN,INPAT,181,2004|PL|ESCCOL|GEN|INPAT,,191,0.0523560209424084,0.0315896859170564,0.020766335025352,0.0839457068594648,Gentamicin,J01G,E. coli,ESCCOL|Poland|GEN,10,pays_dans_perimetre
2004,Poland,STAAUR,CIP,INPAT,74,2004|PL|STAAUR|CIP|INPAT,,109,0.321100917431193,0.087652883281936,0.233448034149257,0.408753800713129,Ciprofloxacin,J01M,S. aureus,STAAUR|Poland|CIP,35,pays_dans_perimetre
2004,Sweden,ENCFAE,AMP,INPAT,501,2004|SE|ENCFAE|AMP|INPAT,,503,0.003976143141153,0.0054996867600444,-0.0015235436188913,0.0094758299011974,Ampicillin,J01C,E. faecalis,ENCFAE|Sweden|AMP,2,pays_dans_perimetre
2004,Sweden,ENCFAE,GEH,INPAT,381,2004|SE|ENCFAE|GEH|INPAT,,454,0.16079295154185,0.0337906238561307,0.12700232768572,0.194583575397981,Gentamicin High,J01G,E. faecalis,ENCFAE|Sweden|GEH,73,pays_dans_perimetre
2004,Sweden,ENCFAI,AMP,INPAT,49,2004|SE|ENCFAI|AMP|INPAT,,223,0.780269058295964,0.054346482588876,0.725922575707088,0.83461554088484,Ampicillin,J01C,E. faecium,ENCFAI|Sweden|AMP,174,pays_dans_perimetre
2004,Sweden,ENCFAI,VAN,INPAT,221,2004|SE|ENCFAI|VAN|INPAT,,223,0.0089686098654708,0.0123739942951473,-0.0034053844296764,0.0213426041606181,Vancomycin,J01X,E. faecium,ENCFAI|Sweden|VAN,2,pays_dans_perimetre
2004,Sweden,ESCCOL,GEN,INPAT,1516,2004|SE|ESCCOL|GEN|INPAT,,1544,0.0181347150259067,0.0066560065962146,0.0114787084296921,0.0247907216221214,Gentamicin,J01G,E. coli,ESCCOL|Sweden|GEN,28,pays_dans_perimetre
2004,Sweden,STAAUR,RIF,INPAT,1081,2004|SE|STAAUR|RIF|INPAT,,1085,0.0036866359447004,0.003606237347018,8.03985976824142e-05,0.0072928732917185,Rifampicin,J04A,S. aureus,STAAUR|Sweden|RIF,4,pays_dans_perimetre
2005,Bulgaria,ESCCOL,AMK,INPAT,166,2005|BG|ESCCOL|AMK|INPAT,,185,0.102702702702703,0.0437450908939077,0.058957611808795,0.14644779359661,Amikacin,J01G,E. coli,ESCCOL|Bulgaria|AMK,19,pays_dans_perimetre
2005,Bulgaria,ESCCOL,AMP,INPAT,47,2005|BG|ESCCOL|AMP|INPAT,,164,0.713414634146341,0.069204153240033,0.644210480906308,0.782618787386374,Ampicillin,J01C,E. coli,ESCCOL|Bulgaria|AMP,117,pays_dans_perimetre
2005,Bulgaria,ESCCOL,CAZ,INPAT,137,2005|BG|ESCCOL|CAZ|INPAT,,190,0.278947368421053,0.0637710970668605,0.215176271354192,0.342718465487913,Ceftazidime,J01D,E. coli,ESCCOL|Bulgaria|CAZ,53,pays_dans_perimetre
2005,Bulgaria,ESCCOL,CIP,INPAT,137,2005|BG|ESCCOL|CIP|INPAT,,193,0.290155440414508,0.0640286588172174,0.22612678159729,0.354184099231725,Ciprofloxacin,J01M,E. coli,ESCCOL|Bulgaria|CIP,56,pays_dans_perimetre
2005,Bulgaria,ESCCOL,CRO,INPAT,77,2005|BG|ESCCOL|CRO|INPAT,,111,0.306306306306306,0.0857544022989036,0.220551904007403,0.39206070860521,Ceftriaxone,J01D,E. coli,ESCCOL|Bulgaria|CRO,34,pays_dans_perimetre
2005,Bulgaria,ESCCOL,CTX,INPAT,115,2005|BG|ESCCOL|CTX|INPAT,,163,0.294478527607362,0.0699752088930737,0.224503318714288,0.364453736500436,Cefotaxime,J01D,E. coli,ESCCOL|Bulgaria|CTX,48,pays_dans_perimetre
2005,Bulgaria,ESCCOL,GEN,INPAT,143,2005|BG|ESCCOL|GEN|INPAT,,187,0.235294117647059,0.0607978215786531,0.174496296068406,0.296091939225712,Gentamicin,J01G,E. coli,ESCCOL|Bulgaria|GEN,44,pays_dans_perimetre
2005,Bulgaria,STAAUR,CIP,INPAT,97,2005|BG|STAAUR|CIP|INPAT,,132,0.265151515151515,0.0753034829717767,0.189848032179738,0.340454998123292,Ciprofloxacin,J01M,S. aureus,STAAUR|Bulgaria|CIP,35,pays_dans_perimetre
2005,Bulgaria,STAAUR,RIF,INPAT,111,2005|BG|STAAUR|RIF|INPAT,,117,0.0512820512820513,0.0399681819089689,0.0113138693730824,0.0912502331910201,Rifampicin,J04A,S. aureus,STAAUR|Bulgaria|RIF,6,pays_dans_perimetre
2005,Denmark,ESCCOL,AMP,INPAT,817,2005|DK|ESCCOL|AMP|INPAT,,1419,0.424242424242424,0.0257153092849603,0.398527114957464,0.449957733527385,Ampicillin,J01C,E. coli,ESCCOL|Denmark|AMP,602,pays_dans_perimetre
2005,Denmark,ESCCOL,CAZ,INPAT,887,2005|DK|ESCCOL|CAZ|INPAT,,901,0.0155382907880133,0.0080759702910663,0.0074623204969469,0.0236142610790797,Ceftazidime,J01D,E. coli,ESCCOL|Denmark|CAZ,14,pays_dans_perimetre
2005,Denmark,ESCCOL,CIP,INPAT,850,2005|DK|ESCCOL|CIP|INPAT,,889,0.0438695163104612,0.0134631038642632,0.030406412446198,0.0573326201747244,Ciprofloxacin,J01M,E. coli,ESCCOL|Denmark|CIP,39,pays_dans_perimetre
2005,Denmark,ESCCOL,CRO,INPAT,594,2005|DK|ESCCOL|CRO|INPAT,,606,0.0198019801980198,0.0110925394164367,0.0087094407815831,0.0308945196144565,Ceftriaxone,J01D,E. coli,ESCCOL|Denmark|CRO,12,pays_dans_perimetre
2005,Denmark,ESCCOL,CTX,INPAT,389,2005|DK|ESCCOL|CTX|INPAT,,391,0.0051150895140665,0.0070709983150771,-0.0019559088010106,0.0121860878291436,Cefotaxime,J01D,E. coli,ESCCOL|Denmark|CTX,2,pays_dans_perimetre
2005,Denmark,ESCCOL,GEN,INPAT,1409,2005|DK|ESCCOL|GEN|INPAT,,1439,0.0208478109798471,0.007382118364425,0.0134656926154221,0.0282299293442722,Gentamicin,J01G,E. coli,ESCCOL|Denmark|GEN,30,pays_dans_perimetre
2005,Denmark,ESCCOL,MEM,INPAT,221,2005|DK|ESCCOL|MEM|INPAT,,221,0.0,0.0,0.0,0.0,Meropenem,J01D,E. coli,ESCCOL|Denmark|MEM,0,pays_dans_perimetre
2005,Denmark,STAAUR,OXA,INPAT,914,2005|DK|STAAUR|OXA|INPAT,,927,0.0140237324703344,0.0075697449019922,0.0064539875683422,0.0215934773723266,Oxacillin,J01C,S. aureus,STAAUR|Denmark|OXA,13,pays_dans_perimetre
2005,Estonia,ESCCOL,CAZ,INPAT,60,2005|EE|ESCCOL|CAZ|INPAT,,62,0.032258064516129,0.0439803985011256,-0.0117223339849966,0.0762384630172547,Ceftazidime,J01D,E. coli,ESCCOL|Estonia|CAZ,2,pays_dans_perimetre
2005,Estonia,KLEPNE,CIP,INPAT,36,2005|EE|KLEPNE|CIP|INPAT,,37,0.027027027027027,0.0522522186678649,-0.0252251916408379,0.0792792456948919,Ciprofloxacin,J01M,K. pneumoniae,KLEPNE|Estonia|CIP,1,pays_dans_perimetre
2005,Estonia,KLEPNE,GEN,INPAT,34,2005|EE|KLEPNE|GEN|INPAT,,37,0.0810810810810811,0.0879535900794128,-0.0068725089983317,0.169034671160494,Gentamicin,J01G,K. pneumoniae,KLEPNE|Estonia|GEN,3,pays_dans_perimetre
2005,Estonia,STAAUR,CIP,INPAT,134,2005|EE|STAAUR|CIP|INPAT,,142,0.0563380281690141,0.0379245946371422,0.0184134335318719,0.0942626228061563,Ciprofloxacin,J01M,S. aureus,STAAUR|Estonia|CIP,8,pays_dans_perimetre
2005,Finland,ESCCOL,AMP,INPAT,134,2005|FI|ESCCOL|AMP|INPAT,,199,0.326633165829146,0.0651606689573177,0.261472496871828,0.391793834786464,Ampicillin,J01C,E. coli,ESCCOL|Finland|AMP,65,pays_dans_perimetre
2005,Finland,ESCCOL,CAZ,INPAT,329,2005|FI|ESCCOL|CAZ|INPAT,,335,0.017910447761194,0.0142024227248982,0.0037080250362958,0.0321128704860922,Ceftazidime,J01D,E. coli,ESCCOL|Finland|CAZ,6,pays_dans_perimetre
2005,Finland,ESCCOL,CIP,INPAT,321,2005|FI|ESCCOL|CIP|INPAT,,336,0.0446428571428571,0.0220823506070648,0.0225605065357924,0.0667252077499219,Ciprofloxacin,J01M,E. coli,ESCCOL|Finland|CIP,15,pays_dans_perimetre
2005,Finland,ESCCOL,CRO,INPAT,283,2005|FI|ESCCOL|CRO|INPAT,,285,0.0070175438596491,0.009691633823472,-0.0026740899638229,0.0167091776831212,Ceftriaxone,J01D,E. coli,ESCCOL|Finland|CRO,2,pays_dans_perimetre
2005,Finland,ESCCOL,TOB,INPAT,333,2005|FI|ESCCOL|TOB|INPAT,,345,0.0347826086956522,0.0193348215678239,0.0154477871278283,0.0541174302634761,Tobramycin,J01G,E. coli,ESCCOL|Finland|TOB,12,pays_dans_perimetre
2005,Finland,KLEPNE,CAZ,INPAT,51,2005|FI|KLEPNE|CAZ|INPAT,,52,0.0192307692307692,0.037328122265657,-0.0180973530348877,0.0565588914964262,Ceftazidime,J01D,K. pneumoniae,KLEPNE|Finland|CAZ,1,pays_dans_perimetre
2005,Finland,KLEPNE,CIP,INPAT,52,2005|FI|KLEPNE|CIP|INPAT,,53,0.0188679245283019,0.0366305921066246,-0.0177626675783227,0.0554985166349265,Ciprofloxacin,J01M,K. pneumoniae,KLEPNE|Finland|CIP,1,pays_dans_perimetre
2005,Finland,KLEPNE,TOB,INPAT,52,2005|FI|KLEPNE|TOB|INPAT,,52,0.0,0.0,0.0,0.0,Tobramycin,J01G,K. pneumoniae,KLEPNE|Finland|TOB,0,pays_dans_perimetre
2005,Ireland,ENCFAE,AMP,INPAT,78,2005|IE|ENCFAE|AMP|INPAT,,83,0.0602409638554217,0.0511883624387445,0.0090526014166772,0.111429326294166,Ampicillin,J01C,E. faecalis,ENCFAE|Ireland|AMP,5,pays_dans_perimetre
2005,Ireland,ENCFAE,VAN,INPAT,84,2005|IE|ENCFAE|VAN|INPAT,,84,0.0,0.0,0.0,0.0,Vancomycin,J01X,E. faecalis,ENCFAE|Ireland|VAN,0,pays_dans_perimetre
2005,Ireland,ENCFAI,AMP,INPAT,8,2005|IE|ENCFAI|AMP|INPAT,,53,0.849056603773585,0.0963814636772395,0.752675140096345,0.945438067450824,Ampicillin,J01C,E. faecium,ENCFAI|Ireland|AMP,45,pays_dans_perimetre
2005,Ireland,ENCFAI,VAN,INPAT,46,2005|IE|ENCFAI|VAN|INPAT,,57,0.192982456140351,0.102451671017341,0.0905307851230099,0.295434127157692,Vancomycin,J01X,E. faecium,ENCFAI|Ireland|VAN,11,pays_dans_perimetre
2005,Ireland,ESCCOL,AMK,INPAT,282,2005|IE|ESCCOL|AMK|INPAT,,283,0.0035335689045936,0.0069135478373145,-0.0033799789327208,0.0104471167419082,Amikacin,J01G,E. coli,ESCCOL|Ireland|AMK,1,pays_dans_perimetre
2005,Ireland,ESCCOL,AMP,INPAT,129,2005|IE|ESCCOL|AMP|INPAT,,392,0.670918367346939,0.0465157149218829,0.624402652425056,0.717434082268822,Ampicillin,J01C,E. coli,ESCCOL|Ireland|AMP,263,pays_dans_perimetre
2005,Ireland,ESCCOL,CAZ,INPAT,307,2005|IE|ESCCOL|CAZ|INPAT,,324,0.0524691358024691,0.0242790787897584,0.0281900570127107,0.0767482145922275,Ceftazidime,J01D,E. coli,ESCCOL|Ireland|CAZ,17,pays_dans_perimetre
2005,Ireland,ESCCOL,CIP,INPAT,305,2005|IE|ESCCOL|CIP|INPAT,,361,0.155124653739612,0.0373455793967644,0.117779074342848,0.192470233136377,Ciprofloxacin,J01M,E. coli,ESCCOL|Ireland|CIP,56,pays_dans_perimetre
2005,Ireland,ESCCOL,CRO,INPAT,76,2005|IE|ESCCOL|CRO|INPAT,,76,0.0,0.0,0.0,0.0,Ceftriaxone,J01D,E. coli,ESCCOL|Ireland|CRO,0,pays_dans_perimetre
2005,Ireland,ESCCOL,CTX,INPAT,299,2005|IE|ESCCOL|CTX|INPAT,,317,0.056782334384858,0.0254764566497488,0.0313058777351093,0.0822587910346068,Cefotaxime,J01D,E. coli,ESCCOL|Ireland|CTX,18,pays_dans_perimetre
2005,Ireland,ESCCOL,GEN,INPAT,374,2005|IE|ESCCOL|GEN|INPAT,,400,0.065,0.0241595343498173,0.0408404656501827,0.0891595343498173,Gentamicin,J01G,E. coli,ESCCOL|Ireland|GEN,26,pays_dans_perimetre
2005,Ireland,STAAUR,OXA,INPAT,140,2005|IE|STAAUR|OXA|INPAT,,300,0.533333333333333,0.0564544523061307,0.476878881027203,0.589787785639464,Oxacillin,J01C,S. aureus,STAAUR|Ireland|OXA,160,pays_dans_perimetre
2005,Latvia,STAAUR,CIP,INPAT,101,2005|LV|STAAUR|CIP|INPAT,,124,0.185483870967742,0.0684144986136458,0.117069372354096,0.253898369581388,Ciprofloxacin,J01M,S. aureus,STAAUR|Latvia|CIP,23,pays_dans_perimetre
2005,Latvia,STAAUR,FOX,INPAT,47,2005|LV|STAAUR|FOX|INPAT,,58,0.189655172413793,0.100892608972342,0.0887625634414516,0.290547781386135,Cefoxitin,J01D,S. aureus,STAAUR|Latvia|FOX,11,pays_dans_perimetre
2005,Latvia,STAAUR,RIF,INPAT,92,2005|LV|STAAUR|RIF|INPAT,,94,0.0212765957446809,0.0291724700376969,-0.007895874293016,0.0504490657823778,Rifampicin,J04A,S. aureus,STAAUR|Latvia|RIF,2,pays_dans_perimetre
2005,Malta,ESCCOL,AMK,INPAT,75,2005|MT|ESCCOL|AMK|INPAT,,75,0.0,0.0,0.0,0.0,Amikacin,J01G,E. coli,ESCCOL|Malta|AMK,0,pays_dans_perimetre
2005,Malta,ESCCOL,AMP,INPAT,40,2005|MT|ESCCOL|AMP|INPAT,,75,0.466666666666667,0.112908904612261,0.353757762054405,0.579575571278928,Ampicillin,J01C,E. coli,ESCCOL|Malta|AMP,35,pays_dans_perimetre
2005,Malta,ESCCOL,CAZ,INPAT,73,2005|MT|ESCCOL|CAZ|INPAT,,74,0.0135135135135135,0.0263069150160887,-0.0127934015025752,0.0398204285296022,Ceftazidime,J01D,E. coli,ESCCOL|Malta|CAZ,1,pays_dans_perimetre
2005,Malta,ESCCOL,CIP,INPAT,52,2005|MT|ESCCOL|CIP|INPAT,,75,0.306666666666667,0.104358965683445,0.202307700983221,0.411025632350112,Ciprofloxacin,J01M,E. coli,ESCCOL|Malta|CIP,23,pays_dans_perimetre
2005,Malta,ESCCOL,GEN,INPAT,68,2005|MT|ESCCOL|GEN|INPAT,,75,0.0933333333333333,0.0658366391293773,0.0274966942039561,0.159169972462711,Gentamicin,J01G,E. coli,ESCCOL|Malta|GEN,7,pays_dans_perimetre
2005,Norway,ENCFAE,AMP,INPAT,231,2005|NO|ENCFAE|AMP|INPAT,,237,0.0253164556962025,0.0199993171485134,0.0053171385476891,0.0453157728447159,Ampicillin,J01C,E. faecalis,ENCFAE|Norway|AMP,6,pays_dans_perimetre
2005,Norway,ENCFAE,VAN,INPAT,228,2005|NO|ENCFAE|VAN|INPAT,,229,0.0043668122270742,0.0085402438509687,-0.0041734316238944,0.012907056078043,Vancomycin,J01X,E. faecalis,ENCFAE|Norway|VAN,1,pays_dans_perimetre
2005,Norway,ESCCOL,AMP,INPAT,84,2005|NO|ESCCOL|AMP|INPAT,,1302,0.935483870967742,0.0133445177040262,0.922139353263716,0.948828388671768,Ampicillin,J01C,E. coli,ESCCOL|Norway|AMP,1218,pays_dans_perimetre
2005,Norway,ESCCOL,CAZ,INPAT,1203,2005|NO|ESCCOL|CAZ|INPAT,,1226,0.0187601957585644,0.007594813221382,0.0111653825371824,0.0263550089799465,Ceftazidime,J01D,E. coli,ESCCOL|Norway|CAZ,23,pays_dans_perimetre
2005,Norway,ESCCOL,CIP,INPAT,1137,2005|NO|ESCCOL|CIP|INPAT,,1210,0.0603305785123967,0.0134158958555775,0.0469146826568192,0.0737464743679742,Ciprofloxacin,J01M,E. coli,ESCCOL|Norway|CIP,73,pays_dans_perimetre
2005,Norway,ESCCOL,CTX,INPAT,1267,2005|NO|ESCCOL|CTX|INPAT,,1284,0.0132398753894081,0.0062520336075859,0.0069878417818221,0.0194919089969941,Cefotaxime,J01D,E. coli,ESCCOL|Norway|CTX,17,pays_dans_perimetre
2005,Norway,ESCCOL,GEN,INPAT,986,2005|NO|ESCCOL|GEN|INPAT,,1003,0.0169491525423729,0.0079885432348823,0.0089606093074905,0.0249376957772552,Gentamicin,J01G,E. coli,ESCCOL|Norway|GEN,17,pays_dans_perimetre
2005,Norway,ESCCOL,IPM,INPAT,535,2005|NO|ESCCOL|IPM|INPAT,,538,0.0055762081784386,0.0062924558377325,-0.0007162476592939,0.0118686640161713,Imipenem,J01D,E. coli,ESCCOL|Norway|IPM,3,pays_dans_perimetre
2005,Norway,ESCCOL,MEM,INPAT,737,2005|NO|ESCCOL|MEM|INPAT,,737,0.0,0.0,0.0,0.0,Meropenem,J01D,E. coli,ESCCOL|Norway|MEM,0,pays_dans_perimetre
2005,Norway,ESCCOL,TOB,INPAT,354,2005|NO|ESCCOL|TOB|INPAT,,372,0.0483870967741935,0.0218061776115882,0.0265809191626054,0.0701932743857817,Tobramycin,J01G,E. coli,ESCCOL|Norway|TOB,18,pays_dans_perimetre
2005,Norway,STAAUR,CIP,INPAT,74,2005|NO|STAAUR|CIP|INPAT,,129,0.426356589147287,0.0853431582478106,0.341013430899476,0.511699747395097,Ciprofloxacin,J01M,S. aureus,STAAUR|Norway|CIP,55,pays_dans_perimetre
2005,Norway,STAAUR,OXA,INPAT,423,2005|NO|STAAUR|OXA|INPAT,,424,0.0023584905660377,0.0046171870632754,-0.0022586964972376,0.0069756776293131,Oxacillin,J01C,S. aureus,STAAUR|Norway|OXA,1,pays_dans_perimetre
2005,Norway,STRPNE,CTX,INPAT,341,2005|NO|STRPNE|CTX|INPAT,,343,0.0058309037900874,0.0080576255020989,-0.0022267217120115,0.0138885292921864,Cefotaxime,J01D,S. pneumoniae,STRPNE|Norway|CTX,2,pays_dans_perimetre
2005,Norway,STRPNE,ERY,INPAT,325,2005|NO|STRPNE|ERY|INPAT,,379,0.142480211081794,0.0351913410360227,0.107288870045771,0.177671552117817,Erythromycin,J01F,S. pneumoniae,STRPNE|Norway|ERY,54,pays_dans_perimetre
2005,Norway,STRPNE,PEN,INPAT,581,2005|NO|STRPNE|PEN|INPAT,,595,0.0235294117647059,0.012179591061635,0.0113498207030709,0.0357090028263409,Penicillin,J01C,S. pneumoniae,STRPNE|Norway|PEN,14,pays_dans_perimetre
2005,Poland,ESCCOL,AMP,INPAT,77,2005|PL|ESCCOL|AMP|INPAT,,176,0.5625,0.0732908957356047,0.489209104264395,0.635790895735605,Ampicillin,J01C,E. coli,ESCCOL|Poland|AMP,99,pays_dans_perimetre
2005,Poland,ESCCOL,CAZ,INPAT,30,2005|PL|ESCCOL|CAZ|INPAT,,34,0.117647058823529,0.108299965634726,0.0093470931888035,0.225947024458255,Ceftazidime,J01D,E. coli,ESCCOL|Poland|CAZ,4,pays_dans_perimetre
2005,Poland,ESCCOL,CIP,INPAT,141,2005|PL|ESCCOL|CIP|INPAT,,176,0.198863636363636,0.0589699348729024,0.139893701490734,0.257833571236539,Ciprofloxacin,J01M,E. coli,ESCCOL|Poland|CIP,35,pays_dans_perimetre
2005,Poland,ESCCOL,CTX,INPAT,168,2005|PL|ESCCOL|CTX|INPAT,,176,0.0454545454545455,0.0307741951869819,0.0146803502675635,0.0762287406415274,Cefotaxime,J01D,E. coli,ESCCOL|Poland|CTX,8,pays_dans_perimetre
2005,Poland,ESCCOL,GEN,INPAT,162,2005|PL|ESCCOL|GEN|INPAT,,175,0.0742857142857143,0.0388533241821083,0.035432390103606,0.113139038467823,Gentamicin,J01G,E. coli,ESCCOL|Poland|GEN,13,pays_dans_perimetre
2005,Poland,STAAUR,CIP,INPAT,79,2005|PL|STAAUR|CIP|INPAT,,110,0.281818181818182,0.0840739469155721,0.19774423490261,0.365892128733754,Ciprofloxacin,J01M,S. aureus,STAAUR|Poland|CIP,31,pays_dans_perimetre
2005,Sweden,ENCFAE,AMP,INPAT,469,2005|SE|ENCFAE|AMP|INPAT,,469,0.0,0.0,0.0,0.0,Ampicillin,J01C,E. faecalis,ENCFAE|Sweden|AMP,0,pays_dans_perimetre
2005,Sweden,ENCFAE,GEH,INPAT,322,2005|SE|ENCFAE|GEH|INPAT,,407,0.208845208845209,0.0394913387249826,0.169353870120226,0.248336547570191,Gentamicin High,J01G,E. faecalis,ENCFAE|Sweden|GEH,85,pays_dans_perimetre
2005,Sweden,ENCFAI,AMP,INPAT,58,2005|SE|ENCFAI|AMP|INPAT,,224,0.741071428571429,0.0573656718996649,0.683705756671764,0.798437100471094,Ampicillin,J01C,E. faecium,ENCFAI|Sweden|AMP,166,pays_dans_perimetre
2005,Sweden,ENCFAI,VAN,INPAT,225,2005|SE|ENCFAI|VAN|INPAT,,227,0.0088105726872246,0.0121569195429424,-0.0033463468557177,0.020967492230167,Vancomycin,J01X,E. faecium,ENCFAI|Sweden|VAN,2,pays_dans_perimetre
2005,Sweden,ESCCOL,GEN,INPAT,1507,2005|SE|ESCCOL|GEN|INPAT,,1535,0.0182410423452769,0.0066946695258865,0.0115463728193903,0.0249357118711634,Gentamicin,J01G,E. coli,ESCCOL|Sweden|GEN,28,pays_dans_perimetre
2005,Sweden,KLEPNE,GEN,INPAT,168,2005|SE|KLEPNE|GEN|INPAT,,170,0.0117647058823529,0.0162088546561814,-0.0044441487738285,0.0279735605385344,Gentamicin,J01G,K. pneumoniae,KLEPNE|Sweden|GEN,2,pays_dans_perimetre
2005,Sweden,KLEPNE,TOB,INPAT,56,2005|SE|KLEPNE|TOB|INPAT,,57,0.0175438596491228,0.0340829989633463,-0.0165391393142235,0.0516268586124691,Tobramycin,J01G,K. pneumoniae,KLEPNE|Sweden|TOB,1,pays_dans_perimetre
2005,Sweden,PSEAER,CAZ,INPAT,117,2005|SE|PSEAER|CAZ|INPAT,,122,0.040983606557377,0.0351798722768213,0.0058037342805557,0.0761634788341983,Ceftazidime,J01D,P. aeruginosa,PSEAER|Sweden|CAZ,5,pays_dans_perimetre
2005,Sweden,PSEAER,CIP,INPAT,100,2005|SE|PSEAER|CIP|INPAT,,112,0.107142857142857,0.057282196186948,0.0498606609559091,0.164425053329805,Ciprofloxacin,J01M,P. aeruginosa,PSEAER|Sweden|CIP,12,pays_dans_perimetre
2005,Sweden,PSEAER,IPM,INPAT,34,2005|SE|PSEAER|IPM|INPAT,,45,0.244444444444444,0.125566301299146,0.118878143145299,0.37001074574359,Imipenem,J01D,P. aeruginosa,PSEAER|Sweden|IPM,11,pays_dans_perimetre
2005,Sweden,PSEAER,TOB,INPAT,30,2005|SE|PSEAER|TOB|INPAT,,30,0.0,0.0,0.0,0.0,Tobramycin,J01G,P. aeruginosa,PSEAER|Sweden|TOB,0,pays_dans_perimetre
2005,Sweden,STAAUR,RIF,INPAT,946,2005|SE|STAAUR|RIF|INPAT,,947,0.0010559662090813,0.0020686007178246,-0.0010126345087433,0.0031245669269059,Rifampicin,J04A,S. aureus,STAAUR|Sweden|RIF,1,pays_dans_perimetre
2006,Bulgaria,ESCCOL,AMK,INPAT,149,2006|BG|ESCCOL|AMK|INPAT,,170,0.123529411764706,0.0494635714570057,0.0740658403077002,0.172992983221712,Amikacin,J01G,E. coli,ESCCOL|Bulgaria|AMK,21,pays_dans_perimetre
2006,Bulgaria,ESCCOL,AMP,INPAT,46,2006|BG|ESCCOL|AMP|INPAT,,147,0.687074829931973,0.0749582902412277,0.612116539690745,0.7620331201732,Ampicillin,J01C,E. coli,ESCCOL|Bulgaria|AMP,101,pays_dans_perimetre
2006,Bulgaria,ESCCOL,CAZ,INPAT,127,2006|BG|ESCCOL|CAZ|INPAT,,181,0.298342541436464,0.0666556471746414,0.231686894261823,0.364998188611106,Ceftazidime,J01D,E. coli,ESCCOL|Bulgaria|CAZ,54,pays_dans_perimetre
2006,Bulgaria,ESCCOL,CIP,INPAT,138,2006|BG|ESCCOL|CIP|INPAT,,190,0.273684210526316,0.0633967339957179,0.210287476530598,0.337080944522034,Ciprofloxacin,J01M,E. coli,ESCCOL|Bulgaria|CIP,52,pays_dans_perimetre
2006,Bulgaria,ESCCOL,CRO,INPAT,73,2006|BG|ESCCOL|CRO|INPAT,,104,0.298076923076923,0.0879120362359844,0.210164886840939,0.385988959312907,Ceftriaxone,J01D,E. coli,ESCCOL|Bulgaria|CRO,31,pays_dans_perimetre
2006,Bulgaria,ESCCOL,CTX,INPAT,104,2006|BG|ESCCOL|CTX|INPAT,,152,0.315789473684211,0.0738971990971738,0.241892274587037,0.389686672781384,Cefotaxime,J01D,E. coli,ESCCOL|Bulgaria|CTX,48,pays_dans_perimetre
2006,Bulgaria,ESCCOL,GEN,INPAT,139,2006|BG|ESCCOL|GEN|INPAT,,187,0.25668449197861,0.0626068250776118,0.194077666900998,0.319291317056221,Gentamicin,J01G,E. coli,ESCCOL|Bulgaria|GEN,48,pays_dans_perimetre
2006,Bulgaria,STAAUR,CIP,INPAT,110,2006|BG|STAAUR|CIP|INPAT,,139,0.20863309352518,0.0675506002527615,0.141082493272418,0.276183693777941,Ciprofloxacin,J01M,S. aureus,STAAUR|Bulgaria|CIP,29,pays_dans_perimetre
2006,Bulgaria,STAAUR,RIF,INPAT,79,2006|BG|STAAUR|RIF|INPAT,,92,0.141304347826087,0.0711802570693999,0.0701240907566871,0.212484604895487,Rifampicin,J04A,S. aureus,STAAUR|Bulgaria|RIF,13,pays_dans_perimetre
2006,Denmark,ENCFAE,AMP,INPAT,441,2006|DK|ENCFAE|AMP|INPAT,,443,0.0045146726862302,0.0062428769459432,-0.001728204259713,0.0107575496321735,Ampicillin,J01C,E. faecalis,ENCFAE|Denmark|AMP,2,pays_dans_perimetre
2006,Denmark,ENCFAE,VAN,INPAT,145,2006|DK|ENCFAE|VAN|INPAT,,146,0.0068493150684931,0.0133786036848485,-0.0065292886163553,0.0202279187533417,Vancomycin,J01X,E. faecalis,ENCFAE|Denmark|VAN,1,pays_dans_perimetre
2006,Denmark,ENCFAI,AMP,INPAT,41,2006|DK|ENCFAI|AMP|INPAT,,305,0.865573770491803,0.0382824923255666,0.827291278166237,0.90385626281737,Ampicillin,J01C,E. faecium,ENCFAI|Denmark|AMP,264,pays_dans_perimetre
2006,Denmark,ENCFAI,VAN,INPAT,99,2006|DK|ENCFAI|VAN|INPAT,,99,0.0,0.0,0.0,0.0,Vancomycin,J01X,E. faecium,ENCFAI|Denmark|VAN,0,pays_dans_perimetre
2006,Denmark,ESCCOL,AMP,INPAT,1545,2006|DK|ESCCOL|AMP|INPAT,,2941,0.474668480108807,0.0180476427506853,0.456620837358121,0.492716122859492,Ampicillin,J01C,E. coli,ESCCOL|Denmark|AMP,1396,pays_dans_perimetre
2006,Denmark,ESCCOL,CAZ,INPAT,882,2006|DK|ESCCOL|CAZ|INPAT,,903,0.0232558139534884,0.0098303365338948,0.0134254774195935,0.0330861504873832,Ceftazidime,J01D,E. coli,ESCCOL|Denmark|CAZ,21,pays_dans_perimetre
2006,Denmark,ESCCOL,CIP,INPAT,2357,2006|DK|ESCCOL|CIP|INPAT,,2587,0.0889060688055663,0.0109674367266674,0.0779386320788989,0.0998735055322337,Ciprofloxacin,J01M,E. coli,ESCCOL|Denmark|CIP,230,pays_dans_perimetre
2006,Denmark,ESCCOL,CRO,INPAT,844,2006|DK|ESCCOL|CRO|INPAT,,871,0.0309988518943743,0.0115101754656724,0.0194886764287019,0.0425090273600467,Ceftriaxone,J01D,E. coli,ESCCOL|Denmark|CRO,27,pays_dans_perimetre
2006,Denmark,ESCCOL,CTX,INPAT,1016,2006|DK|ESCCOL|CTX|INPAT,,1038,0.0211946050096339,0.008762302364247,0.0124323026453869,0.029956907373881,Cefotaxime,J01D,E. coli,ESCCOL|Denmark|CTX,22,pays_dans_perimetre
2006,Denmark,ESCCOL,GEN,INPAT,2857,2006|DK|ESCCOL|GEN|INPAT,,2949,0.031197015937606,0.0062746997084242,0.0249223162291817,0.0374717156460302,Gentamicin,J01G,E. coli,ESCCOL|Denmark|GEN,92,pays_dans_perimetre
2006,Denmark,ESCCOL,MEM,INPAT,165,2006|DK|ESCCOL|MEM|INPAT,,166,0.0060240963855421,0.0117716112510555,-0.0057475148655132,0.0177957076365976,Meropenem,J01D,E. coli,ESCCOL|Denmark|MEM,1,pays_dans_perimetre
2006,Denmark,KLEPNE,CAZ,INPAT,143,2006|DK|KLEPNE|CAZ|INPAT,,148,0.0337837837837838,0.0291082783448505,0.0046755054389333,0.0628920621286343,Ceftazidime,J01D,K. pneumoniae,KLEPNE|Denmark|CAZ,5,pays_dans_perimetre
2006,Denmark,KLEPNE,CIP,INPAT,518,2006|DK|KLEPNE|CIP|INPAT,,566,0.0848056537102474,0.0229518091049798,0.0618538446052676,0.107757462815227,Ciprofloxacin,J01M,K. pneumoniae,KLEPNE|Denmark|CIP,48,pays_dans_perimetre
2006,Denmark,KLEPNE,CRO,INPAT,181,2006|DK|KLEPNE|CRO|INPAT,,192,0.0572916666666667,0.0328730392526726,0.024418627413994,0.0901647059193393,Ceftriaxone,J01D,K. pneumoniae,KLEPNE|Denmark|CRO,11,pays_dans_perimetre
2006,Denmark,KLEPNE,CTX,INPAT,252,2006|DK|KLEPNE|CTX|INPAT,,256,0.015625,0.0151924001065037,0.0004325998934962,0.0308174001065037,Cefotaxime,J01D,K. pneumoniae,KLEPNE|Denmark|CTX,4,pays_dans_perimetre
2006,Denmark,KLEPNE,GEN,INPAT,631,2006|DK|KLEPNE|GEN|INPAT,,646,0.0232198142414861,0.011613619780385,0.011606194461101,0.0348334340218711,Gentamicin,J01G,K. pneumoniae,KLEPNE|Denmark|GEN,15,pays_dans_perimetre
2006,Denmark,KLEPNE,MEM,INPAT,41,2006|DK|KLEPNE|MEM|INPAT,,41,0.0,0.0,0.0,0.0,Meropenem,J01D,K. pneumoniae,KLEPNE|Denmark|MEM,0,pays_dans_perimetre
2006,Estonia,ESCCOL,CAZ,INPAT,107,2006|EE|ESCCOL|CAZ|INPAT,,108,0.0092592592592592,0.0180639335492032,-0.0088046742899439,0.0273231928084625,Ceftazidime,J01D,E. coli,ESCCOL|Estonia|CAZ,1,pays_dans_perimetre
2006,Estonia,KLEPNE,CIP,INPAT,37,2006|EE|KLEPNE|CIP|INPAT,,41,0.0975609756097561,0.0908261998918141,0.006734775717942,0.18838717550157,Ciprofloxacin,J01M,K. pneumoniae,KLEPNE|Estonia|CIP,4,pays_dans_perimetre
2006,Estonia,KLEPNE,GEN,INPAT,42,2006|EE|KLEPNE|GEN|INPAT,,46,0.0869565217391304,0.0814280368858949,0.0055284848532355,0.168384558625025,Gentamicin,J01G,K. pneumoniae,KLEPNE|Estonia|GEN,4,pays_dans_perimetre
2006,Estonia,STAAUR,CIP,INPAT,130,2006|EE|STAAUR|CIP|INPAT,,136,0.0441176470588235,0.034513977380806,0.0096036696780175,0.0786316244396295,Ciprofloxacin,J01M,S. aureus,STAAUR|Estonia|CIP,6,pays_dans_perimetre
2006,Finland,ESCCOL,AMP,INPAT,105,2006|FI|ESCCOL|AMP|INPAT,,164,0.359756097560976,0.0734532395763451,0.286302857984631,0.433209337137321,Ampicillin,J01C,E. coli,ESCCOL|Finland|AMP,59,pays_dans_perimetre
2006,Finland,ESCCOL,CAZ,INPAT,305,2006|FI|ESCCOL|CAZ|INPAT,,312,0.0224358974358974,0.0164332370500772,0.0060026603858201,0.0388691344859747,Ceftazidime,J01D,E. coli,ESCCOL|Finland|CAZ,7,pays_dans_perimetre
2006,Finland,ESCCOL,CIP,INPAT,303,2006|FI|ESCCOL|CIP|INPAT,,332,0.0873493975903614,0.0303717110192895,0.0569776865710719,0.117721108609651,Ciprofloxacin,J01M,E. coli,ESCCOL|Finland|CIP,29,pays_dans_perimetre
2006,Finland,ESCCOL,CRO,INPAT,252,2006|FI|ESCCOL|CRO|INPAT,,253,0.0039525691699604,0.0077317100673658,-0.0037791408974053,0.0116842792373263,Ceftriaxone,J01D,E. coli,ESCCOL|Finland|CRO,1,pays_dans_perimetre
2006,Finland,ESCCOL,TOB,INPAT,311,2006|FI|ESCCOL|TOB|INPAT,,316,0.0158227848101266,0.013759119548414,0.0020636652617126,0.0295819043585406,Tobramycin,J01G,E. coli,ESCCOL|Finland|TOB,5,pays_dans_perimetre
2006,Finland,KLEPNE,CAZ,INPAT,61,2006|FI|KLEPNE|CAZ|INPAT,,62,0.0161290322580645,0.0313569240880153,-0.0152278918299508,0.0474859563460798,Ceftazidime,J01D,K. pneumoniae,KLEPNE|Finland|CAZ,1,pays_dans_perimetre
2006,Finland,KLEPNE,CIP,INPAT,64,2006|FI|KLEPNE|CIP|INPAT,,66,0.0303030303030303,0.041356630990687,-0.0110536006876567,0.0716596612937173,Ciprofloxacin,J01M,K. pneumoniae,KLEPNE|Finland|CIP,2,pays_dans_perimetre
2006,Finland,KLEPNE,TOB,INPAT,60,2006|FI|KLEPNE|TOB|INPAT,,62,0.032258064516129,0.0439803985011256,-0.0117223339849966,0.0762384630172547,Tobramycin,J01G,K. pneumoniae,KLEPNE|Finland|TOB,2,pays_dans_perimetre
2006,Ireland,ENCFAE,AMP,INPAT,95,2006|IE|ENCFAE|AMP|INPAT,,102,0.0686274509803922,0.0490644162755789,0.0195630347048133,0.117691867255971,Ampicillin,J01C,E. faecalis,ENCFAE|Ireland|AMP,7,pays_dans_perimetre
2006,Ireland,ENCFAE,VAN,INPAT,105,2006|IE|ENCFAE|VAN|INPAT,,108,0.0277777777777778,0.0309938634279025,-0.0032160856501247,0.0587716412056803,Vancomycin,J01X,E. faecalis,ENCFAE|Ireland|VAN,3,pays_dans_perimetre
2006,Ireland,ENCFAI,AMP,INPAT,7,2006|IE|ENCFAI|AMP|INPAT,,79,0.911392405063291,0.0626658164987005,0.848726588564591,0.974058221561992,Ampicillin,J01C,E. faecium,ENCFAI|Ireland|AMP,72,pays_dans_perimetre
2006,Ireland,ENCFAI,VAN,INPAT,53,2006|IE|ENCFAI|VAN|INPAT,,81,0.345679012345679,0.103572746658837,0.242106265686842,0.449251759004516,Vancomycin,J01X,E. faecium,ENCFAI|Ireland|VAN,28,pays_dans_perimetre
2006,Ireland,ESCCOL,AMK,INPAT,339,2006|IE|ESCCOL|AMK|INPAT,,344,0.0145348837209302,0.0126474583757268,0.0018874253452034,0.027182342096657,Amikacin,J01G,E. coli,ESCCOL|Ireland|AMK,5,pays_dans_perimetre
2006,Ireland,ESCCOL,AMP,INPAT,155,2006|IE|ESCCOL|AMP|INPAT,,461,0.663774403470716,0.0431252122537459,0.62064919121697,0.706899615724462,Ampicillin,J01C,E. coli,ESCCOL|Ireland|AMP,306,pays_dans_perimetre
2006,Ireland,ESCCOL,CAZ,INPAT,363,2006|IE|ESCCOL|CAZ|INPAT,,378,0.0396825396825397,0.0196796474330968,0.0200028922494429,0.0593621871156364,Ceftazidime,J01D,E. coli,ESCCOL|Ireland|CAZ,15,pays_dans_perimetre
2006,Ireland,ESCCOL,CIP,INPAT,355,2006|IE|ESCCOL|CIP|INPAT,,443,0.198645598194131,0.0371540357482755,0.161491562445855,0.235799633942406,Ciprofloxacin,J01M,E. coli,ESCCOL|Ireland|CIP,88,pays_dans_perimetre
2006,Ireland,ESCCOL,CRO,INPAT,71,2006|IE|ESCCOL|CRO|INPAT,,71,0.0,0.0,0.0,0.0,Ceftriaxone,J01D,E. coli,ESCCOL|Ireland|CRO,0,pays_dans_perimetre
2006,Ireland,ESCCOL,CTX,INPAT,367,2006|IE|ESCCOL|CTX|INPAT,,385,0.0467532467532468,0.0210879450752823,0.0256653016779645,0.067841191828529,Cefotaxime,J01D,E. coli,ESCCOL|Ireland|CTX,18,pays_dans_perimetre
2006,Ireland,ESCCOL,GEN,INPAT,430,2006|IE|ESCCOL|GEN|INPAT,,469,0.0831556503198294,0.0249898321206655,0.0581658181991639,0.108145482440495,Gentamicin,J01G,E. coli,ESCCOL|Ireland|GEN,39,pays_dans_perimetre
2006,Ireland,STAAUR,OXA,INPAT,180,2006|IE|STAAUR|OXA|INPAT,,371,0.514824797843666,0.0508566961292049,0.463968101714461,0.565681493972871,Oxacillin,J01C,S. aureus,STAAUR|Ireland|OXA,191,pays_dans_perimetre
2006,Lithuania,ESCCOL,AMP,INPAT,70,2006|LT|ESCCOL|AMP|INPAT,,165,0.575757575757576,0.0754120900913243,0.500345485666251,0.6511696658489,Ampicillin,J01C,E. coli,ESCCOL|Lithuania|AMP,95,pays_dans_perimetre
2006,Lithuania,ESCCOL,CAZ,INPAT,121,2006|LT|ESCCOL|CAZ|INPAT,,129,0.062015503875969,0.0416206812565046,0.0203948226194644,0.103636185132474,Ceftazidime,J01D,E. coli,ESCCOL|Lithuania|CAZ,8,pays_dans_perimetre
2006,Lithuania,ESCCOL,CIP,INPAT,148,2006|LT|ESCCOL|CIP|INPAT,,169,0.124260355029586,0.049735503568397,0.0745248514611888,0.173995858597983,Ciprofloxacin,J01M,E. coli,ESCCOL|Lithuania|CIP,21,pays_dans_perimetre
2006,Lithuania,ESCCOL,CRO,INPAT,68,2006|LT|ESCCOL|CRO|INPAT,,72,0.0555555555555556,0.0529104894161888,0.0026450661393667,0.108466044971744,Ceftriaxone,J01D,E. coli,ESCCOL|Lithuania|CRO,4,pays_dans_perimetre
2006,Lithuania,ESCCOL,CTX,INPAT,99,2006|LT|ESCCOL|CTX|INPAT,,105,0.0571428571428571,0.0443981981616371,0.01274465898122,0.101541055304494,Cefotaxime,J01D,E. coli,ESCCOL|Lithuania|CTX,6,pays_dans_perimetre
2006,Lithuania,ESCCOL,GEN,INPAT,142,2006|LT|ESCCOL|GEN|INPAT,,169,0.159763313609467,0.0552397963361109,0.104523517273357,0.215003109945578,Gentamicin,J01G,E. coli,ESCCOL|Lithuania|GEN,27,pays_dans_perimetre
2006,Lithuania,KLEPNE,CAZ,INPAT,22,2006|LT|KLEPNE|CAZ|INPAT,,30,0.266666666666667,0.158245191840829,0.108421474825838,0.424911858507496,Ceftazidime,J01D,K. pneumoniae,KLEPNE|Lithuania|CAZ,8,pays_dans_perimetre
2006,Lithuania,KLEPNE,CIP,INPAT,34,2006|LT|KLEPNE|CIP|INPAT,,35,0.0285714285714286,0.0551942025941131,-0.0266227740226845,0.0837656311655417,Ciprofloxacin,J01M,K. pneumoniae,KLEPNE|Lithuania|CIP,1,pays_dans_perimetre
2006,Lithuania,KLEPNE,GEN,INPAT,25,2006|LT|KLEPNE|GEN|INPAT,,35,0.285714285714286,0.149666295470958,0.136047990243328,0.435380581185243,Gentamicin,J01G,K. pneumoniae,KLEPNE|Lithuania|GEN,10,pays_dans_perimetre
2006,Lithuania,STAAUR,FOX,INPAT,78,2006|LT|STAAUR|FOX|INPAT,,86,0.0930232558139535,0.061390431977756,0.0316328238361975,0.154413687791709,Cefoxitin,J01D,S. aureus,STAAUR|Lithuania|FOX,8,pays_dans_perimetre
2006,Lithuania,STAAUR,RIF,INPAT,92,2006|LT|STAAUR|RIF|INPAT,,92,0.0,0.0,0.0,0.0,Rifampicin,J04A,S. aureus,STAAUR|Lithuania|RIF,0,pays_dans_perimetre
2006,Lithuania,STRPNE,ERY,INPAT,31,2006|LT|STRPNE|ERY|INPAT,,31,0.0,0.0,0.0,0.0,Erythromycin,J01F,S. pneumoniae,STRPNE|Lithuania|ERY,0,pays_dans_perimetre
2006,Lithuania,STRPNE,OXA,INPAT,30,2006|LT|STRPNE|OXA|INPAT,,32,0.0625,0.0838700166179786,-0.0213700166179786,0.146370016617979,Oxacillin,J01C,S. pneumoniae,STRPNE|Lithuania|OXA,2,pays_dans_perimetre
2006,Latvia,ESCCOL,AMK,INPAT,48,2006|LV|ESCCOL|AMK|INPAT,,48,0.0,0.0,0.0,0.0,Amikacin,J01G,E. coli,ESCCOL|Latvia|AMK,0,pays_dans_perimetre
2006,Latvia,ESCCOL,AMP,INPAT,32,2006|LV|ESCCOL|AMP|INPAT,,59,0.457627118644068,0.127126158927542,0.330500959716526,0.58475327757161,Ampicillin,J01C,E. coli,ESCCOL|Latvia|AMP,27,pays_dans_perimetre
2006,Latvia,ESCCOL,CAZ,INPAT,59,2006|LV|ESCCOL|CAZ|INPAT,,62,0.0483870967741935,0.0534140083888934,-0.0050269116146998,0.101801105163087,Ceftazidime,J01D,E. coli,ESCCOL|Latvia|CAZ,3,pays_dans_perimetre
2006,Latvia,ESCCOL,CIP,INPAT,54,2006|LV|ESCCOL|CIP|INPAT,,60,0.1,0.0759104735856654,0.0240895264143346,0.175910473585665,Ciprofloxacin,J01M,E. coli,ESCCOL|Latvia|CIP,6,pays_dans_perimetre
2006,Latvia,ESCCOL,CRO,INPAT,50,2006|LV|ESCCOL|CRO|INPAT,,55,0.0909090909090909,0.0759769825558175,0.0149321083532734,0.166886073464908,Ceftriaxone,J01D,E. coli,ESCCOL|Latvia|CRO,5,pays_dans_perimetre
2006,Latvia,ESCCOL,CTX,INPAT,50,2006|LV|ESCCOL|CTX|INPAT,,54,0.0740740740740741,0.0698522547908436,0.0042218192832304,0.143926328864918,Cefotaxime,J01D,E. coli,ESCCOL|Latvia|CTX,4,pays_dans_perimetre
2006,Latvia,ESCCOL,GEN,INPAT,59,2006|LV|ESCCOL|GEN|INPAT,,62,0.0483870967741935,0.0534140083888934,-0.0050269116146998,0.101801105163087,Gentamicin,J01G,E. coli,ESCCOL|Latvia|GEN,3,pays_dans_perimetre
2006,Latvia,ESCCOL,TOB,INPAT,38,2006|LV|ESCCOL|TOB|INPAT,,38,0.0,0.0,0.0,0.0,Tobramycin,J01G,E. coli,ESCCOL|Latvia|TOB,0,pays_dans_perimetre
2006,Latvia,STAAUR,CIP,INPAT,140,2006|LV|STAAUR|CIP|INPAT,,169,0.171597633136095,0.0568445759695312,0.114753057166563,0.228442209105626,Ciprofloxacin,J01M,S. aureus,STAAUR|Latvia|CIP,29,pays_dans_perimetre
2006,Latvia,STAAUR,FOX,INPAT,98,2006|LV|STAAUR|FOX|INPAT,,111,0.117117117117117,0.0598213648160663,0.0572957523010508,0.176938481933183,Cefoxitin,J01D,S. aureus,STAAUR|Latvia|FOX,13,pays_dans_perimetre
2006,Latvia,STAAUR,RIF,INPAT,135,2006|LV|STAAUR|RIF|INPAT,,136,0.0073529411764705,0.0143586825192346,-0.007005741342764,0.0217116236957052,Rifampicin,J04A,S. aureus,STAAUR|Latvia|RIF,1,pays_dans_perimetre
2006,Malta,ESCCOL,AMK,INPAT,82,2006|MT|ESCCOL|AMK|INPAT,,82,0.0,0.0,0.0,0.0,Amikacin,J01G,E. coli,ESCCOL|Malta|AMK,0,pays_dans_perimetre
2006,Malta,ESCCOL,AMP,INPAT,34,2006|MT|ESCCOL|AMP|INPAT,,82,0.585365853658537,0.106633918837551,0.478731934820986,0.691999772496088,Ampicillin,J01C,E. coli,ESCCOL|Malta|AMP,48,pays_dans_perimetre
2006,Malta,ESCCOL,CAZ,INPAT,76,2006|MT|ESCCOL|CAZ|INPAT,,82,0.0731707317073171,0.0563660646090012,0.0168046670983158,0.129536796316318,Ceftazidime,J01D,E. coli,ESCCOL|Malta|CAZ,6,pays_dans_perimetre
2006,Malta,ESCCOL,CIP,INPAT,54,2006|MT|ESCCOL|CIP|INPAT,,82,0.341463414634146,0.102638710787142,0.238824703847005,0.444102125421288,Ciprofloxacin,J01M,E. coli,ESCCOL|Malta|CIP,28,pays_dans_perimetre
2006,Malta,ESCCOL,GEN,INPAT,64,2006|MT|ESCCOL|GEN|INPAT,,82,0.219512195121951,0.0895904116980491,0.129921783423902,0.30910260682,Gentamicin,J01G,E. coli,ESCCOL|Malta|GEN,18,pays_dans_perimetre
2006,Norway,ENCFAE,AMP,INPAT,260,2006|NO|ENCFAE|AMP|INPAT,,267,0.0262172284644195,0.0191657082715135,0.0070515201929059,0.045382936735933,Ampicillin,J01C,E. faecalis,ENCFAE|Norway|AMP,7,pays_dans_perimetre
2006,Norway,ENCFAE,VAN,INPAT,244,2006|NO|ENCFAE|VAN|INPAT,,244,0.0,0.0,0.0,0.0,Vancomycin,J01X,E. faecalis,ENCFAE|Norway|VAN,0,pays_dans_perimetre
2006,Norway,ESCCOL,AMP,INPAT,15,2006|NO|ESCCOL|AMP|INPAT,,1493,0.989953114534494,0.0050588197607093,0.984894294773785,0.995011934295204,Ampicillin,J01C,E. coli,ESCCOL|Norway|AMP,1478,pays_dans_perimetre
2006,Norway,ESCCOL,CAZ,INPAT,1438,2006|NO|ESCCOL|CAZ|INPAT,,1471,0.0224337185588035,0.0075678667245051,0.0148658518342984,0.0300015852833087,Ceftazidime,J01D,E. coli,ESCCOL|Norway|CAZ,33,pays_dans_perimetre
2006,Norway,ESCCOL,CIP,INPAT,1311,2006|NO|ESCCOL|CIP|INPAT,,1398,0.0622317596566524,0.0126635738213287,0.0495681858353237,0.074895333477981,Ciprofloxacin,J01M,E. coli,ESCCOL|Norway|CIP,87,pays_dans_perimetre
2006,Norway,ESCCOL,CTX,INPAT,1444,2006|NO|ESCCOL|CTX|INPAT,,1471,0.0183548606390211,0.0068596592195329,0.0114952014194881,0.025214519858554,Cefotaxime,J01D,E. coli,ESCCOL|Norway|CTX,27,pays_dans_perimetre
2006,Norway,ESCCOL,GEN,INPAT,1332,2006|NO|ESCCOL|GEN|INPAT,,1366,0.0248901903367496,0.0082617413283654,0.0166284490083842,0.0331519316651151,Gentamicin,J01G,E. coli,ESCCOL|Norway|GEN,34,pays_dans_perimetre
2006,Norway,ESCCOL,IPM,INPAT,560,2006|NO|ESCCOL|IPM|INPAT,,562,0.0035587188612099,0.0049233488499981,-0.0013646299887881,0.008482067711208,Imipenem,J01D,E. coli,ESCCOL|Norway|IPM,2,pays_dans_perimetre
2006,Norway,ESCCOL,MEM,INPAT,752,2006|NO|ESCCOL|MEM|INPAT,,753,0.0013280212483399,0.0026011927049104,-0.0012731714565704,0.0039292139532504,Meropenem,J01D,E. coli,ESCCOL|Norway|MEM,1,pays_dans_perimetre
2006,Norway,ESCCOL,TOB,INPAT,161,2006|NO|ESCCOL|TOB|INPAT,,167,0.0359281437125748,0.0282273382747605,0.0077008054378143,0.0641554819873354,Tobramycin,J01G,E. coli,ESCCOL|Norway|TOB,6,pays_dans_perimetre
2006,Norway,STAAUR,CIP,INPAT,78,2006|NO|STAAUR|CIP|INPAT,,89,0.123595505617978,0.0683777341403666,0.0552177714776109,0.191973239758344,Ciprofloxacin,J01M,S. aureus,STAAUR|Norway|CIP,11,pays_dans_perimetre
2006,Norway,STAAUR,OXA,INPAT,574,2006|NO|STAAUR|OXA|INPAT,,575,0.0017391304347826,0.0034057302791444,-0.0016665998443618,0.005144860713927,Oxacillin,J01C,S. aureus,STAAUR|Norway|OXA,1,pays_dans_perimetre
2006,Norway,STRPNE,CTX,INPAT,311,2006|NO|STRPNE|CTX|INPAT,,312,0.0032051282051282,0.0062719758124038,-0.0030668476072756,0.009477104017532,Cefotaxime,J01D,S. pneumoniae,STRPNE|Norway|CTX,1,pays_dans_perimetre
2006,Norway,STRPNE,ERY,INPAT,397,2006|NO|STRPNE|ERY|INPAT,,450,0.117777777777778,0.0297831404052788,0.087994637372499,0.147560918183057,Erythromycin,J01F,S. pneumoniae,STRPNE|Norway|ERY,53,pays_dans_perimetre
2006,Norway,STRPNE,PEN,INPAT,559,2006|NO|STRPNE|PEN|INPAT,,570,0.0192982456140351,0.011293954515853,0.008004291098182,0.0305922001298881,Penicillin,J01C,S. pneumoniae,STRPNE|Norway|PEN,11,pays_dans_perimetre
2006,Poland,ESCCOL,AMP,INPAT,93,2006|PL|ESCCOL|AMP|INPAT,,206,0.548543689320388,0.0679572720159363,0.480586417304452,0.616500961336325,Ampicillin,J01C,E. coli,ESCCOL|Poland|AMP,113,pays_dans_perimetre
2006,Poland,ESCCOL,CAZ,INPAT,197,2006|PL|ESCCOL|CAZ|INPAT,,206,0.0436893203883495,0.0279131987957009,0.0157761215926486,0.0716025191840504,Ceftazidime,J01D,E. coli,ESCCOL|Poland|CAZ,9,pays_dans_perimetre
2006,Poland,ESCCOL,CIP,INPAT,164,2006|PL|ESCCOL|CIP|INPAT,,206,0.203883495145631,0.0550176213496159,0.148865873796015,0.258901116495247,Ciprofloxacin,J01M,E. coli,ESCCOL|Poland|CIP,42,pays_dans_perimetre
2006,Poland,ESCCOL,CTX,INPAT,197,2006|PL|ESCCOL|CTX|INPAT,,206,0.0436893203883495,0.0279131987957009,0.0157761215926486,0.0716025191840504,Cefotaxime,J01D,E. coli,ESCCOL|Poland|CTX,9,pays_dans_perimetre
2006,Poland,ESCCOL,GEN,INPAT,183,2006|PL|ESCCOL|GEN|INPAT,,205,0.107317073170732,0.0423703610777613,0.0649467120929704,0.149687434248493,Gentamicin,J01G,E. coli,ESCCOL|Poland|GEN,22,pays_dans_perimetre
2006,Poland,STAAUR,CIP,INPAT,142,2006|PL|STAAUR|CIP|INPAT,,175,0.188571428571429,0.057956231761563,0.130615196809866,0.246527660332992,Ciprofloxacin,J01M,S. aureus,STAAUR|Poland|CIP,33,pays_dans_perimetre
2006,Sweden,ENCFAE,AMP,INPAT,458,2006|SE|ENCFAE|AMP|INPAT,,458,0.0,0.0,0.0,0.0,Ampicillin,J01C,E. faecalis,ENCFAE|Sweden|AMP,0,pays_dans_perimetre
2006,Sweden,ENCFAE,GEH,INPAT,355,2006|SE|ENCFAE|GEH|INPAT,,447,0.205816554809843,0.0374802843317127,0.168336270478131,0.243296839141556,Gentamicin High,J01G,E. faecalis,ENCFAE|Sweden|GEH,92,pays_dans_perimetre
2006,Sweden,ENCFAI,AMP,INPAT,49,2006|SE|ENCFAI|AMP|INPAT,,231,0.787878787878788,0.0527195671094923,0.735159220769296,0.84059835498828,Ampicillin,J01C,E. faecium,ENCFAI|Sweden|AMP,182,pays_dans_perimetre
2006,Sweden,ENCFAI,VAN,INPAT,260,2006|SE|ENCFAI|VAN|INPAT,,261,0.003831417624521,0.0074951785719542,-0.0036637609474331,0.0113265961964753,Vancomycin,J01X,E. faecium,ENCFAI|Sweden|VAN,1,pays_dans_perimetre
2006,Sweden,ESCCOL,GEN,INPAT,1786,2006|SE|ESCCOL|GEN|INPAT,,1828,0.0229759299781182,0.0068684249433666,0.0161075050347515,0.0298443549214848,Gentamicin,J01G,E. coli,ESCCOL|Sweden|GEN,42,pays_dans_perimetre
2006,Sweden,KLEPNE,GEN,INPAT,358,2006|SE|KLEPNE|GEN|INPAT,,360,0.0055555555555555,0.0076781895871407,-0.0021226340315852,0.0132337451426963,Gentamicin,J01G,K. pneumoniae,KLEPNE|Sweden|GEN,2,pays_dans_perimetre
2006,Sweden,KLEPNE,TOB,INPAT,106,2006|SE|KLEPNE|TOB|INPAT,,106,0.0,0.0,0.0,0.0,Tobramycin,J01G,K. pneumoniae,KLEPNE|Sweden|TOB,0,pays_dans_perimetre
2006,Sweden,PSEAER,CAZ,INPAT,210,2006|SE|PSEAER|CAZ|INPAT,,236,0.110169491525424,0.0399470201145323,0.0702224714108914,0.150116511639956,Ceftazidime,J01D,P. aeruginosa,PSEAER|Sweden|CAZ,26,pays_dans_perimetre
2006,Sweden,PSEAER,CIP,INPAT,178,2006|SE|PSEAER|CIP|INPAT,,194,0.0824742268041237,0.0387100265282023,0.0437642002759214,0.121184253332326,Ciprofloxacin,J01M,P. aeruginosa,PSEAER|Sweden|CIP,16,pays_dans_perimetre
2006,Sweden,PSEAER,IPM,INPAT,171,2006|SE|PSEAER|IPM|INPAT,,181,0.0552486187845304,0.0332840575492838,0.0219645612352466,0.0885326763338141,Imipenem,J01D,P. aeruginosa,PSEAER|Sweden|IPM,10,pays_dans_perimetre
2006,Sweden,PSEAER,TOB,INPAT,56,2006|SE|PSEAER|TOB|INPAT,,56,0.0,0.0,0.0,0.0,Tobramycin,J01G,P. aeruginosa,PSEAER|Sweden|TOB,0,pays_dans_perimetre
2006,Sweden,STAAUR,RIF,INPAT,1004,2006|SE|STAAUR|RIF|INPAT,,1006,0.0019880715705765,0.0027525863666194,-0.0007645147960428,0.0047406579371959,Rifampicin,J04A,S. aureus,STAAUR|Sweden|RIF,2,pays_dans_perimetre
2007,Bulgaria,ESCCOL,AMK,INPAT,106,2007|BG|ESCCOL|AMK|INPAT,,112,0.0535714285714286,0.0417020682940307,0.0118693602773979,0.0952734968654593,Amikacin,J01G,E. coli,ESCCOL|Bulgaria|AMK,6,pays_dans_perimetre
2007,Bulgaria,ESCCOL,AMP,INPAT,33,2007|BG|ESCCOL|AMP|INPAT,,119,0.722689075630252,0.0804343996816497,0.642254675948602,0.803123475311902,Ampicillin,J01C,E. coli,ESCCOL|Bulgaria|AMP,86,pays_dans_perimetre
2007,Bulgaria,ESCCOL,CAZ,INPAT,89,2007|BG|ESCCOL|CAZ|INPAT,,117,0.239316239316239,0.0773127814047835,0.162003457911456,0.316629020721023,Ceftazidime,J01D,E. coli,ESCCOL|Bulgaria|CAZ,28,pays_dans_perimetre
2007,Bulgaria,ESCCOL,CIP,INPAT,80,2007|BG|ESCCOL|CIP|INPAT,,126,0.365079365079365,0.0840667316095473,0.281012633469818,0.449146096688912,Ciprofloxacin,J01M,E. coli,ESCCOL|Bulgaria|CIP,46,pays_dans_perimetre
2007,Bulgaria,ESCCOL,CRO,INPAT,22,2007|BG|ESCCOL|CRO|INPAT,,33,0.333333333333333,0.160839548212995,0.172493785120339,0.494172881546328,Ceftriaxone,J01D,E. coli,ESCCOL|Bulgaria|CRO,11,pays_dans_perimetre
2007,Bulgaria,ESCCOL,CTX,INPAT,85,2007|BG|ESCCOL|CTX|INPAT,,112,0.241071428571429,0.079217363153541,0.161854065417888,0.32028879172497,Cefotaxime,J01D,E. coli,ESCCOL|Bulgaria|CTX,27,pays_dans_perimetre
2007,Bulgaria,ESCCOL,GEN,INPAT,102,2007|BG|ESCCOL|GEN|INPAT,,124,0.17741935483871,0.0672411248403303,0.110178229998379,0.24466047967904,Gentamicin,J01G,E. coli,ESCCOL|Bulgaria|GEN,22,pays_dans_perimetre
2007,Bulgaria,STAAUR,CIP,INPAT,94,2007|BG|STAAUR|CIP|INPAT,,109,0.137614678899083,0.0646734279312118,0.0729412509678708,0.202288106830294,Ciprofloxacin,J01M,S. aureus,STAAUR|Bulgaria|CIP,15,pays_dans_perimetre
2007,Bulgaria,STAAUR,RIF,INPAT,72,2007|BG|STAAUR|RIF|INPAT,,74,0.027027027027027,0.0369478981520896,-0.0099208711250625,0.0639749251791166,Rifampicin,J04A,S. aureus,STAAUR|Bulgaria|RIF,2,pays_dans_perimetre
2007,Denmark,ENCFAE,AMP,INPAT,450,2007|DK|ENCFAE|AMP|INPAT,,460,0.0217391304347826,0.0133267908114739,0.0084123396233087,0.0350659212462565,Ampicillin,J01C,E. faecalis,ENCFAE|Denmark|AMP,10,pays_dans_perimetre
2007,Denmark,ENCFAE,VAN,INPAT,406,2007|DK|ENCFAE|VAN|INPAT,,408,0.0049019607843137,0.0067770991790384,-0.0018751383947247,0.0116790599633522,Vancomycin,J01X,E. faecalis,ENCFAE|Denmark|VAN,2,pays_dans_perimetre
2007,Denmark,ENCFAI,AMP,INPAT,36,2007|DK|ENCFAI|AMP|INPAT,,336,0.892857142857143,0.0330718913883074,0.859785251468836,0.92592903424545,Ampicillin,J01C,E. faecium,ENCFAI|Denmark|AMP,300,pays_dans_perimetre
2007,Denmark,ENCFAI,VAN,INPAT,310,2007|DK|ENCFAI|VAN|INPAT,,313,0.0095846645367412,0.0107939658401909,-0.0012093013034496,0.0203786303769321,Vancomycin,J01X,E. faecium,ENCFAI|Denmark|VAN,3,pays_dans_perimetre
2007,Denmark,ESCCOL,AMP,INPAT,1232,2007|DK|ESCCOL|AMP|INPAT,,2539,0.514769594328476,0.0194403987086539,0.495329195619822,0.53420999303713,Ampicillin,J01C,E. coli,ESCCOL|Denmark|AMP,1307,pays_dans_perimetre
2007,Denmark,ESCCOL,CAZ,INPAT,1033,2007|DK|ESCCOL|CAZ|INPAT,,1076,0.0399628252788104,0.0117036695987627,0.0282591556800477,0.0516664948775731,Ceftazidime,J01D,E. coli,ESCCOL|Denmark|CAZ,43,pays_dans_perimetre
2007,Denmark,ESCCOL,CIP,INPAT,2166,2007|DK|ESCCOL|CIP|INPAT,,2454,0.117359413202934,0.0127341424506032,0.104625270752331,0.130093555653537,Ciprofloxacin,J01M,E. coli,ESCCOL|Denmark|CIP,288,pays_dans_perimetre
2007,Denmark,ESCCOL,CRO,INPAT,748,2007|DK|ESCCOL|CRO|INPAT,,782,0.0434782608695652,0.0142934214463945,0.0291848394231707,0.0577716823159597,Ceftriaxone,J01D,E. coli,ESCCOL|Denmark|CRO,34,pays_dans_perimetre
2007,Denmark,ESCCOL,CTX,INPAT,641,2007|DK|ESCCOL|CTX|INPAT,,657,0.0243531202435312,0.0117868300896564,0.0125662901538748,0.0361399503331876,Cefotaxime,J01D,E. coli,ESCCOL|Denmark|CTX,16,pays_dans_perimetre
2007,Denmark,ESCCOL,GEN,INPAT,2544,2007|DK|ESCCOL|GEN|INPAT,,2651,0.040362127499057,0.0074918991409036,0.0328702283581534,0.0478540266399606,Gentamicin,J01G,E. coli,ESCCOL|Denmark|GEN,107,pays_dans_perimetre
2007,Denmark,ESCCOL,MEM,INPAT,263,2007|DK|ESCCOL|MEM|INPAT,,263,0.0,0.0,0.0,0.0,Meropenem,J01D,E. coli,ESCCOL|Denmark|MEM,0,pays_dans_perimetre
2007,Denmark,KLEPNE,CAZ,INPAT,223,2007|DK|KLEPNE|CAZ|INPAT,,249,0.104417670682731,0.0379836028353346,0.0664340678473963,0.142401273518066,Ceftazidime,J01D,K. pneumoniae,KLEPNE|Denmark|CAZ,26,pays_dans_perimetre
2007,Denmark,KLEPNE,CIP,INPAT,557,2007|DK|KLEPNE|CIP|INPAT,,683,0.184480234260615,0.0290896091435867,0.155390625117028,0.213569843404202,Ciprofloxacin,J01M,K. pneumoniae,KLEPNE|Denmark|CIP,126,pays_dans_perimetre
2007,Denmark,KLEPNE,CRO,INPAT,198,2007|DK|KLEPNE|CRO|INPAT,,240,0.175,0.048072471332354,0.126927528667646,0.223072471332354,Ceftriaxone,J01D,K. pneumoniae,KLEPNE|Denmark|CRO,42,pays_dans_perimetre
2007,Denmark,KLEPNE,CTX,INPAT,167,2007|DK|KLEPNE|CTX|INPAT,,180,0.0722222222222222,0.0378161424659017,0.0344060797563205,0.110038364688124,Cefotaxime,J01D,K. pneumoniae,KLEPNE|Denmark|CTX,13,pays_dans_perimetre
2007,Denmark,KLEPNE,GEN,INPAT,682,2007|DK|KLEPNE|GEN|INPAT,,731,0.06703146374829,0.0181288490681719,0.0489026146801181,0.0851603128164619,Gentamicin,J01G,K. pneumoniae,KLEPNE|Denmark|GEN,49,pays_dans_perimetre
2007,Denmark,KLEPNE,MEM,INPAT,75,2007|DK|KLEPNE|MEM|INPAT,,75,0.0,0.0,0.0,0.0,Meropenem,J01D,K. pneumoniae,KLEPNE|Denmark|MEM,0,pays_dans_perimetre
2007,Denmark,PSEAER,CAZ,INPAT,304,2007|DK|PSEAER|CAZ|INPAT,,318,0.0440251572327044,0.0225484244327937,0.0214767327999107,0.0665735816654981,Ceftazidime,J01D,P. aeruginosa,PSEAER|Denmark|CAZ,14,pays_dans_perimetre
2007,Denmark,PSEAER,CIP,INPAT,314,2007|DK|PSEAER|CIP|INPAT,,342,0.0818713450292398,0.029057667637172,0.0528136773920678,0.110929012666412,Ciprofloxacin,J01M,P. aeruginosa,PSEAER|Denmark|CIP,28,pays_dans_perimetre
2007,Denmark,PSEAER,GEN,INPAT,364,2007|DK|PSEAER|GEN|INPAT,,373,0.0241286863270777,0.0155727305852588,0.0085559557418189,0.0397014169123365,Gentamicin,J01G,P. aeruginosa,PSEAER|Denmark|GEN,9,pays_dans_perimetre
2007,Denmark,PSEAER,MEM,INPAT,250,2007|DK|PSEAER|MEM|INPAT,,257,0.0272373540856031,0.0199010234158555,0.0073363306697476,0.0471383775014586,Meropenem,J01D,P. aeruginosa,PSEAER|Denmark|MEM,7,pays_dans_perimetre
2007,Denmark,PSEAER,TZP,INPAT,275,2007|DK|PSEAER|TZP|INPAT,,290,0.0517241379310345,0.0254900713402412,0.0262340665907933,0.0772142092712756,Piperacillin + Tazobactam,J01C,P. aeruginosa,PSEAER|Denmark|TZP,15,pays_dans_perimetre
2007,Estonia,ESCCOL,CAZ,INPAT,93,2007|EE|ESCCOL|CAZ|INPAT,,94,0.0106382978723404,0.0207398573631067,-0.0101015594907663,0.0313781552354471,Ceftazidime,J01D,E. coli,ESCCOL|Estonia|CAZ,1,pays_dans_perimetre
2007,Estonia,KLEPNE,CIP,INPAT,55,2007|EE|KLEPNE|CIP|INPAT,,56,0.0178571428571429,0.034686092313779,-0.0168289494566362,0.0525432351709219,Ciprofloxacin,J01M,K. pneumoniae,KLEPNE|Estonia|CIP,1,pays_dans_perimetre
2007,Estonia,KLEPNE,GEN,INPAT,60,2007|EE|KLEPNE|GEN|INPAT,,62,0.032258064516129,0.0439803985011256,-0.0117223339849966,0.0762384630172547,Gentamicin,J01G,K. pneumoniae,KLEPNE|Estonia|GEN,2,pays_dans_perimetre
2007,Estonia,STAAUR,CIP,INPAT,160,2007|EE|STAAUR|CIP|INPAT,,181,0.116022099447514,0.0466560371110489,0.0693660623364649,0.162678136558563,Ciprofloxacin,J01M,S. aureus,STAAUR|Estonia|CIP,21,pays_dans_perimetre
2007,Finland,ESCCOL,AMP,INPAT,93,2007|FI|ESCCOL|AMP|INPAT,,142,0.345070422535211,0.0781921345628252,0.266878287972386,0.423262557098037,Ampicillin,J01C,E. coli,ESCCOL|Finland|AMP,49,pays_dans_perimetre
2007,Finland,ESCCOL,CAZ,INPAT,296,2007|FI|ESCCOL|CAZ|INPAT,,303,0.0231023102310231,0.0169155843119994,0.0061867259190236,0.0400178945430225,Ceftazidime,J01D,E. coli,ESCCOL|Finland|CAZ,7,pays_dans_perimetre
2007,Finland,ESCCOL,CIP,INPAT,301,2007|FI|ESCCOL|CIP|INPAT,,320,0.059375,0.025893523525138,0.033481476474862,0.085268523525138,Ciprofloxacin,J01M,E. coli,ESCCOL|Finland|CIP,19,pays_dans_perimetre
2007,Finland,ESCCOL,CRO,INPAT,235,2007|FI|ESCCOL|CRO|INPAT,,239,0.0167364016736402,0.016263842006307,0.0004725596673331,0.0330002436799472,Ceftriaxone,J01D,E. coli,ESCCOL|Finland|CRO,4,pays_dans_perimetre
2007,Finland,ESCCOL,TOB,INPAT,286,2007|FI|ESCCOL|TOB|INPAT,,296,0.0337837837837838,0.0205826610063093,0.0132011227774745,0.0543664447900931,Tobramycin,J01G,E. coli,ESCCOL|Finland|TOB,10,pays_dans_perimetre
2007,Finland,KLEPNE,CAZ,INPAT,59,2007|FI|KLEPNE|CAZ|INPAT,,61,0.0327868852459016,0.0446891734773581,-0.0119022882314565,0.0774760587232598,Ceftazidime,J01D,K. pneumoniae,KLEPNE|Finland|CAZ,2,pays_dans_perimetre
2007,Finland,KLEPNE,CIP,INPAT,64,2007|FI|KLEPNE|CIP|INPAT,,65,0.0153846153846154,0.0299209944362891,-0.0145363790516737,0.0453056098209044,Ciprofloxacin,J01M,K. pneumoniae,KLEPNE|Finland|CIP,1,pays_dans_perimetre
2007,Finland,KLEPNE,TOB,INPAT,60,2007|FI|KLEPNE|TOB|INPAT,,61,0.0163934426229508,0.0318666891545479,-0.0154732465315971,0.0482601317774987,Tobramycin,J01G,K. pneumoniae,KLEPNE|Finland|TOB,1,pays_dans_perimetre
2007,Ireland,ENCFAE,AMP,INPAT,79,2007|IE|ENCFAE|AMP|INPAT,,83,0.0481927710843374,0.0460768174074178,0.0021159536769195,0.0942695884917552,Ampicillin,J01C,E. faecalis,ENCFAE|Ireland|AMP,4,pays_dans_perimetre
2007,Ireland,ENCFAE,VAN,INPAT,83,2007|IE|ENCFAE|VAN|INPAT,,85,0.0235294117647059,0.0322241690195513,-0.0086947572548454,0.0557535807842572,Vancomycin,J01X,E. faecalis,ENCFAE|Ireland|VAN,2,pays_dans_perimetre
2007,Ireland,ENCFAI,AMP,INPAT,7,2007|IE|ENCFAI|AMP|INPAT,,95,0.926315789473684,0.0525364858395103,0.873779303634174,0.978852275313195,Ampicillin,J01C,E. faecium,ENCFAI|Ireland|AMP,88,pays_dans_perimetre
2007,Ireland,ENCFAI,VAN,INPAT,64,2007|IE|ENCFAI|VAN|INPAT,,96,0.333333333333333,0.0943005439676389,0.239032789365694,0.427633877300972,Vancomycin,J01X,E. faecium,ENCFAI|Ireland|VAN,32,pays_dans_perimetre
2007,Ireland,ESCCOL,AMK,INPAT,349,2007|IE|ESCCOL|AMK|INPAT,,353,0.0113314447592068,0.0110417198086524,0.0002897249505544,0.0223731645678592,Amikacin,J01G,E. coli,ESCCOL|Ireland|AMK,4,pays_dans_perimetre
2007,Ireland,ESCCOL,AMP,INPAT,178,2007|IE|ESCCOL|AMP|INPAT,,518,0.656370656370656,0.0408988306749888,0.615471825695668,0.697269487045645,Ampicillin,J01C,E. coli,ESCCOL|Ireland|AMP,340,pays_dans_perimetre
2007,Ireland,ESCCOL,CAZ,INPAT,418,2007|IE|ESCCOL|CAZ|INPAT,,449,0.0690423162583519,0.0234506857870768,0.0455916304712751,0.0924930020454287,Ceftazidime,J01D,E. coli,ESCCOL|Ireland|CAZ,31,pays_dans_perimetre
2007,Ireland,ESCCOL,CIP,INPAT,408,2007|IE|ESCCOL|CIP|INPAT,,511,0.201565557729941,0.034783510846382,0.166782046883559,0.236349068576323,Ciprofloxacin,J01M,E. coli,ESCCOL|Ireland|CIP,103,pays_dans_perimetre
2007,Ireland,ESCCOL,CRO,INPAT,67,2007|IE|ESCCOL|CRO|INPAT,,70,0.0428571428571429,0.0474468123270679,-0.004589669469925,0.0903039551842107,Ceftriaxone,J01D,E. coli,ESCCOL|Ireland|CRO,3,pays_dans_perimetre
2007,Ireland,ESCCOL,CTX,INPAT,421,2007|IE|ESCCOL|CTX|INPAT,,450,0.0644444444444444,0.0226870144447657,0.0417574299996787,0.0871314588892102,Cefotaxime,J01D,E. coli,ESCCOL|Ireland|CTX,29,pays_dans_perimetre
2007,Ireland,ESCCOL,GEN,INPAT,476,2007|IE|ESCCOL|GEN|INPAT,,526,0.0950570342205323,0.0250648975403124,0.0699921366802199,0.120121931760845,Gentamicin,J01G,E. coli,ESCCOL|Ireland|GEN,50,pays_dans_perimetre
2007,Ireland,STAAUR,OXA,INPAT,169,2007|IE|STAAUR|OXA|INPAT,,342,0.505847953216374,0.0529887062562749,0.452859246960099,0.558836659472649,Oxacillin,J01C,S. aureus,STAAUR|Ireland|OXA,173,pays_dans_perimetre
2007,Lithuania,ESCCOL,AMP,INPAT,106,2007|LT|ESCCOL|AMP|INPAT,,230,0.539130434782609,0.0644210935255924,0.474709341257016,0.603551528308201,Ampicillin,J01C,E. coli,ESCCOL|Lithuania|AMP,124,pays_dans_perimetre
2007,Lithuania,ESCCOL,CAZ,INPAT,184,2007|LT|ESCCOL|CAZ|INPAT,,199,0.0753768844221105,0.0366801411120886,0.0386967433100219,0.112057025534199,Ceftazidime,J01D,E. coli,ESCCOL|Lithuania|CAZ,15,pays_dans_perimetre
2007,Lithuania,ESCCOL,CIP,INPAT,205,2007|LT|ESCCOL|CIP|INPAT,,228,0.100877192982456,0.0390926084267625,0.0617845845556936,0.139969801409219,Ciprofloxacin,J01M,E. coli,ESCCOL|Lithuania|CIP,23,pays_dans_perimetre
2007,Lithuania,ESCCOL,CRO,INPAT,81,2007|LT|ESCCOL|CRO|INPAT,,93,0.129032258064516,0.0681341403817701,0.060898117682746,0.197166398446286,Ceftriaxone,J01D,E. coli,ESCCOL|Lithuania|CRO,12,pays_dans_perimetre
2007,Lithuania,ESCCOL,CTX,INPAT,148,2007|LT|ESCCOL|CTX|INPAT,,159,0.0691823899371069,0.0394446026184141,0.0297377873186928,0.108626992555521,Cefotaxime,J01D,E. coli,ESCCOL|Lithuania|CTX,11,pays_dans_perimetre
2007,Lithuania,ESCCOL,GEN,INPAT,199,2007|LT|ESCCOL|GEN|INPAT,,231,0.138528138528139,0.0445491712123024,0.0939789673158361,0.183077309740441,Gentamicin,J01G,E. coli,ESCCOL|Lithuania|GEN,32,pays_dans_perimetre
2007,Lithuania,KLEPNE,CAZ,INPAT,24,2007|LT|KLEPNE|CAZ|INPAT,,34,0.294117647058824,0.153159280205169,0.140958366853654,0.447276927263993,Ceftazidime,J01D,K. pneumoniae,KLEPNE|Lithuania|CAZ,10,pays_dans_perimetre
2007,Lithuania,KLEPNE,CIP,INPAT,33,2007|LT|KLEPNE|CIP|INPAT,,39,0.153846153846154,0.113237886749975,0.0406082670961793,0.267084040596128,Ciprofloxacin,J01M,K. pneumoniae,KLEPNE|Lithuania|CIP,6,pays_dans_perimetre
2007,Lithuania,KLEPNE,GEN,INPAT,25,2007|LT|KLEPNE|GEN|INPAT,,41,0.390243902439024,0.149317352830082,0.240926549608942,0.539561255269106,Gentamicin,J01G,K. pneumoniae,KLEPNE|Lithuania|GEN,16,pays_dans_perimetre
2007,Lithuania,STAAUR,FOX,INPAT,94,2007|LT|STAAUR|FOX|INPAT,,102,0.0784313725490196,0.0521752734660561,0.0262560990829635,0.130606646015076,Cefoxitin,J01D,S. aureus,STAAUR|Lithuania|FOX,8,pays_dans_perimetre
2007,Lithuania,STAAUR,RIF,INPAT,175,2007|LT|STAAUR|RIF|INPAT,,182,0.0384615384615385,0.027939397320303,0.0105221411412354,0.0664009357818415,Rifampicin,J04A,S. aureus,STAAUR|Lithuania|RIF,7,pays_dans_perimetre
2007,Lithuania,STRPNE,ERY,INPAT,58,2007|LT|STRPNE|ERY|INPAT,,64,0.09375,0.0714127458752113,0.0223372541247887,0.165162745875211,Erythromycin,J01F,S. pneumoniae,STRPNE|Lithuania|ERY,6,pays_dans_perimetre
2007,Lithuania,STRPNE,OXA,INPAT,61,2007|LT|STRPNE|OXA|INPAT,,63,0.0317460317460317,0.0432937457665258,-0.0115477140204941,0.0750397775125575,Oxacillin,J01C,S. pneumoniae,STRPNE|Lithuania|OXA,2,pays_dans_perimetre
2007,Latvia,ESCCOL,AMK,INPAT,58,2007|LV|ESCCOL|AMK|INPAT,,59,0.0169491525423729,0.0329376075522332,-0.0159884550098603,0.0498867600946061,Amikacin,J01G,E. coli,ESCCOL|Latvia|AMK,1,pays_dans_perimetre
2007,Latvia,ESCCOL,AMP,INPAT,40,2007|LV|ESCCOL|AMP|INPAT,,73,0.452054794520548,0.114171773371165,0.337883021149383,0.566226567891713,Ampicillin,J01C,E. coli,ESCCOL|Latvia|AMP,33,pays_dans_perimetre
2007,Latvia,ESCCOL,CAZ,INPAT,66,2007|LV|ESCCOL|CAZ|INPAT,,76,0.131578947368421,0.0759989602525542,0.0555799871158669,0.207577907620975,Ceftazidime,J01D,E. coli,ESCCOL|Latvia|CAZ,10,pays_dans_perimetre
2007,Latvia,ESCCOL,CIP,INPAT,61,2007|LV|ESCCOL|CIP|INPAT,,74,0.175675675675676,0.0867051882354778,0.0889704874401979,0.262380863911153,Ciprofloxacin,J01M,E. coli,ESCCOL|Latvia|CIP,13,pays_dans_perimetre
2007,Latvia,ESCCOL,CRO,INPAT,64,2007|LV|ESCCOL|CRO|INPAT,,73,0.123287671232877,0.075419391289123,0.0478682799437537,0.198707062522,Ceftriaxone,J01D,E. coli,ESCCOL|Latvia|CRO,9,pays_dans_perimetre
2007,Latvia,ESCCOL,CTX,INPAT,62,2007|LV|ESCCOL|CTX|INPAT,,72,0.138888888888889,0.0798827802056751,0.0590061086832138,0.218771669094564,Cefotaxime,J01D,E. coli,ESCCOL|Latvia|CTX,10,pays_dans_perimetre
2007,Latvia,ESCCOL,GEN,INPAT,64,2007|LV|ESCCOL|GEN|INPAT,,73,0.123287671232877,0.075419391289123,0.0478682799437537,0.198707062522,Gentamicin,J01G,E. coli,ESCCOL|Latvia|GEN,9,pays_dans_perimetre
2007,Latvia,ESCCOL,TOB,INPAT,38,2007|LV|ESCCOL|TOB|INPAT,,45,0.155555555555556,0.105895649648796,0.0496599059067599,0.261451205204351,Tobramycin,J01G,E. coli,ESCCOL|Latvia|TOB,7,pays_dans_perimetre
2007,Latvia,STAAUR,CIP,INPAT,143,2007|LV|STAAUR|CIP|INPAT,,159,0.10062893081761,0.0467614958080636,0.0538674350095464,0.147390426625674,Ciprofloxacin,J01M,S. aureus,STAAUR|Latvia|CIP,16,pays_dans_perimetre
2007,Latvia,STAAUR,FOX,INPAT,109,2007|LV|STAAUR|FOX|INPAT,,116,0.0603448275862069,0.0433342571847047,0.0170105704015022,0.103679084770912,Cefoxitin,J01D,S. aureus,STAAUR|Latvia|FOX,7,pays_dans_perimetre
2007,Latvia,STAAUR,RIF,INPAT,146,2007|LV|STAAUR|RIF|INPAT,,146,0.0,0.0,0.0,0.0,Rifampicin,J04A,S. aureus,STAAUR|Latvia|RIF,0,pays_dans_perimetre
2007,Malta,ESCCOL,AMK,INPAT,95,2007|MT|ESCCOL|AMK|INPAT,,95,0.0,0.0,0.0,0.0,Amikacin,J01G,E. coli,ESCCOL|Malta|AMK,0,pays_dans_perimetre
2007,Malta,ESCCOL,AMP,INPAT,42,2007|MT|ESCCOL|AMP|INPAT,,95,0.557894736842105,0.0998695845902461,0.458025152251859,0.657764321432351,Ampicillin,J01C,E. coli,ESCCOL|Malta|AMP,53,pays_dans_perimetre
2007,Malta,ESCCOL,CAZ,INPAT,82,2007|MT|ESCCOL|CAZ|INPAT,,95,0.136842105263158,0.0691113323902935,0.0677307728728644,0.205953437653451,Ceftazidime,J01D,E. coli,ESCCOL|Malta|CAZ,13,pays_dans_perimetre
2007,Malta,ESCCOL,CIP,INPAT,61,2007|MT|ESCCOL|CIP|INPAT,,95,0.357894736842105,0.0963995572938482,0.261495179548257,0.454294294135953,Ciprofloxacin,J01M,E. coli,ESCCOL|Malta|CIP,34,pays_dans_perimetre
2007,Malta,ESCCOL,GEN,INPAT,74,2007|MT|ESCCOL|GEN|INPAT,,95,0.221052631578947,0.0834442029448588,0.137608428634089,0.304496834523806,Gentamicin,J01G,E. coli,ESCCOL|Malta|GEN,21,pays_dans_perimetre
2007,Norway,ENCFAE,AMP,INPAT,285,2007|NO|ENCFAE|AMP|INPAT,,289,0.013840830449827,0.0134698181606444,0.0003710122891826,0.0273106486104714,Ampicillin,J01C,E. faecalis,ENCFAE|Norway|AMP,4,pays_dans_perimetre
2007,Norway,ENCFAE,VAN,INPAT,270,2007|NO|ENCFAE|VAN|INPAT,,270,0.0,0.0,0.0,0.0,Vancomycin,J01X,E. faecalis,ENCFAE|Norway|VAN,0,pays_dans_perimetre
2007,Norway,ESCCOL,AMP,INPAT,3,2007|NO|ESCCOL|AMP|INPAT,,1524,0.998031496062992,0.0022253783326695,0.995806117730323,1.00025687439566,Ampicillin,J01C,E. coli,ESCCOL|Norway|AMP,1521,pays_dans_perimetre
2007,Norway,ESCCOL,CAZ,INPAT,1450,2007|NO|ESCCOL|CAZ|INPAT,,1492,0.0281501340482574,0.0083928890690026,0.0197572449792547,0.0365430231172601,Ceftazidime,J01D,E. coli,ESCCOL|Norway|CAZ,42,pays_dans_perimetre
2007,Norway,ESCCOL,CIP,INPAT,1318,2007|NO|ESCCOL|CIP|INPAT,,1464,0.0997267759562842,0.0153489470997136,0.0843778288565706,0.115075723055998,Ciprofloxacin,J01M,E. coli,ESCCOL|Norway|CIP,146,pays_dans_perimetre
2007,Norway,ESCCOL,CTX,INPAT,1456,2007|NO|ESCCOL|CTX|INPAT,,1493,0.0247823174815807,0.0078858390575361,0.0168964784240445,0.0326681565391169,Cefotaxime,J01D,E. coli,ESCCOL|Norway|CTX,37,pays_dans_perimetre
2007,Norway,ESCCOL,GEN,INPAT,1340,2007|NO|ESCCOL|GEN|INPAT,,1387,0.033886085075703,0.0095223185953337,0.0243637664803692,0.0434084036710367,Gentamicin,J01G,E. coli,ESCCOL|Norway|GEN,47,pays_dans_perimetre
2007,Norway,ESCCOL,IPM,INPAT,347,2007|NO|ESCCOL|IPM|INPAT,,347,0.0,0.0,0.0,0.0,Imipenem,J01D,E. coli,ESCCOL|Norway|IPM,0,pays_dans_perimetre
2007,Norway,ESCCOL,MEM,INPAT,927,2007|NO|ESCCOL|MEM|INPAT,,927,0.0,0.0,0.0,0.0,Meropenem,J01D,E. coli,ESCCOL|Norway|MEM,0,pays_dans_perimetre
2007,Norway,ESCCOL,TOB,INPAT,171,2007|NO|ESCCOL|TOB|INPAT,,180,0.05,0.0318395281930426,0.0181604718069574,0.0818395281930426,Tobramycin,J01G,E. coli,ESCCOL|Norway|TOB,9,pays_dans_perimetre
2007,Norway,STAAUR,CIP,INPAT,115,2007|NO|STAAUR|CIP|INPAT,,119,0.0336134453781513,0.0323828109990263,0.0012306343791249,0.0659962563771775,Ciprofloxacin,J01M,S. aureus,STAAUR|Norway|CIP,4,pays_dans_perimetre
2007,Norway,STAAUR,OXA,INPAT,559,2007|NO|STAAUR|OXA|INPAT,,560,0.0017857142857142,0.0034968736036637,-0.0017111593179494,0.0052825878893779,Oxacillin,J01C,S. aureus,STAAUR|Norway|OXA,1,pays_dans_perimetre
2007,Norway,STRPNE,CTX,INPAT,329,2007|NO|STRPNE|CTX|INPAT,,330,0.003030303030303,0.0059303880298323,-0.0029000849995292,0.0089606910601353,Cefotaxime,J01D,S. pneumoniae,STRPNE|Norway|CTX,1,pays_dans_perimetre
2007,Norway,STRPNE,ERY,INPAT,486,2007|NO|STRPNE|ERY|INPAT,,535,0.091588785046729,0.0244422720133616,0.0671465130333674,0.116031057060091,Erythromycin,J01F,S. pneumoniae,STRPNE|Norway|ERY,49,pays_dans_perimetre
2007,Norway,STRPNE,PEN,INPAT,538,2007|NO|STRPNE|PEN|INPAT,,547,0.0164533820840951,0.010660743013,0.005792639071095,0.0271141250970951,Penicillin,J01C,S. pneumoniae,STRPNE|Norway|PEN,9,pays_dans_perimetre
2007,Poland,ESCCOL,AMP,INPAT,113,2007|PL|ESCCOL|AMP|INPAT,,256,0.55859375,0.0608279757121831,0.497765774287817,0.619421725712183,Ampicillin,J01C,E. coli,ESCCOL|Poland|AMP,143,pays_dans_perimetre
2007,Poland,ESCCOL,CAZ,INPAT,250,2007|PL|ESCCOL|CAZ|INPAT,,256,0.0234375,0.0185328304652503,0.0049046695347496,0.0419703304652503,Ceftazidime,J01D,E. coli,ESCCOL|Poland|CAZ,6,pays_dans_perimetre
2007,Poland,ESCCOL,CIP,INPAT,222,2007|PL|ESCCOL|CIP|INPAT,,256,0.1328125,0.0415730673757695,0.0912394326242305,0.17438556737577,Ciprofloxacin,J01M,E. coli,ESCCOL|Poland|CIP,34,pays_dans_perimetre
2007,Poland,ESCCOL,CTX,INPAT,250,2007|PL|ESCCOL|CTX|INPAT,,256,0.0234375,0.0185328304652503,0.0049046695347496,0.0419703304652503,Cefotaxime,J01D,E. coli,ESCCOL|Poland|CTX,6,pays_dans_perimetre
2007,Poland,ESCCOL,GEN,INPAT,240,2007|PL|ESCCOL|GEN|INPAT,,256,0.0625,0.0296525287444005,0.0328474712555995,0.0921525287444005,Gentamicin,J01G,E. coli,ESCCOL|Poland|GEN,16,pays_dans_perimetre
2007,Poland,STAAUR,CIP,INPAT,100,2007|PL|STAAUR|CIP|INPAT,,112,0.107142857142857,0.057282196186948,0.0498606609559091,0.164425053329805,Ciprofloxacin,J01M,S. aureus,STAAUR|Poland|CIP,12,pays_dans_perimetre
2007,Sweden,ENCFAE,AMP,INPAT,457,2007|SE|ENCFAE|AMP|INPAT,,461,0.0086767895878524,0.0084662829523148,0.0002105066355376,0.0171430725401673,Ampicillin,J01C,E. faecalis,ENCFAE|Sweden|AMP,4,pays_dans_perimetre
2007,Sweden,ENCFAE,GEH,INPAT,415,2007|SE|ENCFAE|GEH|INPAT,,496,0.163306451612903,0.0325312023018541,0.130775249311049,0.195837653914757,Gentamicin High,J01G,E. faecalis,ENCFAE|Sweden|GEH,81,pays_dans_perimetre
2007,Sweden,ENCFAI,AMP,INPAT,43,2007|SE|ENCFAI|AMP|INPAT,,229,0.812227074235808,0.0505817147090085,0.761645359526799,0.862808788944816,Ampicillin,J01C,E. faecium,ENCFAI|Sweden|AMP,186,pays_dans_perimetre
2007,Sweden,ENCFAI,VAN,INPAT,247,2007|SE|ENCFAI|VAN|INPAT,,247,0.0,0.0,0.0,0.0,Vancomycin,J01X,E. faecium,ENCFAI|Sweden|VAN,0,pays_dans_perimetre
2007,Sweden,ESCCOL,GEN,INPAT,1815,2007|SE|ESCCOL|GEN|INPAT,,1871,0.0299305184393373,0.0077210740617607,0.0222094443775765,0.037651592501098,Gentamicin,J01G,E. coli,ESCCOL|Sweden|GEN,56,pays_dans_perimetre
2007,Sweden,KLEPNE,GEN,INPAT,344,2007|SE|KLEPNE|GEN|INPAT,,348,0.0114942528735632,0.0111994429651472,0.000294809908416,0.0226936958387104,Gentamicin,J01G,K. pneumoniae,KLEPNE|Sweden|GEN,4,pays_dans_perimetre
2007,Sweden,KLEPNE,TOB,INPAT,150,2007|SE|KLEPNE|TOB|INPAT,,153,0.0196078431372549,0.021969753390805,-0.0023619102535501,0.04157759652806,Tobramycin,J01G,K. pneumoniae,KLEPNE|Sweden|TOB,3,pays_dans_perimetre
2007,Sweden,PSEAER,CAZ,INPAT,243,2007|SE|PSEAER|CAZ|INPAT,,271,0.103321033210332,0.0362396744389914,0.0670813587713407,0.139560707649324,Ceftazidime,J01D,P. aeruginosa,PSEAER|Sweden|CAZ,28,pays_dans_perimetre
2007,Sweden,PSEAER,CIP,INPAT,192,2007|SE|PSEAER|CIP|INPAT,,216,0.111111111111111,0.0419113528745062,0.0691997582366049,0.153022463985617,Ciprofloxacin,J01M,P. aeruginosa,PSEAER|Sweden|CIP,24,pays_dans_perimetre
2007,Sweden,PSEAER,IPM,INPAT,205,2007|SE|PSEAER|IPM|INPAT,,221,0.0723981900452489,0.0341668218085136,0.0382313682367352,0.106565011853763,Imipenem,J01D,P. aeruginosa,PSEAER|Sweden|IPM,16,pays_dans_perimetre
2007,Sweden,PSEAER,TOB,INPAT,72,2007|SE|PSEAER|TOB|INPAT,,72,0.0,0.0,0.0,0.0,Tobramycin,J01G,P. aeruginosa,PSEAER|Sweden|TOB,0,pays_dans_perimetre
2007,Sweden,STAAUR,RIF,INPAT,1083,2007|SE|STAAUR|RIF|INPAT,,1083,0.0,0.0,0.0,0.0,Rifampicin,J04A,S. aureus,STAAUR|Sweden|RIF,0,pays_dans_perimetre
2008,Bulgaria,ESCCOL,AMK,INPAT,122,2008|BG|ESCCOL|AMK|INPAT,,137,0.109489051094891,0.0522878476937783,0.0572012034011122,0.161776898788669,Amikacin,J01G,E. coli,ESCCOL|Bulgaria|AMK,15,pays_dans_perimetre
2008,Bulgaria,ESCCOL,AMP,INPAT,40,2008|BG|ESCCOL|AMP|INPAT,,119,0.663865546218487,0.0848748794749449,0.578990666743542,0.748740425693432,Ampicillin,J01C,E. coli,ESCCOL|Bulgaria|AMP,79,pays_dans_perimetre
2008,Bulgaria,ESCCOL,CAZ,INPAT,98,2008|BG|ESCCOL|CAZ|INPAT,,139,0.294964028776978,0.0758121541829567,0.219151874594022,0.370776182959935,Ceftazidime,J01D,E. coli,ESCCOL|Bulgaria|CAZ,41,pays_dans_perimetre
2008,Bulgaria,ESCCOL,CIP,INPAT,100,2008|BG|ESCCOL|CIP|INPAT,,146,0.315068493150685,0.0753538946277985,0.239714598522886,0.390422387778483,Ciprofloxacin,J01M,E. coli,ESCCOL|Bulgaria|CIP,46,pays_dans_perimetre
2008,Bulgaria,ESCCOL,CRO,INPAT,42,2008|BG|ESCCOL|CRO|INPAT,,62,0.32258064516129,0.116361196995496,0.206219448165794,0.438941842156787,Ceftriaxone,J01D,E. coli,ESCCOL|Bulgaria|CRO,20,pays_dans_perimetre
2008,Bulgaria,ESCCOL,CTX,INPAT,92,2008|BG|ESCCOL|CTX|INPAT,,122,0.245901639344262,0.0764136361954942,0.169488003148768,0.322315275539756,Cefotaxime,J01D,E. coli,ESCCOL|Bulgaria|CTX,30,pays_dans_perimetre
2008,Bulgaria,ESCCOL,GEN,INPAT,107,2008|BG|ESCCOL|GEN|INPAT,,146,0.267123287671233,0.0717713276507626,0.19535196002047,0.338894615321995,Gentamicin,J01G,E. coli,ESCCOL|Bulgaria|GEN,39,pays_dans_perimetre
2008,Bulgaria,STAAUR,CIP,INPAT,123,2008|BG|STAAUR|CIP|INPAT,,154,0.201298701298701,0.0633298402822303,0.137968861016471,0.264628541580932,Ciprofloxacin,J01M,S. aureus,STAAUR|Bulgaria|CIP,31,pays_dans_perimetre
2008,Bulgaria,STAAUR,RIF,INPAT,124,2008|BG|STAAUR|RIF|INPAT,,130,0.0461538461538462,0.0360684525956481,0.010085393558198,0.0822222987494943,Rifampicin,J04A,S. aureus,STAAUR|Bulgaria|RIF,6,pays_dans_perimetre
2008,Denmark,ENCFAE,AMP,INPAT,454,2008|DK|ENCFAE|AMP|INPAT,,465,0.0236559139784946,0.0138134102735417,0.0098425037049528,0.0374693242520364,Ampicillin,J01C,E. faecalis,ENCFAE|Denmark|AMP,11,pays_dans_perimetre
2008,Denmark,ENCFAE,VAN,INPAT,393,2008|DK|ENCFAE|VAN|INPAT,,399,0.0150375939849624,0.0119417679609977,0.0030958260239647,0.0269793619459601,Vancomycin,J01X,E. faecalis,ENCFAE|Denmark|VAN,6,pays_dans_perimetre
2008,Denmark,ENCFAI,AMP,INPAT,40,2008|DK|ENCFAI|AMP|INPAT,,336,0.880952380952381,0.034627648982772,0.846324731969609,0.915580029935153,Ampicillin,J01C,E. faecium,ENCFAI|Denmark|AMP,296,pays_dans_perimetre
2008,Denmark,ENCFAI,VAN,INPAT,325,2008|DK|ENCFAI|VAN|INPAT,,326,0.0030674846625766,0.0060030415833432,-0.0029355569207665,0.0090705262459199,Vancomycin,J01X,E. faecium,ENCFAI|Denmark|VAN,1,pays_dans_perimetre
2008,Denmark,ESCCOL,AMP,INPAT,1283,2008|DK|ESCCOL|AMP|INPAT,,2590,0.504633204633205,0.0192556217932166,0.485377582839988,0.523888826426421,Ampicillin,J01C,E. coli,ESCCOL|Denmark|AMP,1307,pays_dans_perimetre
2008,Denmark,ESCCOL,CAZ,INPAT,1602,2008|DK|ESCCOL|CAZ|INPAT,,1681,0.0469958358120167,0.0101169429902136,0.0368788928218031,0.0571127788022302,Ceftazidime,J01D,E. coli,ESCCOL|Denmark|CAZ,79,pays_dans_perimetre
2008,Denmark,ESCCOL,CIP,INPAT,2083,2008|DK|ESCCOL|CIP|INPAT,,2364,0.118866328257191,0.0130461587232855,0.105820169533906,0.131912486980477,Ciprofloxacin,J01M,E. coli,ESCCOL|Denmark|CIP,281,pays_dans_perimetre
2008,Denmark,ESCCOL,CRO,INPAT,992,2008|DK|ESCCOL|CRO|INPAT,,1037,0.0433944069431051,0.0124008093222915,0.0309935976208136,0.0557952162653966,Ceftriaxone,J01D,E. coli,ESCCOL|Denmark|CRO,45,pays_dans_perimetre
2008,Denmark,ESCCOL,CTX,INPAT,788,2008|DK|ESCCOL|CTX|INPAT,,823,0.0425273390036452,0.0137864817246066,0.0287408572790386,0.0563138207282518,Cefotaxime,J01D,E. coli,ESCCOL|Denmark|CTX,35,pays_dans_perimetre
2008,Denmark,ESCCOL,GEN,INPAT,2492,2008|DK|ESCCOL|GEN|INPAT,,2605,0.0433781190019194,0.0078227188272687,0.0355554001746506,0.0512008378291881,Gentamicin,J01G,E. coli,ESCCOL|Denmark|GEN,113,pays_dans_perimetre
2008,Denmark,ESCCOL,MEM,INPAT,1727,2008|DK|ESCCOL|MEM|INPAT,,1728,0.0005787037037037,0.0011339310117457,-0.000555227308042,0.0017126347154494,Meropenem,J01D,E. coli,ESCCOL|Denmark|MEM,1,pays_dans_perimetre
2008,Denmark,KLEPNE,CAZ,INPAT,387,2008|DK|KLEPNE|CAZ|INPAT,,440,0.120454545454545,0.0304137851693039,0.0900407602852416,0.150868330623849,Ceftazidime,J01D,K. pneumoniae,KLEPNE|Denmark|CAZ,53,pays_dans_perimetre
2008,Denmark,KLEPNE,CIP,INPAT,470,2008|DK|KLEPNE|CIP|INPAT,,598,0.214046822742475,0.0328744283124208,0.181172394430054,0.246921251054896,Ciprofloxacin,J01M,K. pneumoniae,KLEPNE|Denmark|CIP,128,pays_dans_perimetre
2008,Denmark,KLEPNE,CRO,INPAT,211,2008|DK|KLEPNE|CRO|INPAT,,236,0.105932203389831,0.0392644301524247,0.0666677732374058,0.145196633542255,Ceftriaxone,J01D,K. pneumoniae,KLEPNE|Denmark|CRO,25,pays_dans_perimetre
2008,Denmark,KLEPNE,CTX,INPAT,165,2008|DK|KLEPNE|CTX|INPAT,,184,0.103260869565217,0.043969153988047,0.0592917155771704,0.147230023553264,Cefotaxime,J01D,K. pneumoniae,KLEPNE|Denmark|CTX,19,pays_dans_perimetre
2008,Denmark,KLEPNE,GEN,INPAT,596,2008|DK|KLEPNE|GEN|INPAT,,650,0.0830769230769231,0.021218078223861,0.0618588448530621,0.104295001300784,Gentamicin,J01G,K. pneumoniae,KLEPNE|Denmark|GEN,54,pays_dans_perimetre
2008,Denmark,KLEPNE,MEM,INPAT,475,2008|DK|KLEPNE|MEM|INPAT,,476,0.0021008403361344,0.0041133195252487,-0.0020124791891142,0.0062141598613831,Meropenem,J01D,K. pneumoniae,KLEPNE|Denmark|MEM,1,pays_dans_perimetre
2008,Denmark,PSEAER,CAZ,INPAT,299,2008|DK|PSEAER|CAZ|INPAT,,310,0.0354838709677419,0.0205942256675236,0.0148896453002184,0.0560780966352655,Ceftazidime,J01D,P. aeruginosa,PSEAER|Denmark|CAZ,11,pays_dans_perimetre
2008,Denmark,PSEAER,CIP,INPAT,309,2008|DK|PSEAER|CIP|INPAT,,328,0.0579268292682927,0.0252814131510932,0.0326454161171995,0.0832082424193858,Ciprofloxacin,J01M,P. aeruginosa,PSEAER|Denmark|CIP,19,pays_dans_perimetre
2008,Denmark,PSEAER,GEN,INPAT,326,2008|DK|PSEAER|GEN|INPAT,,332,0.0180722891566265,0.0143295770177039,0.0037427121389225,0.0324018661743305,Gentamicin,J01G,P. aeruginosa,PSEAER|Denmark|GEN,6,pays_dans_perimetre
2008,Denmark,PSEAER,MEM,INPAT,258,2008|DK|PSEAER|MEM|INPAT,,263,0.0190114068441065,0.0165050674615297,0.0025063393825767,0.0355164743056362,Meropenem,J01D,P. aeruginosa,PSEAER|Denmark|MEM,5,pays_dans_perimetre
2008,Denmark,PSEAER,TZP,INPAT,265,2008|DK|PSEAER|TZP|INPAT,,273,0.0293040293040293,0.020006910588154,0.0092971187158753,0.0493109398921833,Piperacillin + Tazobactam,J01C,P. aeruginosa,PSEAER|Denmark|TZP,8,pays_dans_perimetre
2008,Estonia,ESCCOL,CAZ,INPAT,144,2008|EE|ESCCOL|CAZ|INPAT,,151,0.0463576158940397,0.0335367456014077,0.012820870292632,0.0798943614954474,Ceftazidime,J01D,E. coli,ESCCOL|Estonia|CAZ,7,pays_dans_perimetre
2008,Estonia,KLEPNE,CIP,INPAT,54,2008|EE|KLEPNE|CIP|INPAT,,61,0.114754098360656,0.0799847549807915,0.0347693433798642,0.194738853341447,Ciprofloxacin,J01M,K. pneumoniae,KLEPNE|Estonia|CIP,7,pays_dans_perimetre
2008,Estonia,KLEPNE,GEN,INPAT,61,2008|EE|KLEPNE|GEN|INPAT,,72,0.152777777777778,0.0831033606589533,0.0696744171188245,0.235881138436731,Gentamicin,J01G,K. pneumoniae,KLEPNE|Estonia|GEN,11,pays_dans_perimetre
2008,Estonia,STAAUR,CIP,INPAT,144,2008|EE|STAAUR|CIP|INPAT,,158,0.0886075949367089,0.0443114237948229,0.0442961711418859,0.132919018731532,Ciprofloxacin,J01M,S. aureus,STAAUR|Estonia|CIP,14,pays_dans_perimetre
2008,Finland,ESCCOL,AMP,INPAT,37,2008|FI|ESCCOL|AMP|INPAT,,51,0.274509803921569,0.122480143659128,0.15202966026244,0.396989947580697,Ampicillin,J01C,E. coli,ESCCOL|Finland|AMP,14,pays_dans_perimetre
2008,Finland,ESCCOL,CAZ,INPAT,197,2008|FI|ESCCOL|CAZ|INPAT,,201,0.0199004975124378,0.0193074577861978,0.00059303972624,0.0392079552986356,Ceftazidime,J01D,E. coli,ESCCOL|Finland|CAZ,4,pays_dans_perimetre
2008,Finland,ESCCOL,CIP,INPAT,198,2008|FI|ESCCOL|CIP|INPAT,,214,0.0747663551401869,0.0352393588172388,0.0395269963229481,0.110005713957426,Ciprofloxacin,J01M,E. coli,ESCCOL|Finland|CIP,16,pays_dans_perimetre
2008,Finland,ESCCOL,CRO,INPAT,198,2008|FI|ESCCOL|CRO|INPAT,,202,0.0198019801980198,0.0192128418542288,0.000589138343791,0.0390148220522486,Ceftriaxone,J01D,E. coli,ESCCOL|Finland|CRO,4,pays_dans_perimetre
2008,Finland,ESCCOL,TOB,INPAT,194,2008|FI|ESCCOL|TOB|INPAT,,204,0.0490196078431373,0.0296286378187728,0.0193909700243645,0.07864824566191,Tobramycin,J01G,E. coli,ESCCOL|Finland|TOB,10,pays_dans_perimetre
2008,Finland,KLEPNE,CAZ,INPAT,28,2008|FI|KLEPNE|CAZ|INPAT,,30,0.0666666666666667,0.0892623266723592,-0.0225956600056925,0.155928993339026,Ceftazidime,J01D,K. pneumoniae,KLEPNE|Finland|CAZ,2,pays_dans_perimetre
2008,Finland,KLEPNE,CIP,INPAT,29,2008|FI|KLEPNE|CIP|INPAT,,32,0.09375,0.100992873743027,-0.007242873743027,0.194742873743027,Ciprofloxacin,J01M,K. pneumoniae,KLEPNE|Finland|CIP,3,pays_dans_perimetre
2008,Finland,KLEPNE,TOB,INPAT,27,2008|FI|KLEPNE|TOB|INPAT,,30,0.1,0.107353621271013,-0.0073536212710125,0.207353621271013,Tobramycin,J01G,K. pneumoniae,KLEPNE|Finland|TOB,3,pays_dans_perimetre
2008,Ireland,ENCFAE,AMP,INPAT,80,2008|IE|ENCFAE|AMP|INPAT,,81,0.0123456790123457,0.0240476995111088,-0.0117020204987632,0.0363933785234545,Ampicillin,J01C,E. faecalis,ENCFAE|Ireland|AMP,1,pays_dans_perimetre
2008,Ireland,ENCFAE,VAN,INPAT,79,2008|IE|ENCFAE|VAN|INPAT,,81,0.0246913580246914,0.0337953607357394,-0.009104002711048,0.0584867187604307,Vancomycin,J01X,E. faecalis,ENCFAE|Ireland|VAN,2,pays_dans_perimetre
2008,Ireland,ENCFAI,AMP,INPAT,7,2008|IE|ENCFAI|AMP|INPAT,,107,0.934579439252336,0.0468521391902731,0.887727300062063,0.98143157844261,Ampicillin,J01C,E. faecium,ENCFAI|Ireland|AMP,100,pays_dans_perimetre
2008,Ireland,ENCFAI,VAN,INPAT,72,2008|IE|ENCFAI|VAN|INPAT,,107,0.327102803738318,0.0888956838555001,0.238207119882818,0.415998487593818,Vancomycin,J01X,E. faecium,ENCFAI|Ireland|VAN,35,pays_dans_perimetre
2008,Ireland,ESCCOL,AMK,INPAT,323,2008|IE|ESCCOL|AMK|INPAT,,327,0.0122324159021407,0.0119142223035349,0.0003181935986057,0.0241466382056756,Amikacin,J01G,E. coli,ESCCOL|Ireland|AMK,4,pays_dans_perimetre
2008,Ireland,ESCCOL,AMP,INPAT,134,2008|IE|ESCCOL|AMP|INPAT,,474,0.717299578059072,0.0405396893609532,0.676759888698119,0.757839267420025,Ampicillin,J01C,E. coli,ESCCOL|Ireland|AMP,340,pays_dans_perimetre
2008,Ireland,ESCCOL,CAZ,INPAT,378,2008|IE|ESCCOL|CAZ|INPAT,,404,0.0643564356435644,0.0239285618545979,0.0404278737889664,0.0882849974981623,Ceftazidime,J01D,E. coli,ESCCOL|Ireland|CAZ,26,pays_dans_perimetre
2008,Ireland,ESCCOL,CIP,INPAT,366,2008|IE|ESCCOL|CIP|INPAT,,471,0.222929936305732,0.0375889247685882,0.185341011537144,0.260518861074321,Ciprofloxacin,J01M,E. coli,ESCCOL|Ireland|CIP,105,pays_dans_perimetre
2008,Ireland,ESCCOL,CRO,INPAT,101,2008|IE|ESCCOL|CRO|INPAT,,103,0.0194174757281553,0.0266486933284047,-0.0072312176002493,0.04606616905656,Ceftriaxone,J01D,E. coli,ESCCOL|Ireland|CRO,2,pays_dans_perimetre
2008,Ireland,ESCCOL,CTX,INPAT,355,2008|IE|ESCCOL|CTX|INPAT,,380,0.0657894736842105,0.0249267040426078,0.0408627696416027,0.0907161777268183,Cefotaxime,J01D,E. coli,ESCCOL|Ireland|CTX,25,pays_dans_perimetre
2008,Ireland,ESCCOL,GEN,INPAT,437,2008|IE|ESCCOL|GEN|INPAT,,471,0.0721868365180467,0.0233724848890404,0.0488143516290063,0.0955593214070871,Gentamicin,J01G,E. coli,ESCCOL|Ireland|GEN,34,pays_dans_perimetre
2008,Ireland,STAAUR,OXA,INPAT,110,2008|IE|STAAUR|OXA|INPAT,,224,0.508928571428571,0.0654685635438872,0.443460007884684,0.574397134972459,Oxacillin,J01C,S. aureus,STAAUR|Ireland|OXA,114,pays_dans_perimetre
2008,Lithuania,ESCCOL,AMP,INPAT,100,2008|LT|ESCCOL|AMP|INPAT,,222,0.54954954954955,0.0654495289201438,0.484100020629406,0.614999078469693,Ampicillin,J01C,E. coli,ESCCOL|Lithuania|AMP,122,pays_dans_perimetre
2008,Lithuania,ESCCOL,CAZ,INPAT,192,2008|LT|ESCCOL|CAZ|INPAT,,206,0.0679611650485437,0.0343692355853296,0.033591929463214,0.102330400633873,Ceftazidime,J01D,E. coli,ESCCOL|Lithuania|CAZ,14,pays_dans_perimetre
2008,Lithuania,ESCCOL,CIP,INPAT,259,2008|LT|ESCCOL|CIP|INPAT,,304,0.148026315789474,0.0399210389078417,0.108105276881632,0.187947354697315,Ciprofloxacin,J01M,E. coli,ESCCOL|Lithuania|CIP,45,pays_dans_perimetre
2008,Lithuania,ESCCOL,CRO,INPAT,109,2008|LT|ESCCOL|CRO|INPAT,,117,0.0683760683760684,0.0457336139246006,0.0226424544514678,0.114109682300669,Ceftriaxone,J01D,E. coli,ESCCOL|Lithuania|CRO,8,pays_dans_perimetre
2008,Lithuania,ESCCOL,CTX,INPAT,185,2008|LT|ESCCOL|CTX|INPAT,,198,0.0656565656565657,0.0344997403338077,0.031156825322758,0.100156305990373,Cefotaxime,J01D,E. coli,ESCCOL|Lithuania|CTX,13,pays_dans_perimetre
2008,Lithuania,ESCCOL,GEN,INPAT,263,2008|LT|ESCCOL|GEN|INPAT,,302,0.129139072847682,0.037822987976906,0.0913160848707761,0.166962060824588,Gentamicin,J01G,E. coli,ESCCOL|Lithuania|GEN,39,pays_dans_perimetre
2008,Lithuania,KLEPNE,CAZ,INPAT,30,2008|LT|KLEPNE|CAZ|INPAT,,47,0.361702127659574,0.137370782624058,0.224331345035516,0.499072910283633,Ceftazidime,J01D,K. pneumoniae,KLEPNE|Lithuania|CAZ,17,pays_dans_perimetre
2008,Lithuania,KLEPNE,CIP,INPAT,36,2008|LT|KLEPNE|CIP|INPAT,,52,0.307692307692308,0.125447582838629,0.182244724853679,0.433139890530936,Ciprofloxacin,J01M,K. pneumoniae,KLEPNE|Lithuania|CIP,16,pays_dans_perimetre
2008,Lithuania,KLEPNE,GEN,INPAT,32,2008|LT|KLEPNE|GEN|INPAT,,54,0.407407407407407,0.13105444669207,0.276352960715338,0.538461854099477,Gentamicin,J01G,K. pneumoniae,KLEPNE|Lithuania|GEN,22,pays_dans_perimetre
2008,Lithuania,STAAUR,FOX,INPAT,137,2008|LT|STAAUR|FOX|INPAT,,152,0.0986842105263158,0.0474129090486182,0.0512713014776976,0.146097119574934,Cefoxitin,J01D,S. aureus,STAAUR|Lithuania|FOX,15,pays_dans_perimetre
2008,Lithuania,STAAUR,RIF,INPAT,209,2008|LT|STAAUR|RIF|INPAT,,210,0.0047619047619047,0.0093110845929084,-0.0045491798310036,0.0140729893548132,Rifampicin,J04A,S. aureus,STAAUR|Lithuania|RIF,1,pays_dans_perimetre
2008,Lithuania,STRPNE,ERY,INPAT,44,2008|LT|STRPNE|ERY|INPAT,,47,0.0638297872340425,0.0698869761671885,-0.0060571889331459,0.133716763401231,Erythromycin,J01F,S. pneumoniae,STRPNE|Lithuania|ERY,3,pays_dans_perimetre
2008,Lithuania,STRPNE,OXA,INPAT,45,2008|LT|STRPNE|OXA|INPAT,,46,0.0217391304347826,0.0421430128648612,-0.0204038824300786,0.0638821432996438,Oxacillin,J01C,S. pneumoniae,STRPNE|Lithuania|OXA,1,pays_dans_perimetre
2008,Latvia,ESCCOL,AMK,INPAT,71,2008|LV|ESCCOL|AMK|INPAT,,71,0.0,0.0,0.0,0.0,Amikacin,J01G,E. coli,ESCCOL|Latvia|AMK,0,pays_dans_perimetre
2008,Latvia,ESCCOL,AMP,INPAT,45,2008|LV|ESCCOL|AMP|INPAT,,91,0.505494505494505,0.102725710942618,0.402768794551887,0.608220216437124,Ampicillin,J01C,E. coli,ESCCOL|Latvia|AMP,46,pays_dans_perimetre
2008,Latvia,ESCCOL,CAZ,INPAT,82,2008|LV|ESCCOL|CAZ|INPAT,,92,0.108695652173913,0.0636035353954663,0.0450921167784467,0.172299187569379,Ceftazidime,J01D,E. coli,ESCCOL|Latvia|CAZ,10,pays_dans_perimetre
2008,Latvia,ESCCOL,CIP,INPAT,79,2008|LV|ESCCOL|CIP|INPAT,,92,0.141304347826087,0.0711802570693999,0.0701240907566871,0.212484604895487,Ciprofloxacin,J01M,E. coli,ESCCOL|Latvia|CIP,13,pays_dans_perimetre
2008,Latvia,ESCCOL,CRO,INPAT,73,2008|LV|ESCCOL|CRO|INPAT,,81,0.0987654320987654,0.0649733061954605,0.0337921259033049,0.163738738294226,Ceftriaxone,J01D,E. coli,ESCCOL|Latvia|CRO,8,pays_dans_perimetre
2008,Latvia,ESCCOL,CTX,INPAT,78,2008|LV|ESCCOL|CTX|INPAT,,89,0.123595505617978,0.0683777341403666,0.0552177714776109,0.191973239758344,Cefotaxime,J01D,E. coli,ESCCOL|Latvia|CTX,11,pays_dans_perimetre
2008,Latvia,ESCCOL,GEN,INPAT,84,2008|LV|ESCCOL|GEN|INPAT,,91,0.0769230769230769,0.0547498137245009,0.022173263198576,0.131672890647578,Gentamicin,J01G,E. coli,ESCCOL|Latvia|GEN,7,pays_dans_perimetre
2008,Latvia,ESCCOL,TOB,INPAT,49,2008|LV|ESCCOL|TOB|INPAT,,58,0.155172413793103,0.0931822892501066,0.0619901245429969,0.24835470304321,Tobramycin,J01G,E. coli,ESCCOL|Latvia|TOB,9,pays_dans_perimetre
2008,Latvia,STAAUR,CIP,INPAT,141,2008|LV|STAAUR|CIP|INPAT,,161,0.124223602484472,0.0509497211537167,0.0732738813307553,0.175173323638189,Ciprofloxacin,J01M,S. aureus,STAAUR|Latvia|CIP,20,pays_dans_perimetre
2008,Latvia,STAAUR,FOX,INPAT,117,2008|LV|STAAUR|FOX|INPAT,,123,0.0487804878048781,0.0380686047899303,0.0107118830149477,0.0868490925948084,Cefoxitin,J01D,S. aureus,STAAUR|Latvia|FOX,6,pays_dans_perimetre
2008,Latvia,STAAUR,RIF,INPAT,155,2008|LV|STAAUR|RIF|INPAT,,155,0.0,0.0,0.0,0.0,Rifampicin,J04A,S. aureus,STAAUR|Latvia|RIF,0,pays_dans_perimetre
2008,Malta,ESCCOL,AMK,INPAT,94,2008|MT|ESCCOL|AMK|INPAT,,94,0.0,0.0,0.0,0.0,Amikacin,J01G,E. coli,ESCCOL|Malta|AMK,0,pays_dans_perimetre
2008,Malta,ESCCOL,AMP,INPAT,45,2008|MT|ESCCOL|AMP|INPAT,,94,0.521276595744681,0.1009877247938,0.420288870950881,0.622264320538481,Ampicillin,J01C,E. coli,ESCCOL|Malta|AMP,49,pays_dans_perimetre
2008,Malta,ESCCOL,CAZ,INPAT,74,2008|MT|ESCCOL|CAZ|INPAT,,93,0.204301075268817,0.0819453489360077,0.122355726332809,0.286246424204825,Ceftazidime,J01D,E. coli,ESCCOL|Malta|CAZ,19,pays_dans_perimetre
2008,Malta,ESCCOL,CIP,INPAT,65,2008|MT|ESCCOL|CIP|INPAT,,94,0.308510638297872,0.0933727109686576,0.215137927329215,0.40188334926653,Ciprofloxacin,J01M,E. coli,ESCCOL|Malta|CIP,29,pays_dans_perimetre
2008,Malta,ESCCOL,GEN,INPAT,78,2008|MT|ESCCOL|GEN|INPAT,,94,0.170212765957447,0.0759751530503775,0.0942376129070693,0.246187919007824,Gentamicin,J01G,E. coli,ESCCOL|Malta|GEN,16,pays_dans_perimetre
2008,Norway,ENCFAE,AMP,INPAT,268,2008|NO|ENCFAE|AMP|INPAT,,274,0.0218978102189781,0.0173289899293205,0.0045688202896575,0.0392268001482986,Ampicillin,J01C,E. faecalis,ENCFAE|Norway|AMP,6,pays_dans_perimetre
2008,Norway,ENCFAE,VAN,INPAT,265,2008|NO|ENCFAE|VAN|INPAT,,265,0.0,0.0,0.0,0.0,Vancomycin,J01X,E. faecalis,ENCFAE|Norway|VAN,0,pays_dans_perimetre
2008,Norway,ESCCOL,AMP,INPAT,2,2008|NO|ESCCOL|AMP|INPAT,,1663,0.998797354179194,0.0016657794941326,0.997131574685062,1.00046313367333,Ampicillin,J01C,E. coli,ESCCOL|Norway|AMP,1661,pays_dans_perimetre
2008,Norway,ESCCOL,CAZ,INPAT,1586,2008|NO|ESCCOL|CAZ|INPAT,,1639,0.0323367907260525,0.0085640100306323,0.0237727806954202,0.0409008007566848,Ceftazidime,J01D,E. coli,ESCCOL|Norway|CAZ,53,pays_dans_perimetre
2008,Norway,ESCCOL,CIP,INPAT,1480,2008|NO|ESCCOL|CIP|INPAT,,1652,0.104116222760291,0.0147277393013638,0.0893884834589267,0.118843962061654,Ciprofloxacin,J01M,E. coli,ESCCOL|Norway|CIP,172,pays_dans_perimetre
2008,Norway,ESCCOL,CTX,INPAT,1615,2008|NO|ESCCOL|CTX|INPAT,,1662,0.0282791817087846,0.0079697506623128,0.0203094310464717,0.0362489323710975,Cefotaxime,J01D,E. coli,ESCCOL|Norway|CTX,47,pays_dans_perimetre
2008,Norway,ESCCOL,GEN,INPAT,1465,2008|NO|ESCCOL|GEN|INPAT,,1519,0.0355497037524687,0.0093118313737737,0.026237872378695,0.0448615351262425,Gentamicin,J01G,E. coli,ESCCOL|Norway|GEN,54,pays_dans_perimetre
2008,Norway,ESCCOL,IPM,INPAT,280,2008|NO|ESCCOL|IPM|INPAT,,281,0.0035587188612099,0.0069626667159613,-0.0034039478547513,0.0105213855771713,Imipenem,J01D,E. coli,ESCCOL|Norway|IPM,1,pays_dans_perimetre
2008,Norway,ESCCOL,MEM,INPAT,1130,2008|NO|ESCCOL|MEM|INPAT,,1132,0.0017667844522968,0.0024464742592024,-0.0006796898069056,0.0042132587114992,Meropenem,J01D,E. coli,ESCCOL|Norway|MEM,2,pays_dans_perimetre
2008,Norway,ESCCOL,TOB,INPAT,183,2008|NO|ESCCOL|TOB|INPAT,,194,0.0567010309278351,0.0325443321647426,0.0241566987630925,0.0892453630925776,Tobramycin,J01G,E. coli,ESCCOL|Norway|TOB,11,pays_dans_perimetre
2008,Norway,STAAUR,CIP,INPAT,96,2008|NO|STAAUR|CIP|INPAT,,97,0.0103092783505155,0.0201017601363435,-0.009792481785828,0.030411038486859,Ciprofloxacin,J01M,S. aureus,STAAUR|Norway|CIP,1,pays_dans_perimetre
2008,Norway,STAAUR,OXA,INPAT,604,2008|NO|STAAUR|OXA|INPAT,,609,0.0082101806239737,0.0071669372806561,0.0010432433433175,0.0153771179046299,Oxacillin,J01C,S. aureus,STAAUR|Norway|OXA,5,pays_dans_perimetre
2008,Norway,STRPNE,CTX,INPAT,355,2008|NO|STRPNE|CTX|INPAT,,358,0.0083798882681564,0.0094429205414019,-0.0010630322732455,0.0178228088095584,Cefotaxime,J01D,S. pneumoniae,STRPNE|Norway|CTX,3,pays_dans_perimetre
2008,Norway,STRPNE,ERY,INPAT,461,2008|NO|STRPNE|ERY|INPAT,,496,0.0705645161290323,0.0225381384029033,0.048026377726129,0.0931026545319355,Erythromycin,J01F,S. pneumoniae,STRPNE|Norway|ERY,35,pays_dans_perimetre
2008,Norway,STRPNE,PEN,INPAT,500,2008|NO|STRPNE|PEN|INPAT,,507,0.0138067061143984,0.0101572970724123,0.0036494090419861,0.0239640031868107,Penicillin,J01C,S. pneumoniae,STRPNE|Norway|PEN,7,pays_dans_perimetre
2008,Poland,ESCCOL,AMP,INPAT,39,2008|PL|ESCCOL|AMP|INPAT,,84,0.535714285714286,0.106653645038508,0.429060640675778,0.642367930752793,Ampicillin,J01C,E. coli,ESCCOL|Poland|AMP,45,pays_dans_perimetre
2008,Poland,ESCCOL,CAZ,INPAT,82,2008|PL|ESCCOL|CAZ|INPAT,,84,0.0238095238095238,0.0326031127802694,-0.0087935889707455,0.0564126365897932,Ceftazidime,J01D,E. coli,ESCCOL|Poland|CAZ,2,pays_dans_perimetre
2008,Poland,ESCCOL,CIP,INPAT,67,2008|PL|ESCCOL|CIP|INPAT,,84,0.202380952380952,0.085920936956061,0.116460015424891,0.288301889337013,Ciprofloxacin,J01M,E. coli,ESCCOL|Poland|CIP,17,pays_dans_perimetre
2008,Poland,ESCCOL,CTX,INPAT,82,2008|PL|ESCCOL|CTX|INPAT,,84,0.0238095238095238,0.0326031127802694,-0.0087935889707455,0.0564126365897932,Cefotaxime,J01D,E. coli,ESCCOL|Poland|CTX,2,pays_dans_perimetre
2008,Poland,ESCCOL,GEN,INPAT,78,2008|PL|ESCCOL|GEN|INPAT,,84,0.0714285714285714,0.055075705472861,0.0163528659557104,0.126504276901432,Gentamicin,J01G,E. coli,ESCCOL|Poland|GEN,6,pays_dans_perimetre
2008,Sweden,ENCFAE,AMP,INPAT,470,2008|SE|ENCFAE|AMP|INPAT,,472,0.0042372881355932,0.0058601266235995,-0.0016228384880063,0.0100974147591927,Ampicillin,J01C,E. faecalis,ENCFAE|Sweden|AMP,2,pays_dans_perimetre
2008,Sweden,ENCFAE,GEH,INPAT,408,2008|SE|ENCFAE|GEH|INPAT,,522,0.218390804597701,0.0354431917305898,0.182947612867111,0.253833996328291,Gentamicin High,J01G,E. faecalis,ENCFAE|Sweden|GEH,114,pays_dans_perimetre
2008,Sweden,ENCFAI,AMP,INPAT,37,2008|SE|ENCFAI|AMP|INPAT,,237,0.843881856540084,0.0462114304635874,0.797670426076497,0.890093287003672,Ampicillin,J01C,E. faecium,ENCFAI|Sweden|AMP,200,pays_dans_perimetre
2008,Sweden,ENCFAI,VAN,INPAT,268,2008|SE|ENCFAI|VAN|INPAT,,272,0.0147058823529412,0.0143054033651146,0.0004004789878265,0.0290112857180558,Vancomycin,J01X,E. faecium,ENCFAI|Sweden|VAN,4,pays_dans_perimetre
2008,Sweden,ESCCOL,GEN,INPAT,1881,2008|SE|ESCCOL|GEN|INPAT,,1938,0.0294117647058824,0.0075224141130553,0.021889350592827,0.0369341788189377,Gentamicin,J01G,E. coli,ESCCOL|Sweden|GEN,57,pays_dans_perimetre
2008,Sweden,KLEPNE,GEN,INPAT,421,2008|SE|KLEPNE|GEN|INPAT,,428,0.0163551401869159,0.0120165690335437,0.0043385711533722,0.0283717092204595,Gentamicin,J01G,K. pneumoniae,KLEPNE|Sweden|GEN,7,pays_dans_perimetre
2008,Sweden,KLEPNE,TOB,INPAT,172,2008|SE|KLEPNE|TOB|INPAT,,173,0.0057803468208092,0.0112966881521989,-0.0055163413313896,0.0170770349730082,Tobramycin,J01G,K. pneumoniae,KLEPNE|Sweden|TOB,1,pays_dans_perimetre
2008,Sweden,PSEAER,CAZ,INPAT,217,2008|SE|PSEAER|CAZ|INPAT,,237,0.0843881856540084,0.0353898251636296,0.0489983604903788,0.119778010817638,Ceftazidime,J01D,P. aeruginosa,PSEAER|Sweden|CAZ,20,pays_dans_perimetre
2008,Sweden,PSEAER,CIP,INPAT,186,2008|SE|PSEAER|CIP|INPAT,,200,0.07,0.0353615723632307,0.0346384276367693,0.105361572363231,Ciprofloxacin,J01M,P. aeruginosa,PSEAER|Sweden|CIP,14,pays_dans_perimetre
2008,Sweden,PSEAER,IPM,INPAT,173,2008|SE|PSEAER|IPM|INPAT,,184,0.0597826086956522,0.034256952933365,0.0255256557622872,0.0940395616290172,Imipenem,J01D,P. aeruginosa,PSEAER|Sweden|IPM,11,pays_dans_perimetre
2008,Sweden,PSEAER,TOB,INPAT,75,2008|SE|PSEAER|TOB|INPAT,,75,0.0,0.0,0.0,0.0,Tobramycin,J01G,P. aeruginosa,PSEAER|Sweden|TOB,0,pays_dans_perimetre
2008,Sweden,STAAUR,RIF,INPAT,1162,2008|SE|STAAUR|RIF|INPAT,,1165,0.0025751072961373,0.0029102538651598,-0.0003351465690224,0.0054853611612971,Rifampicin,J04A,S. aureus,STAAUR|Sweden|RIF,3,pays_dans_perimetre
2009,Bulgaria,ESCCOL,AMK,INPAT,164,2009|BG|ESCCOL|AMK|INPAT,,173,0.0520231213872832,0.0330925394612517,0.0189305819260315,0.085115660848535,Amikacin,J01G,E. coli,ESCCOL|Bulgaria|AMK,9,pays_dans_perimetre
2009,Bulgaria,ESCCOL,AMP,INPAT,56,2009|BG|ESCCOL|AMP|INPAT,,166,0.662650602409639,0.0719257328127406,0.590724869596898,0.734576335222379,Ampicillin,J01C,E. coli,ESCCOL|Bulgaria|AMP,110,pays_dans_perimetre
2009,Bulgaria,ESCCOL,CAZ,INPAT,143,2009|BG|ESCCOL|CAZ|INPAT,,178,0.196629213483146,0.0583886062686843,0.138240607214462,0.25501781975183,Ceftazidime,J01D,E. coli,ESCCOL|Bulgaria|CAZ,35,pays_dans_perimetre
2009,Bulgaria,ESCCOL,CIP,INPAT,136,2009|BG|ESCCOL|CIP|INPAT,,193,0.295336787564767,0.0643616234067587,0.230975164158008,0.359698410971526,Ciprofloxacin,J01M,E. coli,ESCCOL|Bulgaria|CIP,57,pays_dans_perimetre
2009,Bulgaria,ESCCOL,CRO,INPAT,78,2009|BG|ESCCOL|CRO|INPAT,,102,0.235294117647059,0.0823206395705304,0.152973478076528,0.317614757217589,Ceftriaxone,J01D,E. coli,ESCCOL|Bulgaria|CRO,24,pays_dans_perimetre
2009,Bulgaria,ESCCOL,CTX,INPAT,123,2009|BG|ESCCOL|CTX|INPAT,,151,0.185430463576159,0.0619900835664296,0.123440380009729,0.247420547142589,Cefotaxime,J01D,E. coli,ESCCOL|Bulgaria|CTX,28,pays_dans_perimetre
2009,Bulgaria,ESCCOL,GEN,INPAT,160,2009|BG|ESCCOL|GEN|INPAT,,192,0.166666666666667,0.0527156066567121,0.113951060009955,0.219382273323379,Gentamicin,J01G,E. coli,ESCCOL|Bulgaria|GEN,32,pays_dans_perimetre
2009,Bulgaria,STAAUR,CIP,INPAT,177,2009|BG|STAAUR|CIP|INPAT,,204,0.132352941176471,0.0465028248749634,0.0858501163015072,0.178855766051434,Ciprofloxacin,J01M,S. aureus,STAAUR|Bulgaria|CIP,27,pays_dans_perimetre
2009,Bulgaria,STAAUR,RIF,INPAT,133,2009|BG|STAAUR|RIF|INPAT,,137,0.0291970802919708,0.0281923343139789,0.0010047459779919,0.0573894146059497,Rifampicin,J04A,S. aureus,STAAUR|Bulgaria|RIF,4,pays_dans_perimetre
2009,Denmark,ENCFAE,AMP,INPAT,444,2009|DK|ENCFAE|AMP|INPAT,,450,0.0133333333333333,0.0105975240527862,0.0027358092805471,0.0239308573861196,Ampicillin,J01C,E. faecalis,ENCFAE|Denmark|AMP,6,pays_dans_perimetre
2009,Denmark,ENCFAE,VAN,INPAT,406,2009|DK|ENCFAE|VAN|INPAT,,414,0.0193236714975845,0.0132606120608471,0.0060630594367374,0.0325842835584317,Vancomycin,J01X,E. faecalis,ENCFAE|Denmark|VAN,8,pays_dans_perimetre
2009,Denmark,ENCFAI,AMP,INPAT,34,2009|DK|ENCFAI|AMP|INPAT,,324,0.895061728395062,0.0333715987806866,0.861690129614375,0.928433327175748,Ampicillin,J01C,E. faecium,ENCFAI|Denmark|AMP,290,pays_dans_perimetre
2009,Denmark,ENCFAI,VAN,INPAT,316,2009|DK|ENCFAI|VAN|INPAT,,321,0.0155763239875389,0.0135464989049446,0.0020298250825943,0.0291228228924835,Vancomycin,J01X,E. faecium,ENCFAI|Denmark|VAN,5,pays_dans_perimetre
2009,Denmark,ESCCOL,AMP,INPAT,1163,2009|DK|ESCCOL|AMP|INPAT,,2367,0.50866075200676,0.0201401075450048,0.488520644461755,0.528800859551764,Ampicillin,J01C,E. coli,ESCCOL|Denmark|AMP,1204,pays_dans_perimetre
2009,Denmark,ESCCOL,CAZ,INPAT,1614,2009|DK|ESCCOL|CAZ|INPAT,,1723,0.0632617527568195,0.0114945816441804,0.0517671711126391,0.0747563344009999,Ceftazidime,J01D,E. coli,ESCCOL|Denmark|CAZ,109,pays_dans_perimetre
2009,Denmark,ESCCOL,CIP,INPAT,1933,2009|DK|ESCCOL|CIP|INPAT,,2262,0.145446507515473,0.0145288435250834,0.13091766399039,0.159975351040556,Ciprofloxacin,J01M,E. coli,ESCCOL|Denmark|CIP,329,pays_dans_perimetre
2009,Denmark,ESCCOL,CRO,INPAT,622,2009|DK|ESCCOL|CRO|INPAT,,652,0.0460122699386503,0.0160820162815745,0.0299302536570758,0.0620942862202248,Ceftriaxone,J01D,E. coli,ESCCOL|Denmark|CRO,30,pays_dans_perimetre
2009,Denmark,ESCCOL,CTX,INPAT,552,2009|DK|ESCCOL|CTX|INPAT,,584,0.0547945205479452,0.0184578591969557,0.0363366613509895,0.0732523797449009,Cefotaxime,J01D,E. coli,ESCCOL|Denmark|CTX,32,pays_dans_perimetre
2009,Denmark,ESCCOL,GEN,INPAT,2251,2009|DK|ESCCOL|GEN|INPAT,,2366,0.0486052409129332,0.0086650411318517,0.0399401997810815,0.0572702820447849,Gentamicin,J01G,E. coli,ESCCOL|Denmark|GEN,115,pays_dans_perimetre
2009,Denmark,ESCCOL,MEM,INPAT,1132,2009|DK|ESCCOL|MEM|INPAT,,1132,0.0,0.0,0.0,0.0,Meropenem,J01D,E. coli,ESCCOL|Denmark|MEM,0,pays_dans_perimetre
2009,Denmark,KLEPNE,CAZ,INPAT,294,2009|DK|KLEPNE|CAZ|INPAT,,340,0.135294117647059,0.0363571872415292,0.0989369304055296,0.171651304888588,Ceftazidime,J01D,K. pneumoniae,KLEPNE|Denmark|CAZ,46,pays_dans_perimetre
2009,Denmark,KLEPNE,CIP,INPAT,453,2009|DK|KLEPNE|CIP|INPAT,,564,0.196808510638298,0.0328131561917013,0.163995354446597,0.229621666829999,Ciprofloxacin,J01M,K. pneumoniae,KLEPNE|Denmark|CIP,111,pays_dans_perimetre
2009,Denmark,KLEPNE,CRO,INPAT,150,2009|DK|KLEPNE|CRO|INPAT,,161,0.0683229813664596,0.0389725864797025,0.0293503948867571,0.107295567846162,Ceftriaxone,J01D,K. pneumoniae,KLEPNE|Denmark|CRO,11,pays_dans_perimetre
2009,Denmark,KLEPNE,CTX,INPAT,150,2009|DK|KLEPNE|CTX|INPAT,,160,0.0625,0.0375078116863674,0.0249921883136326,0.100007811686367,Cefotaxime,J01D,K. pneumoniae,KLEPNE|Denmark|CTX,10,pays_dans_perimetre
2009,Denmark,KLEPNE,GEN,INPAT,539,2009|DK|KLEPNE|GEN|INPAT,,587,0.0817717206132879,0.0221673572665613,0.0596043633467266,0.103939077879849,Gentamicin,J01G,K. pneumoniae,KLEPNE|Denmark|GEN,48,pays_dans_perimetre
2009,Denmark,KLEPNE,MEM,INPAT,414,2009|DK|KLEPNE|MEM|INPAT,,414,0.0,0.0,0.0,0.0,Meropenem,J01D,K. pneumoniae,KLEPNE|Denmark|MEM,0,pays_dans_perimetre
2009,Denmark,PSEAER,CAZ,INPAT,237,2009|DK|PSEAER|CAZ|INPAT,,246,0.0365853658536585,0.0234611252703173,0.0131242405833412,0.0600464911239759,Ceftazidime,J01D,P. aeruginosa,PSEAER|Denmark|CAZ,9,pays_dans_perimetre
2009,Denmark,PSEAER,CIP,INPAT,265,2009|DK|PSEAER|CIP|INPAT,,282,0.0602836879432624,0.0277798442522115,0.032503843691051,0.0880635321954739,Ciprofloxacin,J01M,P. aeruginosa,PSEAER|Denmark|CIP,17,pays_dans_perimetre
2009,Denmark,PSEAER,GEN,INPAT,287,2009|DK|PSEAER|GEN|INPAT,,291,0.013745704467354,0.0133778872668899,0.000367817200464,0.0271235917342439,Gentamicin,J01G,P. aeruginosa,PSEAER|Denmark|GEN,4,pays_dans_perimetre
2009,Denmark,PSEAER,MEM,INPAT,214,2009|DK|PSEAER|MEM|INPAT,,222,0.036036036036036,0.0245176301755864,0.0115184058604496,0.0605536662116225,Meropenem,J01D,P. aeruginosa,PSEAER|Denmark|MEM,8,pays_dans_perimetre
2009,Denmark,PSEAER,TZP,INPAT,237,2009|DK|PSEAER|TZP|INPAT,,244,0.0286885245901639,0.02094568292246,0.0077428416677039,0.0496342075126239,Piperacillin + Tazobactam,J01C,P. aeruginosa,PSEAER|Denmark|TZP,7,pays_dans_perimetre
2009,Estonia,ESCCOL,CAZ,INPAT,148,2009|EE|ESCCOL|CAZ|INPAT,,151,0.0198675496688742,0.0222577948638066,-0.0023902451949324,0.0421253445326808,Ceftazidime,J01D,E. coli,ESCCOL|Estonia|CAZ,3,pays_dans_perimetre
2009,Estonia,KLEPNE,CIP,INPAT,47,2009|EE|KLEPNE|CIP|INPAT,,58,0.189655172413793,0.100892608972342,0.0887625634414516,0.290547781386135,Ciprofloxacin,J01M,K. pneumoniae,KLEPNE|Estonia|CIP,11,pays_dans_perimetre
2009,Estonia,KLEPNE,GEN,INPAT,49,2009|EE|KLEPNE|GEN|INPAT,,60,0.183333333333333,0.0979092172107142,0.0854241161226191,0.281242550544048,Gentamicin,J01G,K. pneumoniae,KLEPNE|Estonia|GEN,11,pays_dans_perimetre
2009,Finland,ESCCOL,AMP,INPAT,410,2009|FI|ESCCOL|AMP|INPAT,,694,0.409221902017291,0.0365820436877285,0.372639858329563,0.44580394570502,Ampicillin,J01C,E. coli,ESCCOL|Finland|AMP,284,pays_dans_perimetre
2009,Finland,ESCCOL,CAZ,INPAT,703,2009|FI|ESCCOL|CAZ|INPAT,,724,0.0290055248618785,0.0122246246133254,0.0167809002485531,0.0412301494752038,Ceftazidime,J01D,E. coli,ESCCOL|Finland|CAZ,21,pays_dans_perimetre
2009,Finland,ESCCOL,CIP,INPAT,339,2009|FI|ESCCOL|CIP|INPAT,,387,0.124031007751938,0.032840525025153,0.091190482726785,0.156871532777091,Ciprofloxacin,J01M,E. coli,ESCCOL|Finland|CIP,48,pays_dans_perimetre
2009,Finland,ESCCOL,CRO,INPAT,359,2009|FI|ESCCOL|CRO|INPAT,,373,0.0375335120643432,0.0192887491784407,0.0182447628859025,0.0568222612427838,Ceftriaxone,J01D,E. coli,ESCCOL|Finland|CRO,14,pays_dans_perimetre
2009,Finland,ESCCOL,TOB,INPAT,730,2009|FI|ESCCOL|TOB|INPAT,,755,0.033112582781457,0.012763420520411,0.0203491622610459,0.045876003301868,Tobramycin,J01G,E. coli,ESCCOL|Finland|TOB,25,pays_dans_perimetre
2009,Finland,KLEPNE,CAZ,INPAT,151,2009|FI|KLEPNE|CAZ|INPAT,,154,0.0194805194805195,0.0218285099521653,-0.0023479904716458,0.0413090294326848,Ceftazidime,J01D,K. pneumoniae,KLEPNE|Finland|CAZ,3,pays_dans_perimetre
2009,Finland,KLEPNE,CIP,INPAT,80,2009|FI|KLEPNE|CIP|INPAT,,85,0.0588235294117647,0.050021611449949,0.0088019179618157,0.108845140861714,Ciprofloxacin,J01M,K. pneumoniae,KLEPNE|Finland|CIP,5,pays_dans_perimetre
2009,Finland,KLEPNE,TOB,INPAT,161,2009|FI|KLEPNE|TOB|INPAT,,165,0.0242424242424242,0.0234678383849419,0.0007745858574823,0.0477102626273661,Tobramycin,J01G,K. pneumoniae,KLEPNE|Finland|TOB,4,pays_dans_perimetre
2009,Ireland,ENCFAE,AMP,INPAT,102,2009|IE|ENCFAE|AMP|INPAT,,103,0.0097087378640776,0.0189365265097444,-0.0092277886456667,0.0286452643738221,Ampicillin,J01C,E. faecalis,ENCFAE|Ireland|AMP,1,pays_dans_perimetre
2009,Ireland,ENCFAE,VAN,INPAT,104,2009|IE|ENCFAE|VAN|INPAT,,104,0.0,0.0,0.0,0.0,Vancomycin,J01X,E. faecalis,ENCFAE|Ireland|VAN,0,pays_dans_perimetre
2009,Ireland,ENCFAI,AMP,INPAT,10,2009|IE|ENCFAI|AMP|INPAT,,127,0.921259842519685,0.0468428619038383,0.874416980615847,0.968102704423523,Ampicillin,J01C,E. faecium,ENCFAI|Ireland|AMP,117,pays_dans_perimetre
2009,Ireland,ENCFAI,VAN,INPAT,90,2009|IE|ENCFAI|VAN|INPAT,,128,0.296875,0.0791505924436431,0.217724407556357,0.376025592443643,Vancomycin,J01X,E. faecium,ENCFAI|Ireland|VAN,38,pays_dans_perimetre
2009,Ireland,ESCCOL,AMK,INPAT,534,2009|IE|ESCCOL|AMK|INPAT,,538,0.0074349442379182,0.0072591084046773,0.0001758358332409,0.0146940526425955,Amikacin,J01G,E. coli,ESCCOL|Ireland|AMK,4,pays_dans_perimetre
2009,Ireland,ESCCOL,AMP,INPAT,194,2009|IE|ESCCOL|AMP|INPAT,,651,0.701996927803379,0.0351352908925234,0.666861636910856,0.737132218695903,Ampicillin,J01C,E. coli,ESCCOL|Ireland|AMP,457,pays_dans_perimetre
2009,Ireland,ESCCOL,CAZ,INPAT,551,2009|IE|ESCCOL|CAZ|INPAT,,581,0.0516351118760757,0.0179940241724236,0.0336410877036522,0.0696291360484993,Ceftazidime,J01D,E. coli,ESCCOL|Ireland|CAZ,30,pays_dans_perimetre
2009,Ireland,ESCCOL,CIP,INPAT,535,2009|IE|ESCCOL|CIP|INPAT,,687,0.221251819505095,0.0310398526363097,0.190211966868785,0.252291672141404,Ciprofloxacin,J01M,E. coli,ESCCOL|Ireland|CIP,152,pays_dans_perimetre
2009,Ireland,ESCCOL,CRO,INPAT,129,2009|IE|ESCCOL|CRO|INPAT,,132,0.0227272727272727,0.0254243967462818,-0.0026971240190091,0.0481516694735546,Ceftriaxone,J01D,E. coli,ESCCOL|Ireland|CRO,3,pays_dans_perimetre
2009,Ireland,ESCCOL,CTX,INPAT,505,2009|IE|ESCCOL|CTX|INPAT,,541,0.066543438077634,0.0210018287616634,0.0455416093159706,0.0875452668392974,Cefotaxime,J01D,E. coli,ESCCOL|Ireland|CTX,36,pays_dans_perimetre
2009,Ireland,ESCCOL,GEN,INPAT,643,2009|IE|ESCCOL|GEN|INPAT,,688,0.0654069767441861,0.018475030215781,0.046931946528405,0.0838820069599671,Gentamicin,J01G,E. coli,ESCCOL|Ireland|GEN,45,pays_dans_perimetre
2009,Ireland,STAAUR,OXA,INPAT,200,2009|IE|STAAUR|OXA|INPAT,,345,0.420289855072464,0.0520866501688083,0.368203204903655,0.472376505241272,Oxacillin,J01C,S. aureus,STAAUR|Ireland|OXA,145,pays_dans_perimetre
2009,Lithuania,ESCCOL,AMP,INPAT,117,2009|LT|ESCCOL|AMP|INPAT,,291,0.597938144329897,0.0563357580971589,0.541602386232738,0.654273902427056,Ampicillin,J01C,E. coli,ESCCOL|Lithuania|AMP,174,pays_dans_perimetre
2009,Lithuania,ESCCOL,CAZ,INPAT,223,2009|LT|ESCCOL|CAZ|INPAT,,246,0.0934959349593496,0.0363805918685125,0.0571153430908371,0.129876526827862,Ceftazidime,J01D,E. coli,ESCCOL|Lithuania|CAZ,23,pays_dans_perimetre
2009,Lithuania,ESCCOL,CIP,INPAT,245,2009|LT|ESCCOL|CIP|INPAT,,294,0.166666666666667,0.0426006433615129,0.124066023305154,0.20926731002818,Ciprofloxacin,J01M,E. coli,ESCCOL|Lithuania|CIP,49,pays_dans_perimetre
2009,Lithuania,ESCCOL,CRO,INPAT,83,2009|LT|ESCCOL|CRO|INPAT,,97,0.144329896907216,0.0699361199441514,0.074393776963065,0.214266016851368,Ceftriaxone,J01D,E. coli,ESCCOL|Lithuania|CRO,14,pays_dans_perimetre
2009,Lithuania,ESCCOL,CTX,INPAT,148,2009|LT|ESCCOL|CTX|INPAT,,156,0.0512820512820513,0.0346134608762446,0.0166685904058066,0.0858955121582959,Cefotaxime,J01D,E. coli,ESCCOL|Lithuania|CTX,8,pays_dans_perimetre
2009,Lithuania,ESCCOL,GEN,INPAT,249,2009|LT|ESCCOL|GEN|INPAT,,296,0.158783783783784,0.0416358185578951,0.117147965225889,0.200419602341679,Gentamicin,J01G,E. coli,ESCCOL|Lithuania|GEN,47,pays_dans_perimetre
2009,Lithuania,KLEPNE,CAZ,INPAT,26,2009|LT|KLEPNE|CAZ|INPAT,,64,0.59375,0.120327413848372,0.473422586151628,0.714077413848373,Ceftazidime,J01D,K. pneumoniae,KLEPNE|Lithuania|CAZ,38,pays_dans_perimetre
2009,Lithuania,KLEPNE,CIP,INPAT,35,2009|LT|KLEPNE|CIP|INPAT,,67,0.477611940298507,0.119605975815718,0.35800596448279,0.597217916114225,Ciprofloxacin,J01M,K. pneumoniae,KLEPNE|Lithuania|CIP,32,pays_dans_perimetre
2009,Lithuania,KLEPNE,GEN,INPAT,30,2009|LT|KLEPNE|GEN|INPAT,,68,0.558823529411765,0.118017151447674,0.44080637796409,0.676840680859439,Gentamicin,J01G,K. pneumoniae,KLEPNE|Lithuania|GEN,38,pays_dans_perimetre
2009,Lithuania,STAAUR,FOX,INPAT,152,2009|LT|STAAUR|FOX|INPAT,,174,0.126436781609195,0.0493816200158905,0.0770551615933049,0.175818401625086,Cefoxitin,J01D,S. aureus,STAAUR|Lithuania|FOX,22,pays_dans_perimetre
2009,Lithuania,STAAUR,RIF,INPAT,164,2009|LT|STAAUR|RIF|INPAT,,164,0.0,0.0,0.0,0.0,Rifampicin,J04A,S. aureus,STAAUR|Lithuania|RIF,0,pays_dans_perimetre
2009,Lithuania,STRPNE,ERY,INPAT,41,2009|LT|STRPNE|ERY|INPAT,,44,0.0681818181818182,0.0744782755148534,-0.0062964573330352,0.142660093696672,Erythromycin,J01F,S. pneumoniae,STRPNE|Lithuania|ERY,3,pays_dans_perimetre
2009,Lithuania,STRPNE,OXA,INPAT,40,2009|LT|STRPNE|OXA|INPAT,,43,0.0697674418604651,0.0761454593667782,-0.006378017506313,0.145912901227243,Oxacillin,J01C,S. pneumoniae,STRPNE|Lithuania|OXA,3,pays_dans_perimetre
2009,Latvia,ESCCOL,AMK,INPAT,68,2009|LV|ESCCOL|AMK|INPAT,,70,0.0285714285714286,0.0390281949364815,-0.0104567663650529,0.0675996235079101,Amikacin,J01G,E. coli,ESCCOL|Latvia|AMK,2,pays_dans_perimetre
2009,Latvia,ESCCOL,AMP,INPAT,46,2009|LV|ESCCOL|AMP|INPAT,,84,0.452380952380952,0.106440732943876,0.345940219437076,0.558821685324829,Ampicillin,J01C,E. coli,ESCCOL|Latvia|AMP,38,pays_dans_perimetre
2009,Latvia,ESCCOL,CAZ,INPAT,77,2009|LV|ESCCOL|CAZ|INPAT,,88,0.125,0.0690993191651764,0.0559006808348236,0.194099319165176,Ceftazidime,J01D,E. coli,ESCCOL|Latvia|CAZ,11,pays_dans_perimetre
2009,Latvia,ESCCOL,CIP,INPAT,65,2009|LV|ESCCOL|CIP|INPAT,,85,0.235294117647059,0.0901777424820638,0.145116375164995,0.325471860129123,Ciprofloxacin,J01M,E. coli,ESCCOL|Latvia|CIP,20,pays_dans_perimetre
2009,Latvia,ESCCOL,CRO,INPAT,69,2009|LV|ESCCOL|CRO|INPAT,,78,0.115384615384615,0.0709022418664185,0.0444823735181969,0.186286857251034,Ceftriaxone,J01D,E. coli,ESCCOL|Latvia|CRO,9,pays_dans_perimetre
2009,Latvia,ESCCOL,CTX,INPAT,75,2009|LV|ESCCOL|CTX|INPAT,,85,0.117647058823529,0.0684949123847393,0.0491521464387901,0.186141971208269,Cefotaxime,J01D,E. coli,ESCCOL|Latvia|CTX,10,pays_dans_perimetre
2009,Latvia,ESCCOL,GEN,INPAT,80,2009|LV|ESCCOL|GEN|INPAT,,87,0.0804597701149425,0.0571572342686007,0.0233025358463418,0.137617004383543,Gentamicin,J01G,E. coli,ESCCOL|Latvia|GEN,7,pays_dans_perimetre
2009,Latvia,ESCCOL,TOB,INPAT,50,2009|LV|ESCCOL|TOB|INPAT,,58,0.137931034482759,0.0887450373810539,0.0491859971017048,0.226676071863813,Tobramycin,J01G,E. coli,ESCCOL|Latvia|TOB,8,pays_dans_perimetre
2009,Latvia,STAAUR,CIP,INPAT,165,2009|LV|STAAUR|CIP|INPAT,,188,0.122340425531915,0.0468408953160446,0.0754995302158703,0.16918132084796,Ciprofloxacin,J01M,S. aureus,STAAUR|Latvia|CIP,23,pays_dans_perimetre
2009,Latvia,STAAUR,FOX,INPAT,166,2009|LV|STAAUR|FOX|INPAT,,177,0.0621468926553672,0.0355669445964156,0.0265799480589516,0.0977138372517828,Cefoxitin,J01D,S. aureus,STAAUR|Latvia|FOX,11,pays_dans_perimetre
2009,Latvia,STAAUR,RIF,INPAT,157,2009|LV|STAAUR|RIF|INPAT,,159,0.0125786163522013,0.0173230839050465,-0.0047444675528452,0.0299017002572478,Rifampicin,J04A,S. aureus,STAAUR|Latvia|RIF,2,pays_dans_perimetre
2009,Malta,ESCCOL,AMK,INPAT,84,2009|MT|ESCCOL|AMK|INPAT,,86,0.0232558139534884,0.031853931027129,-0.0085981170736406,0.0551097449806174,Amikacin,J01G,E. coli,ESCCOL|Malta|AMK,2,pays_dans_perimetre
2009,Malta,ESCCOL,AMP,INPAT,42,2009|MT|ESCCOL|AMP|INPAT,,86,0.511627906976744,0.105647537314847,0.405980369661897,0.617275444291591,Ampicillin,J01C,E. coli,ESCCOL|Malta|AMP,44,pays_dans_perimetre
2009,Malta,ESCCOL,CAZ,INPAT,74,2009|MT|ESCCOL|CAZ|INPAT,,86,0.13953488372093,0.0732343577736184,0.0663005259473118,0.212769241494549,Ceftazidime,J01D,E. coli,ESCCOL|Malta|CAZ,12,pays_dans_perimetre
2009,Malta,ESCCOL,CIP,INPAT,58,2009|MT|ESCCOL|CIP|INPAT,,86,0.325581395348837,0.0990378963403263,0.226543499008511,0.424619291689164,Ciprofloxacin,J01M,E. coli,ESCCOL|Malta|CIP,28,pays_dans_perimetre
2009,Malta,ESCCOL,GEN,INPAT,71,2009|MT|ESCCOL|GEN|INPAT,,86,0.174418604651163,0.0802016306464735,0.0942169740046893,0.254620235297636,Gentamicin,J01G,E. coli,ESCCOL|Malta|GEN,15,pays_dans_perimetre
2009,Norway,ENCFAE,AMP,INPAT,331,2009|NO|ENCFAE|AMP|INPAT,,331,0.0,0.0,0.0,0.0,Ampicillin,J01C,E. faecalis,ENCFAE|Norway|AMP,0,pays_dans_perimetre
2009,Norway,ENCFAE,VAN,INPAT,304,2009|NO|ENCFAE|VAN|INPAT,,305,0.0032786885245901,0.0064156860564553,-0.0031369975318651,0.0096943745810454,Vancomycin,J01X,E. faecalis,ENCFAE|Norway|VAN,1,pays_dans_perimetre
2009,Norway,ESCCOL,AMP,INPAT,4,2009|NO|ESCCOL|AMP|INPAT,,1659,0.997588908981314,0.0023600189328618,0.995228890048452,0.999948927914176,Ampicillin,J01C,E. coli,ESCCOL|Norway|AMP,1655,pays_dans_perimetre
2009,Norway,ESCCOL,CAZ,INPAT,1601,2009|NO|ESCCOL|CAZ|INPAT,,1657,0.0337960168980085,0.0087008561420464,0.025095160755962,0.0424968730400549,Ceftazidime,J01D,E. coli,ESCCOL|Norway|CAZ,56,pays_dans_perimetre
2009,Norway,ESCCOL,CIP,INPAT,1440,2009|NO|ESCCOL|CIP|INPAT,,1645,0.124620060790274,0.0159611946707871,0.108658866119486,0.140581255461061,Ciprofloxacin,J01M,E. coli,ESCCOL|Norway|CIP,205,pays_dans_perimetre
2009,Norway,ESCCOL,CTX,INPAT,1615,2009|NO|ESCCOL|CTX|INPAT,,1659,0.0265220012055455,0.0077321290510975,0.0187898721544479,0.0342541302566431,Cefotaxime,J01D,E. coli,ESCCOL|Norway|CTX,44,pays_dans_perimetre
2009,Norway,ESCCOL,GEN,INPAT,1419,2009|NO|ESCCOL|GEN|INPAT,,1477,0.039268788083954,0.0099058220711619,0.029362966012792,0.0491746101551159,Gentamicin,J01G,E. coli,ESCCOL|Norway|GEN,58,pays_dans_perimetre
2009,Norway,ESCCOL,IPM,INPAT,324,2009|NO|ESCCOL|IPM|INPAT,,324,0.0,0.0,0.0,0.0,Imipenem,J01D,E. coli,ESCCOL|Norway|IPM,0,pays_dans_perimetre
2009,Norway,ESCCOL,MEM,INPAT,1147,2009|NO|ESCCOL|MEM|INPAT,,1147,0.0,0.0,0.0,0.0,Meropenem,J01D,E. coli,ESCCOL|Norway|MEM,0,pays_dans_perimetre
2009,Norway,ESCCOL,TOB,INPAT,271,2009|NO|ESCCOL|TOB|INPAT,,280,0.0321428571428571,0.0206597434640414,0.0114831136788158,0.0528026006068985,Tobramycin,J01G,E. coli,ESCCOL|Norway|TOB,9,pays_dans_perimetre
2009,Norway,STAAUR,CIP,INPAT,158,2009|NO|STAAUR|CIP|INPAT,,166,0.0481927710843374,0.0325812300442795,0.0156115410400579,0.0807740011286169,Ciprofloxacin,J01M,S. aureus,STAAUR|Norway|CIP,8,pays_dans_perimetre
2009,Norway,STAAUR,OXA,INPAT,618,2009|NO|STAAUR|OXA|INPAT,,620,0.0032258064516129,0.0044635229537746,-0.0012377165021617,0.0076893294053875,Oxacillin,J01C,S. aureus,STAAUR|Norway|OXA,2,pays_dans_perimetre
2009,Norway,STRPNE,CTX,INPAT,375,2009|NO|STRPNE|CTX|INPAT,,376,0.0026595744680851,0.0052058294727275,-0.0025462550046424,0.0078654039408126,Cefotaxime,J01D,S. pneumoniae,STRPNE|Norway|CTX,1,pays_dans_perimetre
2009,Norway,STRPNE,ERY,INPAT,460,2009|NO|STRPNE|ERY|INPAT,,486,0.0534979423868313,0.0200063221304657,0.0334916202563656,0.0735042645172969,Erythromycin,J01F,S. pneumoniae,STRPNE|Norway|ERY,26,pays_dans_perimetre
2009,Norway,STRPNE,PEN,INPAT,481,2009|NO|STRPNE|PEN|INPAT,,492,0.0223577235772358,0.0130640338785232,0.0092936896987125,0.035421757455759,Penicillin,J01C,S. pneumoniae,STRPNE|Norway|PEN,11,pays_dans_perimetre
2009,Poland,ENCFAI,LNZ,INPAT,46,2009|PL|ENCFAI|LNZ|INPAT,,46,0.0,0.0,0.0,0.0,Linezolid,J01X,E. faecium,ENCFAI|Poland|LNZ,0,pays_dans_perimetre
2009,Poland,ESCCOL,AMP,INPAT,160,2009|PL|ESCCOL|AMP|INPAT,,465,0.655913978494624,0.0431803892555284,0.612733589239095,0.699094367750152,Ampicillin,J01C,E. coli,ESCCOL|Poland|AMP,305,pays_dans_perimetre
2009,Poland,ESCCOL,CAZ,INPAT,406,2009|PL|ESCCOL|CAZ|INPAT,,451,0.0997782705099778,0.0276605322227964,0.0721177382871814,0.127438802732774,Ceftazidime,J01D,E. coli,ESCCOL|Poland|CAZ,45,pays_dans_perimetre
2009,Poland,ESCCOL,CIP,INPAT,411,2009|PL|ESCCOL|CIP|INPAT,,546,0.247252747252747,0.0361871934838123,0.211065553768935,0.28343994073656,Ciprofloxacin,J01M,E. coli,ESCCOL|Poland|CIP,135,pays_dans_perimetre
2009,Poland,ESCCOL,CTX,INPAT,405,2009|PL|ESCCOL|CTX|INPAT,,457,0.113785557986871,0.029114608505984,0.0846709494808869,0.142900166492855,Cefotaxime,J01D,E. coli,ESCCOL|Poland|CTX,52,pays_dans_perimetre
2009,Poland,ESCCOL,GEN,INPAT,503,2009|PL|ESCCOL|GEN|INPAT,,533,0.0562851782363977,0.0195663526964024,0.0367188255399953,0.0758515309328001,Gentamicin,J01G,E. coli,ESCCOL|Poland|GEN,30,pays_dans_perimetre
2009,Poland,ESCCOL,MEM,INPAT,437,2009|PL|ESCCOL|MEM|INPAT,,437,0.0,0.0,0.0,0.0,Meropenem,J01D,E. coli,ESCCOL|Poland|MEM,0,pays_dans_perimetre
2009,Poland,KLEPNE,CRO,INPAT,19,2009|PL|KLEPNE|CRO|INPAT,,53,0.641509433962264,0.129109597125921,0.512399836836343,0.770619031088185,Ceftriaxone,J01D,K. pneumoniae,KLEPNE|Poland|CRO,34,pays_dans_perimetre
2009,Poland,KLEPNE,MEM,INPAT,113,2009|PL|KLEPNE|MEM|INPAT,,114,0.0087719298245614,0.0171174085410295,-0.008345478716468,0.0258893383655909,Meropenem,J01D,K. pneumoniae,KLEPNE|Poland|MEM,1,pays_dans_perimetre
2009,Poland,STAAUR,CIP,INPAT,316,2009|PL|STAAUR|CIP|INPAT,,408,0.225490196078431,0.0405511599645417,0.18493903611389,0.266041356042973,Ciprofloxacin,J01M,S. aureus,STAAUR|Poland|CIP,92,pays_dans_perimetre
2010,Bulgaria,ESCCOL,AMK,INPAT,137,2010|BG|ESCCOL|AMK|INPAT,,144,0.0486111111111111,0.0351254289718935,0.0134856821392176,0.0837365400830046,Amikacin,J01G,E. coli,ESCCOL|Bulgaria|AMK,7,pays_dans_perimetre
2010,Bulgaria,ESCCOL,AMP,INPAT,32,2010|BG|ESCCOL|AMP|INPAT,,142,0.774647887323944,0.0687218570073556,0.705926030316588,0.843369744331299,Ampicillin,J01C,E. coli,ESCCOL|Bulgaria|AMP,110,pays_dans_perimetre
2010,Bulgaria,ESCCOL,CAZ,INPAT,105,2010|BG|ESCCOL|CAZ|INPAT,,141,0.25531914893617,0.0719736126568032,0.183345536279367,0.327292761592973,Ceftazidime,J01D,E. coli,ESCCOL|Bulgaria|CAZ,36,pays_dans_perimetre
2010,Bulgaria,ESCCOL,CIP,INPAT,100,2010|BG|ESCCOL|CIP|INPAT,,151,0.337748344370861,0.0754354939550021,0.262312850415859,0.413183838325863,Ciprofloxacin,J01M,E. coli,ESCCOL|Bulgaria|CIP,51,pays_dans_perimetre
2010,Bulgaria,ESCCOL,CRO,INPAT,64,2010|BG|ESCCOL|CRO|INPAT,,79,0.189873417721519,0.0864870434276422,0.103386374293877,0.276360461149161,Ceftriaxone,J01D,E. coli,ESCCOL|Bulgaria|CRO,15,pays_dans_perimetre
2010,Bulgaria,ESCCOL,CTX,INPAT,73,2010|BG|ESCCOL|CTX|INPAT,,107,0.317757009345794,0.0882228926698178,0.229534116675977,0.405979902015612,Cefotaxime,J01D,E. coli,ESCCOL|Bulgaria|CTX,34,pays_dans_perimetre
2010,Bulgaria,ESCCOL,GEN,INPAT,128,2010|BG|ESCCOL|GEN|INPAT,,149,0.140939597315436,0.0558716247599219,0.0850679725555143,0.196811222075358,Gentamicin,J01G,E. coli,ESCCOL|Bulgaria|GEN,21,pays_dans_perimetre
2010,Bulgaria,STAAUR,CIP,INPAT,164,2010|BG|STAAUR|CIP|INPAT,,187,0.122994652406417,0.0470738266361729,0.0759208257702443,0.17006847904259,Ciprofloxacin,J01M,S. aureus,STAAUR|Bulgaria|CIP,23,pays_dans_perimetre
2010,Bulgaria,STAAUR,RIF,INPAT,114,2010|BG|STAAUR|RIF|INPAT,,123,0.0731707317073171,0.0460226990336008,0.0271480326737163,0.119193430740918,Rifampicin,J04A,S. aureus,STAAUR|Bulgaria|RIF,9,pays_dans_perimetre
2010,Cyprus,STAAUR,LVX,INPAT,30,2010|CY|STAAUR|LVX|INPAT,,47,0.361702127659574,0.137370782624058,0.224331345035516,0.499072910283633,Levofloxacin,J01M,S. aureus,STAAUR|Cyprus|LVX,17,pays_dans_perimetre
2010,Denmark,ENCFAE,AMP,INPAT,346,2010|DK|ENCFAE|AMP|INPAT,,347,0.0028818443804034,0.0056402701868541,-0.0027584258064507,0.0085221145672576,Ampicillin,J01C,E. faecalis,ENCFAE|Denmark|AMP,1,pays_dans_perimetre
2010,Denmark,ENCFAE,VAN,INPAT,336,2010|DK|ENCFAE|VAN|INPAT,,339,0.0088495575221238,0.0099698078948639,-0.00112025037274,0.0188193654169878,Vancomycin,J01X,E. faecalis,ENCFAE|Denmark|VAN,3,pays_dans_perimetre
2010,Denmark,ENCFAI,AMP,INPAT,25,2010|DK|ENCFAI|AMP|INPAT,,325,0.923076923076923,0.0289708782884281,0.894106044788495,0.952047801365351,Ampicillin,J01C,E. faecium,ENCFAI|Denmark|AMP,300,pays_dans_perimetre
2010,Denmark,ENCFAI,VAN,INPAT,361,2010|DK|ENCFAI|VAN|INPAT,,366,0.0136612021857923,0.0118924968863263,0.001768705299466,0.0255536990721187,Vancomycin,J01X,E. faecium,ENCFAI|Denmark|VAN,5,pays_dans_perimetre
2010,Denmark,ESCCOL,AMP,INPAT,981,2010|DK|ESCCOL|AMP|INPAT,,2161,0.546043498380379,0.0209917878394433,0.525051710540936,0.567035286219823,Ampicillin,J01C,E. coli,ESCCOL|Denmark|AMP,1180,pays_dans_perimetre
2010,Denmark,ESCCOL,CAZ,INPAT,1105,2010|DK|ESCCOL|CAZ|INPAT,,1203,0.0814630091438071,0.015457946761025,0.0660050623827821,0.0969209559048322,Ceftazidime,J01D,E. coli,ESCCOL|Denmark|CAZ,98,pays_dans_perimetre
2010,Denmark,ESCCOL,CIP,INPAT,1669,2010|DK|ESCCOL|CIP|INPAT,,1980,0.157070707070707,0.0160275318584215,0.141043175212286,0.173098238929129,Ciprofloxacin,J01M,E. coli,ESCCOL|Denmark|CIP,311,pays_dans_perimetre
2010,Denmark,ESCCOL,CRO,INPAT,539,2010|DK|ESCCOL|CRO|INPAT,,587,0.0817717206132879,0.0221673572665613,0.0596043633467266,0.103939077879849,Ceftriaxone,J01D,E. coli,ESCCOL|Denmark|CRO,48,pays_dans_perimetre
2010,Denmark,ESCCOL,CTX,INPAT,616,2010|DK|ESCCOL|CTX|INPAT,,680,0.0941176470588235,0.0219468929536634,0.0721707541051601,0.116064540012487,Cefotaxime,J01D,E. coli,ESCCOL|Denmark|CTX,64,pays_dans_perimetre
2010,Denmark,ESCCOL,GEN,INPAT,2012,2010|DK|ESCCOL|GEN|INPAT,,2162,0.0693802035152636,0.010711052663988,0.0586691508512756,0.0800912561792516,Gentamicin,J01G,E. coli,ESCCOL|Denmark|GEN,150,pays_dans_perimetre
2010,Denmark,ESCCOL,MEM,INPAT,1395,2010|DK|ESCCOL|MEM|INPAT,,1395,0.0,0.0,0.0,0.0,Meropenem,J01D,E. coli,ESCCOL|Denmark|MEM,0,pays_dans_perimetre
2010,Denmark,KLEPNE,CAZ,INPAT,250,2010|DK|KLEPNE|CAZ|INPAT,,281,0.110320284697509,0.0366308876511464,0.0736893970463625,0.146951172348655,Ceftazidime,J01D,K. pneumoniae,KLEPNE|Denmark|CAZ,31,pays_dans_perimetre
2010,Denmark,KLEPNE,CIP,INPAT,366,2010|DK|KLEPNE|CIP|INPAT,,422,0.132701421800948,0.0323684535699225,0.100332968231025,0.16506987537087,Ciprofloxacin,J01M,K. pneumoniae,KLEPNE|Denmark|CIP,56,pays_dans_perimetre
2010,Denmark,KLEPNE,CRO,INPAT,130,2010|DK|KLEPNE|CRO|INPAT,,146,0.10958904109589,0.0506708809827244,0.058918160113166,0.160259922078615,Ceftriaxone,J01D,K. pneumoniae,KLEPNE|Denmark|CRO,16,pays_dans_perimetre
2010,Denmark,KLEPNE,CTX,INPAT,134,2010|DK|KLEPNE|CTX|INPAT,,152,0.118421052631579,0.0513664250497729,0.0670546275818061,0.169787477681352,Cefotaxime,J01D,K. pneumoniae,KLEPNE|Denmark|CTX,18,pays_dans_perimetre
2010,Denmark,KLEPNE,GEN,INPAT,492,2010|DK|KLEPNE|GEN|INPAT,,524,0.0610687022900763,0.0205029655239906,0.0405657367660857,0.081571667814067,Gentamicin,J01G,K. pneumoniae,KLEPNE|Denmark|GEN,32,pays_dans_perimetre
2010,Denmark,KLEPNE,MEM,INPAT,332,2010|DK|KLEPNE|MEM|INPAT,,332,0.0,0.0,0.0,0.0,Meropenem,J01D,K. pneumoniae,KLEPNE|Denmark|MEM,0,pays_dans_perimetre
2010,Denmark,PSEAER,CAZ,INPAT,223,2010|DK|PSEAER|CAZ|INPAT,,232,0.0387931034482759,0.0248483628509597,0.0139447405973161,0.0636414662992356,Ceftazidime,J01D,P. aeruginosa,PSEAER|Denmark|CAZ,9,pays_dans_perimetre
2010,Denmark,PSEAER,CIP,INPAT,220,2010|DK|PSEAER|CIP|INPAT,,233,0.055793991416309,0.0294717012647771,0.0263222901515319,0.0852656926810861,Ciprofloxacin,J01M,P. aeruginosa,PSEAER|Denmark|CIP,13,pays_dans_perimetre
2010,Denmark,PSEAER,GEN,INPAT,237,2010|DK|PSEAER|GEN|INPAT,,242,0.0206611570247934,0.0179222362370328,0.0027389207877606,0.0385833932618262,Gentamicin,J01G,P. aeruginosa,PSEAER|Denmark|GEN,5,pays_dans_perimetre
2010,Denmark,PSEAER,MEM,INPAT,220,2010|DK|PSEAER|MEM|INPAT,,230,0.0434782608695652,0.0263557668943715,0.0171224939751937,0.0698340277639367,Meropenem,J01D,P. aeruginosa,PSEAER|Denmark|MEM,10,pays_dans_perimetre
2010,Denmark,PSEAER,TZP,INPAT,224,2010|DK|PSEAER|TZP|INPAT,,233,0.0386266094420601,0.0247438602237379,0.0138827492183222,0.063370469665798,Piperacillin + Tazobactam,J01C,P. aeruginosa,PSEAER|Denmark|TZP,9,pays_dans_perimetre
2010,Estonia,ESCCOL,CAZ,INPAT,83,2010|EE|ESCCOL|CAZ|INPAT,,88,0.0568181818181818,0.0483677752143778,0.008450406603804,0.10518595703256,Ceftazidime,J01D,E. coli,ESCCOL|Estonia|CAZ,5,pays_dans_perimetre
2010,Estonia,KLEPNE,CIP,INPAT,47,2010|EE|KLEPNE|CIP|INPAT,,64,0.265625,0.108208032379692,0.157416967620308,0.373833032379692,Ciprofloxacin,J01M,K. pneumoniae,KLEPNE|Estonia|CIP,17,pays_dans_perimetre
2010,Estonia,KLEPNE,GEN,INPAT,49,2010|EE|KLEPNE|GEN|INPAT,,66,0.257575757575758,0.105502480054809,0.152073277520948,0.363078237630567,Gentamicin,J01G,K. pneumoniae,KLEPNE|Estonia|GEN,17,pays_dans_perimetre
2010,Estonia,STAAUR,CIP,INPAT,117,2010|EE|STAAUR|CIP|INPAT,,131,0.106870229007634,0.0529061399707712,0.0539640890368624,0.159776368978405,Ciprofloxacin,J01M,S. aureus,STAAUR|Estonia|CIP,14,pays_dans_perimetre
2010,Finland,ESCCOL,AMP,INPAT,420,2010|FI|ESCCOL|AMP|INPAT,,698,0.398280802292264,0.0363178374565189,0.361962964835745,0.434598639748783,Ampicillin,J01C,E. coli,ESCCOL|Finland|AMP,278,pays_dans_perimetre
2010,Finland,ESCCOL,CAZ,INPAT,698,2010|FI|ESCCOL|CAZ|INPAT,,739,0.0554803788903924,0.016504753916088,0.0389756249743044,0.0719851328064804,Ceftazidime,J01D,E. coli,ESCCOL|Finland|CAZ,41,pays_dans_perimetre
2010,Finland,ESCCOL,CIP,INPAT,332,2010|FI|ESCCOL|CIP|INPAT,,367,0.0953678474114441,0.0300510768419453,0.0653167705694988,0.125418924253389,Ciprofloxacin,J01M,E. coli,ESCCOL|Finland|CIP,35,pays_dans_perimetre
2010,Finland,ESCCOL,CRO,INPAT,378,2010|FI|ESCCOL|CRO|INPAT,,399,0.0526315789473684,0.0219104993335798,0.0307210796137886,0.0745420782809482,Ceftriaxone,J01D,E. coli,ESCCOL|Finland|CRO,21,pays_dans_perimetre
2010,Finland,ESCCOL,TOB,INPAT,717,2010|FI|ESCCOL|TOB|INPAT,,769,0.0676202860858258,0.0177471169531898,0.049873169132636,0.0853674030390155,Tobramycin,J01G,E. coli,ESCCOL|Finland|TOB,52,pays_dans_perimetre
2010,Finland,KLEPNE,CAZ,INPAT,126,2010|FI|KLEPNE|CAZ|INPAT,,136,0.0735294117647059,0.0438664996828213,0.0296629120818846,0.117395911447527,Ceftazidime,J01D,K. pneumoniae,KLEPNE|Finland|CAZ,10,pays_dans_perimetre
2010,Finland,KLEPNE,CIP,INPAT,61,2010|FI|KLEPNE|CIP|INPAT,,67,0.0895522388059701,0.0683729644447839,0.0211792743611863,0.157925203250754,Ciprofloxacin,J01M,K. pneumoniae,KLEPNE|Finland|CIP,6,pays_dans_perimetre
2010,Finland,KLEPNE,TOB,INPAT,130,2010|FI|KLEPNE|TOB|INPAT,,142,0.0845070422535211,0.0457494475365349,0.0387575947169862,0.130256489790056,Tobramycin,J01G,K. pneumoniae,KLEPNE|Finland|TOB,12,pays_dans_perimetre
2010,Ireland,ENCFAE,AMP,INPAT,121,2010|IE|ENCFAE|AMP|INPAT,,123,0.016260162601626,0.0223514698108058,-0.0060913072091797,0.0386116324124318,Ampicillin,J01C,E. faecalis,ENCFAE|Ireland|AMP,2,pays_dans_perimetre
2010,Ireland,ENCFAE,VAN,INPAT,126,2010|IE|ENCFAE|VAN|INPAT,,127,0.0078740157480315,0.015372190664861,-0.0074981749168294,0.0232462064128924,Vancomycin,J01X,E. faecalis,ENCFAE|Ireland|VAN,1,pays_dans_perimetre
2010,Ireland,ENCFAI,AMP,INPAT,8,2010|IE|ENCFAI|AMP|INPAT,,110,0.927272727272727,0.0485302046806017,0.878742522592125,0.975802931953329,Ampicillin,J01C,E. faecium,ENCFAI|Ireland|AMP,102,pays_dans_perimetre
2010,Ireland,ENCFAI,VAN,INPAT,75,2010|IE|ENCFAI|VAN|INPAT,,117,0.358974358974359,0.0869225694409428,0.272051789533416,0.445896928415302,Vancomycin,J01X,E. faecium,ENCFAI|Ireland|VAN,42,pays_dans_perimetre
2010,Ireland,ESCCOL,AMK,INPAT,698,2010|IE|ESCCOL|AMK|INPAT,,711,0.0182841068917018,0.0098480684315228,0.0084360384601789,0.0281321753232247,Amikacin,J01G,E. coli,ESCCOL|Ireland|AMK,13,pays_dans_perimetre
2010,Ireland,ESCCOL,AMP,INPAT,253,2010|IE|ESCCOL|AMP|INPAT,,791,0.680151706700379,0.0325044442135007,0.647647262486879,0.71265615091388,Ampicillin,J01C,E. coli,ESCCOL|Ireland|AMP,538,pays_dans_perimetre
2010,Ireland,ESCCOL,CAZ,INPAT,632,2010|IE|ESCCOL|CAZ|INPAT,,685,0.0773722627737226,0.0200085993507255,0.0573636634229971,0.0973808621244482,Ceftazidime,J01D,E. coli,ESCCOL|Ireland|CAZ,53,pays_dans_perimetre
2010,Ireland,ESCCOL,CIP,INPAT,613,2010|IE|ESCCOL|CIP|INPAT,,788,0.222081218274112,0.029021242805545,0.193059975468567,0.251102461079657,Ciprofloxacin,J01M,E. coli,ESCCOL|Ireland|CIP,175,pays_dans_perimetre
2010,Ireland,ESCCOL,CRO,INPAT,105,2010|IE|ESCCOL|CRO|INPAT,,112,0.0625,0.0448304096010732,0.0176695903989268,0.107330409601073,Ceftriaxone,J01D,E. coli,ESCCOL|Ireland|CRO,7,pays_dans_perimetre
2010,Ireland,ESCCOL,CTX,INPAT,604,2010|IE|ESCCOL|CTX|INPAT,,668,0.0958083832335329,0.0223202900514838,0.0734880931820491,0.118128673285017,Cefotaxime,J01D,E. coli,ESCCOL|Ireland|CTX,64,pays_dans_perimetre
2010,Ireland,ESCCOL,GEN,INPAT,726,2010|IE|ESCCOL|GEN|INPAT,,787,0.0775095298602287,0.0186821648814621,0.0588273649787666,0.0961916947416908,Gentamicin,J01G,E. coli,ESCCOL|Ireland|GEN,61,pays_dans_perimetre
2010,Ireland,STAAUR,OXA,INPAT,244,2010|IE|STAAUR|OXA|INPAT,,383,0.362924281984334,0.0481570886553863,0.314767193328948,0.411081370639721,Oxacillin,J01C,S. aureus,STAAUR|Ireland|OXA,139,pays_dans_perimetre
2010,Lithuania,ESCCOL,AMP,INPAT,139,2010|LT|ESCCOL|AMP|INPAT,,327,0.574923547400612,0.0535822278889225,0.521341319511689,0.628505775289534,Ampicillin,J01C,E. coli,ESCCOL|Lithuania|AMP,188,pays_dans_perimetre
2010,Lithuania,ESCCOL,CAZ,INPAT,275,2010|LT|ESCCOL|CAZ|INPAT,,302,0.0894039735099338,0.0321805813830809,0.0572233921268529,0.121584554893015,Ceftazidime,J01D,E. coli,ESCCOL|Lithuania|CAZ,27,pays_dans_perimetre
2010,Lithuania,ESCCOL,CIP,INPAT,281,2010|LT|ESCCOL|CIP|INPAT,,330,0.148484848484848,0.0383651023819858,0.110119746102863,0.186849950866834,Ciprofloxacin,J01M,E. coli,ESCCOL|Lithuania|CIP,49,pays_dans_perimetre
2010,Lithuania,ESCCOL,CRO,INPAT,109,2010|LT|ESCCOL|CRO|INPAT,,124,0.120967741935484,0.0573961050919727,0.0635716368435112,0.178363847027457,Ceftriaxone,J01D,E. coli,ESCCOL|Lithuania|CRO,15,pays_dans_perimetre
2010,Lithuania,ESCCOL,CTX,INPAT,198,2010|LT|ESCCOL|CTX|INPAT,,219,0.0958904109589041,0.0389970846865543,0.0568933262723498,0.134887495645458,Cefotaxime,J01D,E. coli,ESCCOL|Lithuania|CTX,21,pays_dans_perimetre
2010,Lithuania,ESCCOL,GEN,INPAT,281,2010|LT|ESCCOL|GEN|INPAT,,329,0.145896656534954,0.0381448580495641,0.10775179848539,0.184041514584518,Gentamicin,J01G,E. coli,ESCCOL|Lithuania|GEN,48,pays_dans_perimetre
2010,Lithuania,KLEPNE,CAZ,INPAT,35,2010|LT|KLEPNE|CAZ|INPAT,,74,0.527027027027027,0.113756132245422,0.413270894781605,0.640783159272449,Ceftazidime,J01D,K. pneumoniae,KLEPNE|Lithuania|CAZ,39,pays_dans_perimetre
2010,Lithuania,KLEPNE,CIP,INPAT,47,2010|LT|KLEPNE|CIP|INPAT,,79,0.40506329113924,0.108252853388133,0.296810437751107,0.513316144527374,Ciprofloxacin,J01M,K. pneumoniae,KLEPNE|Lithuania|CIP,32,pays_dans_perimetre
2010,Lithuania,KLEPNE,GEN,INPAT,39,2010|LT|KLEPNE|GEN|INPAT,,81,0.518518518518518,0.108814179522365,0.409704338996153,0.627332698040884,Gentamicin,J01G,K. pneumoniae,KLEPNE|Lithuania|GEN,42,pays_dans_perimetre
2010,Lithuania,STAAUR,FOX,INPAT,183,2010|LT|STAAUR|FOX|INPAT,,211,0.132701421800948,0.0457759060316281,0.0869255157693197,0.178477327832576,Cefoxitin,J01D,S. aureus,STAAUR|Lithuania|FOX,28,pays_dans_perimetre
2010,Lithuania,STAAUR,RIF,INPAT,201,2010|LT|STAAUR|RIF|INPAT,,201,0.0,0.0,0.0,0.0,Rifampicin,J04A,S. aureus,STAAUR|Lithuania|RIF,0,pays_dans_perimetre
2010,Lithuania,STRPNE,ERY,INPAT,35,2010|LT|STRPNE|ERY|INPAT,,35,0.0,0.0,0.0,0.0,Erythromycin,J01F,S. pneumoniae,STRPNE|Lithuania|ERY,0,pays_dans_perimetre
2010,Lithuania,STRPNE,OXA,INPAT,27,2010|LT|STRPNE|OXA|INPAT,,32,0.15625,0.125805024926968,0.0304449750730322,0.282055024926968,Oxacillin,J01C,S. pneumoniae,STRPNE|Lithuania|OXA,5,pays_dans_perimetre
2010,Latvia,ESCCOL,AMK,INPAT,65,2010|LV|ESCCOL|AMK|INPAT,,65,0.0,0.0,0.0,0.0,Amikacin,J01G,E. coli,ESCCOL|Latvia|AMK,0,pays_dans_perimetre
2010,Latvia,ESCCOL,AMP,INPAT,43,2010|LV|ESCCOL|AMP|INPAT,,98,0.561224489795918,0.0982499935088537,0.462974496287065,0.659474483304772,Ampicillin,J01C,E. coli,ESCCOL|Latvia|AMP,55,pays_dans_perimetre
2010,Latvia,ESCCOL,CAZ,INPAT,86,2010|LV|ESCCOL|CAZ|INPAT,,97,0.11340206185567,0.0631021327812284,0.0502999290744417,0.176504194636899,Ceftazidime,J01D,E. coli,ESCCOL|Latvia|CAZ,11,pays_dans_perimetre
2010,Latvia,ESCCOL,CIP,INPAT,76,2010|LV|ESCCOL|CIP|INPAT,,92,0.173913043478261,0.0774535125185616,0.0964595309596993,0.251366555996822,Ciprofloxacin,J01M,E. coli,ESCCOL|Latvia|CIP,16,pays_dans_perimetre
2010,Latvia,ESCCOL,CRO,INPAT,76,2010|LV|ESCCOL|CRO|INPAT,,88,0.136363636363636,0.0717017048984845,0.0646619314651518,0.208065341262121,Ceftriaxone,J01D,E. coli,ESCCOL|Latvia|CRO,12,pays_dans_perimetre
2010,Latvia,ESCCOL,CTX,INPAT,77,2010|LV|ESCCOL|CTX|INPAT,,91,0.153846153846154,0.074131598224085,0.0797145556220688,0.227977752070239,Cefotaxime,J01D,E. coli,ESCCOL|Latvia|CTX,14,pays_dans_perimetre
2010,Latvia,ESCCOL,GEN,INPAT,85,2010|LV|ESCCOL|GEN|INPAT,,96,0.114583333333333,0.0637169571001824,0.0508663762331509,0.178300290433516,Gentamicin,J01G,E. coli,ESCCOL|Latvia|GEN,11,pays_dans_perimetre
2010,Latvia,ESCCOL,TOB,INPAT,48,2010|LV|ESCCOL|TOB|INPAT,,55,0.127272727272727,0.0880808862604012,0.0391918410123261,0.215353613533128,Tobramycin,J01G,E. coli,ESCCOL|Latvia|TOB,7,pays_dans_perimetre
2010,Latvia,STAAUR,CIP,INPAT,127,2010|LV|STAAUR|CIP|INPAT,,151,0.158940397350993,0.0583173971026451,0.100623000248348,0.217257794453639,Ciprofloxacin,J01M,S. aureus,STAAUR|Latvia|CIP,24,pays_dans_perimetre
2010,Latvia,STAAUR,FOX,INPAT,132,2010|LV|STAAUR|FOX|INPAT,,153,0.137254901960784,0.0545274939325583,0.082727408028226,0.191782395893343,Cefoxitin,J01D,S. aureus,STAAUR|Latvia|FOX,21,pays_dans_perimetre
2010,Latvia,STAAUR,RIF,INPAT,147,2010|LV|STAAUR|RIF|INPAT,,150,0.02,0.0224046661806568,-0.0024046661806568,0.0424046661806568,Rifampicin,J04A,S. aureus,STAAUR|Latvia|RIF,3,pays_dans_perimetre
2010,Malta,ESCCOL,AMK,INPAT,92,2010|MT|ESCCOL|AMK|INPAT,,94,0.0212765957446809,0.0291724700376969,-0.007895874293016,0.0504490657823778,Amikacin,J01G,E. coli,ESCCOL|Malta|AMK,2,pays_dans_perimetre
2010,Malta,ESCCOL,AMP,INPAT,48,2010|MT|ESCCOL|AMP|INPAT,,94,0.48936170212766,0.101056400575144,0.388305301552516,0.590418102702803,Ampicillin,J01C,E. coli,ESCCOL|Malta|AMP,46,pays_dans_perimetre
2010,Malta,ESCCOL,CAZ,INPAT,78,2010|MT|ESCCOL|CAZ|INPAT,,94,0.170212765957447,0.0759751530503775,0.0942376129070693,0.246187919007824,Ceftazidime,J01D,E. coli,ESCCOL|Malta|CAZ,16,pays_dans_perimetre
2010,Malta,ESCCOL,CIP,INPAT,58,2010|MT|ESCCOL|CIP|INPAT,,94,0.382978723404255,0.0982719419273983,0.284706781476857,0.481250665331654,Ciprofloxacin,J01M,E. coli,ESCCOL|Malta|CIP,36,pays_dans_perimetre
2010,Malta,ESCCOL,GEN,INPAT,70,2010|MT|ESCCOL|GEN|INPAT,,94,0.25531914893617,0.0881493129769445,0.167169835959226,0.343468461913115,Gentamicin,J01G,E. coli,ESCCOL|Malta|GEN,24,pays_dans_perimetre
2010,Norway,ENCFAE,AMP,INPAT,351,2010|NO|ENCFAE|AMP|INPAT,,351,0.0,0.0,0.0,0.0,Ampicillin,J01C,E. faecalis,ENCFAE|Norway|AMP,0,pays_dans_perimetre
2010,Norway,ENCFAE,VAN,INPAT,319,2010|NO|ENCFAE|VAN|INPAT,,319,0.0,0.0,0.0,0.0,Vancomycin,J01X,E. faecalis,ENCFAE|Norway|VAN,0,pays_dans_perimetre
2010,Norway,ESCCOL,AMP,INPAT,1,2010|NO|ESCCOL|AMP|INPAT,,1808,0.999446902654867,0.0010837709566545,0.998363131698213,1.00053067361152,Ampicillin,J01C,E. coli,ESCCOL|Norway|AMP,1807,pays_dans_perimetre
2010,Norway,ESCCOL,CAZ,INPAT,1558,2010|NO|ESCCOL|CAZ|INPAT,,1620,0.0382716049382716,0.0093425003105943,0.0289291046276773,0.0476141052488659,Ceftazidime,J01D,E. coli,ESCCOL|Norway|CAZ,62,pays_dans_perimetre
2010,Norway,ESCCOL,CIP,INPAT,1582,2010|NO|ESCCOL|CIP|INPAT,,1807,0.124515771997786,0.0152234589731397,0.109292313024647,0.139739230970926,Ciprofloxacin,J01M,E. coli,ESCCOL|Norway|CIP,225,pays_dans_perimetre
2010,Norway,ESCCOL,CTX,INPAT,1626,2010|NO|ESCCOL|CTX|INPAT,,1698,0.0424028268551237,0.0095846456489269,0.0328181812061967,0.0519874725040506,Cefotaxime,J01D,E. coli,ESCCOL|Norway|CTX,72,pays_dans_perimetre
2010,Norway,ESCCOL,GEN,INPAT,1461,2010|NO|ESCCOL|GEN|INPAT,,1536,0.048828125,0.0107776726210163,0.0380504523789837,0.0596057976210163,Gentamicin,J01G,E. coli,ESCCOL|Norway|GEN,75,pays_dans_perimetre
2010,Norway,ESCCOL,IPM,INPAT,322,2010|NO|ESCCOL|IPM|INPAT,,322,0.0,0.0,0.0,0.0,Imipenem,J01D,E. coli,ESCCOL|Norway|IPM,0,pays_dans_perimetre
2010,Norway,ESCCOL,MEM,INPAT,1332,2010|NO|ESCCOL|MEM|INPAT,,1332,0.0,0.0,0.0,0.0,Meropenem,J01D,E. coli,ESCCOL|Norway|MEM,0,pays_dans_perimetre
2010,Norway,ESCCOL,TOB,INPAT,505,2010|NO|ESCCOL|TOB|INPAT,,527,0.0417457305502846,0.0170764337672205,0.0246692967830641,0.0588221643175051,Tobramycin,J01G,E. coli,ESCCOL|Norway|TOB,22,pays_dans_perimetre
2010,Norway,STAAUR,CIP,INPAT,154,2010|NO|STAAUR|CIP|INPAT,,164,0.0609756097560976,0.0366227253231995,0.024352884432898,0.0975983350792971,Ciprofloxacin,J01M,S. aureus,STAAUR|Norway|CIP,10,pays_dans_perimetre
2010,Norway,STAAUR,OXA,INPAT,537,2010|NO|STAAUR|OXA|INPAT,,542,0.0092250922509225,0.0080487657245871,0.0011763265263353,0.0172738579755097,Oxacillin,J01C,S. aureus,STAAUR|Norway|OXA,5,pays_dans_perimetre
2010,Norway,STRPNE,CTX,INPAT,240,2010|NO|STRPNE|CTX|INPAT,,242,0.0082644628099173,0.0114065324696717,-0.0031420696597543,0.0196709952795891,Cefotaxime,J01D,S. pneumoniae,STRPNE|Norway|CTX,2,pays_dans_perimetre
2010,Norway,STRPNE,ERY,INPAT,420,2010|NO|STRPNE|ERY|INPAT,,435,0.0344827586206897,0.0171471702805802,0.0173355883401094,0.0516299289012699,Erythromycin,J01F,S. pneumoniae,STRPNE|Norway|ERY,15,pays_dans_perimetre
2010,Norway,STRPNE,PEN,INPAT,448,2010|NO|STRPNE|PEN|INPAT,,460,0.0260869565217391,0.0145662900600977,0.0115206664616414,0.0406532465818368,Penicillin,J01C,S. pneumoniae,STRPNE|Norway|PEN,12,pays_dans_perimetre
2010,Poland,ENCFAI,LNZ,INPAT,50,2010|PL|ENCFAI|LNZ|INPAT,,51,0.0196078431372549,0.038052729102633,-0.0184448859653781,0.0576605722398879,Linezolid,J01X,E. faecium,ENCFAI|Poland|LNZ,1,pays_dans_perimetre
2010,Poland,ESCCOL,AMP,INPAT,226,2010|PL|ESCCOL|AMP|INPAT,,585,0.613675213675214,0.0394569685886319,0.574218245086582,0.653132182263846,Ampicillin,J01C,E. coli,ESCCOL|Poland|AMP,359,pays_dans_perimetre
2010,Poland,ESCCOL,CAZ,INPAT,401,2010|PL|ESCCOL|CAZ|INPAT,,435,0.0781609195402299,0.0252251542592479,0.052935765280982,0.103386073799478,Ceftazidime,J01D,E. coli,ESCCOL|Poland|CAZ,34,pays_dans_perimetre
2010,Poland,ESCCOL,CIP,INPAT,479,2010|PL|ESCCOL|CIP|INPAT,,652,0.265337423312883,0.0338903056779939,0.23144711763489,0.299227728990877,Ciprofloxacin,J01M,E. coli,ESCCOL|Poland|CIP,173,pays_dans_perimetre
2010,Poland,ESCCOL,CTX,INPAT,356,2010|PL|ESCCOL|CTX|INPAT,,408,0.127450980392157,0.0323588066869673,0.0950921737051895,0.159809787079124,Cefotaxime,J01D,E. coli,ESCCOL|Poland|CTX,52,pays_dans_perimetre
2010,Poland,ESCCOL,GEN,INPAT,568,2010|PL|ESCCOL|GEN|INPAT,,614,0.0749185667752443,0.0208236376638179,0.0540949291114264,0.0957422044390622,Gentamicin,J01G,E. coli,ESCCOL|Poland|GEN,46,pays_dans_perimetre
2010,Poland,ESCCOL,MEM,INPAT,590,2010|PL|ESCCOL|MEM|INPAT,,590,0.0,0.0,0.0,0.0,Meropenem,J01D,E. coli,ESCCOL|Poland|MEM,0,pays_dans_perimetre
2010,Poland,KLEPNE,CRO,INPAT,51,2010|PL|KLEPNE|CRO|INPAT,,91,0.43956043956044,0.101978604947761,0.337581834612679,0.5415390445082,Ceftriaxone,J01D,K. pneumoniae,KLEPNE|Poland|CRO,40,pays_dans_perimetre
2010,Poland,KLEPNE,MEM,INPAT,203,2010|PL|KLEPNE|MEM|INPAT,,203,0.0,0.0,0.0,0.0,Meropenem,J01D,K. pneumoniae,KLEPNE|Poland|MEM,0,pays_dans_perimetre
2010,Poland,STAAUR,CIP,INPAT,294,2010|PL|STAAUR|CIP|INPAT,,343,0.142857142857143,0.0370328039909021,0.105824338866241,0.179889946848045,Ciprofloxacin,J01M,S. aureus,STAAUR|Poland|CIP,49,pays_dans_perimetre
2010,Sweden,ENCFAE,AMP,INPAT,431,2010|SE|ENCFAE|AMP|INPAT,,431,0.0,0.0,0.0,0.0,Ampicillin,J01C,E. faecalis,ENCFAE|Sweden|AMP,0,pays_dans_perimetre
2010,Sweden,ENCFAE,GEH,INPAT,395,2010|SE|ENCFAE|GEH|INPAT,,469,0.157782515991471,0.032992195338729,0.124790320652742,0.1907747113302,Gentamicin High,J01G,E. faecalis,ENCFAE|Sweden|GEH,74,pays_dans_perimetre
2010,Sweden,ENCFAE,LNZ,INPAT,176,2010|SE|ENCFAE|LNZ|INPAT,,177,0.0056497175141242,0.0110421210985104,-0.0053924035843861,0.0166918386126347,Linezolid,J01X,E. faecalis,ENCFAE|Sweden|LNZ,1,pays_dans_perimetre
2010,Sweden,ENCFAI,AMP,INPAT,37,2010|SE|ENCFAI|AMP|INPAT,,246,0.849593495934959,0.0446711790921161,0.804922316842843,0.894264675027076,Ampicillin,J01C,E. faecium,ENCFAI|Sweden|AMP,209,pays_dans_perimetre
2010,Sweden,ENCFAI,VAN,INPAT,282,2010|SE|ENCFAI|VAN|INPAT,,283,0.0035335689045936,0.0069135478373145,-0.0033799789327208,0.0104471167419082,Vancomycin,J01X,E. faecium,ENCFAI|Sweden|VAN,1,pays_dans_perimetre
2010,Sweden,ESCCOL,GEN,INPAT,1315,2010|SE|ESCCOL|GEN|INPAT,,1350,0.0259259259259259,0.0084771978088662,0.0174487281170597,0.0344031237347922,Gentamicin,J01G,E. coli,ESCCOL|Sweden|GEN,35,pays_dans_perimetre
2010,Sweden,KLEPNE,GEN,INPAT,275,2010|SE|KLEPNE|GEN|INPAT,,281,0.0213523131672598,0.0169020181451344,0.0044502950221254,0.0382543313123942,Gentamicin,J01G,K. pneumoniae,KLEPNE|Sweden|GEN,6,pays_dans_perimetre
2010,Sweden,KLEPNE,TOB,INPAT,221,2010|SE|KLEPNE|TOB|INPAT,,227,0.026431718061674,0.0208683949559966,0.0055633231056773,0.0473001130176706,Tobramycin,J01G,K. pneumoniae,KLEPNE|Sweden|TOB,6,pays_dans_perimetre
2010,Sweden,KLEPNE,TZP,INPAT,436,2010|SE|KLEPNE|TZP|INPAT,,463,0.0583153347732181,0.0213456660931131,0.0369696686801051,0.0796610008663312,Piperacillin + Tazobactam,J01C,K. pneumoniae,KLEPNE|Sweden|TZP,27,pays_dans_perimetre
2010,Sweden,PSEAER,CAZ,INPAT,228,2010|SE|PSEAER|CAZ|INPAT,,242,0.0578512396694215,0.0294147027322756,0.0284365369371459,0.0872659424016971,Ceftazidime,J01D,P. aeruginosa,PSEAER|Sweden|CAZ,14,pays_dans_perimetre
2010,Sweden,PSEAER,CIP,INPAT,194,2010|SE|PSEAER|CIP|INPAT,,205,0.0536585365853659,0.030847678596969,0.0228108579883969,0.0845062151823348,Ciprofloxacin,J01M,P. aeruginosa,PSEAER|Sweden|CIP,11,pays_dans_perimetre
2010,Sweden,PSEAER,IPM,INPAT,163,2010|SE|PSEAER|IPM|INPAT,,175,0.0685714285714286,0.0374441023393538,0.0311273262320748,0.106015530910782,Imipenem,J01D,P. aeruginosa,PSEAER|Sweden|IPM,12,pays_dans_perimetre
2010,Sweden,PSEAER,TOB,INPAT,114,2010|SE|PSEAER|TOB|INPAT,,114,0.0,0.0,0.0,0.0,Tobramycin,J01G,P. aeruginosa,PSEAER|Sweden|TOB,0,pays_dans_perimetre
2010,Sweden,STAAUR,RIF,INPAT,933,2010|SE|STAAUR|RIF|INPAT,,937,0.0042689434364994,0.0041746253170256,9.43181194738418e-05,0.008443568753525,Rifampicin,J04A,S. aureus,STAAUR|Sweden|RIF,4,pays_dans_perimetre
2011,Bulgaria,ESCCOL,AMK,INPAT,162,2011|BG|ESCCOL|AMK|INPAT,,170,0.0470588235294118,0.0318335585959238,0.015225264933488,0.0788923821253356,Amikacin,J01G,E. coli,ESCCOL|Bulgaria|AMK,8,pays_dans_perimetre
2011,Bulgaria,ESCCOL,AMP,INPAT,57,2011|BG|ESCCOL|AMP|INPAT,,150,0.62,0.0776780088999883,0.542321991100012,0.697678008899988,Ampicillin,J01C,E. coli,ESCCOL|Bulgaria|AMP,93,pays_dans_perimetre
2011,Bulgaria,ESCCOL,CAZ,INPAT,130,2011|BG|ESCCOL|CAZ|INPAT,,169,0.230769230769231,0.0635228528230843,0.167246377946146,0.294292083592315,Ceftazidime,J01D,E. coli,ESCCOL|Bulgaria|CAZ,39,pays_dans_perimetre
2011,Bulgaria,ESCCOL,CIP,INPAT,122,2011|BG|ESCCOL|CIP|INPAT,,177,0.310734463276836,0.0681800682916398,0.242554394985196,0.378914531568476,Ciprofloxacin,J01M,E. coli,ESCCOL|Bulgaria|CIP,55,pays_dans_perimetre
2011,Bulgaria,ESCCOL,CRO,INPAT,68,2011|BG|ESCCOL|CRO|INPAT,,94,0.276595744680851,0.09042851964281,0.186167225038041,0.367024264323661,Ceftriaxone,J01D,E. coli,ESCCOL|Bulgaria|CRO,26,pays_dans_perimetre
2011,Bulgaria,ESCCOL,CTX,INPAT,115,2011|BG|ESCCOL|CTX|INPAT,,150,0.233333333333333,0.067686510500274,0.165646822833059,0.301019843833607,Cefotaxime,J01D,E. coli,ESCCOL|Bulgaria|CTX,35,pays_dans_perimetre
2011,Bulgaria,ESCCOL,GEN,INPAT,144,2011|BG|ESCCOL|GEN|INPAT,,172,0.162790697674419,0.0551726269597821,0.107618070714636,0.217963324634201,Gentamicin,J01G,E. coli,ESCCOL|Bulgaria|GEN,28,pays_dans_perimetre
2011,Bulgaria,STAAUR,CIP,INPAT,141,2011|BG|STAAUR|CIP|INPAT,,175,0.194285714285714,0.05862029682627,0.135665417459444,0.252906011111984,Ciprofloxacin,J01M,S. aureus,STAAUR|Bulgaria|CIP,34,pays_dans_perimetre
2011,Bulgaria,STAAUR,RIF,INPAT,132,2011|BG|STAAUR|RIF|INPAT,,156,0.153846153846154,0.0566189433749873,0.0972272104711666,0.210465097221141,Rifampicin,J04A,S. aureus,STAAUR|Bulgaria|RIF,24,pays_dans_perimetre
2011,Cyprus,STAAUR,LVX,INPAT,46,2011|CY|STAAUR|LVX|INPAT,,64,0.28125,0.110154255301089,0.171095744698911,0.391404255301089,Levofloxacin,J01M,S. aureus,STAAUR|Cyprus|LVX,18,pays_dans_perimetre
2011,Denmark,ENCFAE,AMP,INPAT,371,2011|DK|ENCFAE|AMP|INPAT,,373,0.0053619302949061,0.0074113065354769,-0.0020493762405707,0.0127732368303831,Ampicillin,J01C,E. faecalis,ENCFAE|Denmark|AMP,2,pays_dans_perimetre
2011,Denmark,ENCFAE,VAN,INPAT,365,2011|DK|ENCFAE|VAN|INPAT,,366,0.0027322404371584,0.0053478704177868,-0.0026156299806283,0.0080801108549452,Vancomycin,J01X,E. faecalis,ENCFAE|Denmark|VAN,1,pays_dans_perimetre
2011,Denmark,ENCFAI,AMP,INPAT,24,2011|DK|ENCFAI|AMP|INPAT,,457,0.947483588621444,0.020451790732949,0.927031797888495,0.967935379354393,Ampicillin,J01C,E. faecium,ENCFAI|Denmark|AMP,433,pays_dans_perimetre
2011,Denmark,ENCFAI,VAN,INPAT,532,2011|DK|ENCFAI|VAN|INPAT,,539,0.012987012987013,0.0095582362279675,0.0034287767590454,0.0225452492149806,Vancomycin,J01X,E. faecium,ENCFAI|Denmark|VAN,7,pays_dans_perimetre
2011,Denmark,ESCCOL,AMP,INPAT,1061,2011|DK|ESCCOL|AMP|INPAT,,2396,0.557178631051753,0.0198895141972543,0.537289116854499,0.577068145249007,Ampicillin,J01C,E. coli,ESCCOL|Denmark|AMP,1335,pays_dans_perimetre
2011,Denmark,ESCCOL,CAZ,INPAT,1150,2011|DK|ESCCOL|CAZ|INPAT,,1271,0.0952006294256491,0.016135385686186,0.0790652437394631,0.111336015111835,Ceftazidime,J01D,E. coli,ESCCOL|Denmark|CAZ,121,pays_dans_perimetre
2011,Denmark,ESCCOL,CIP,INPAT,2019,2011|DK|ESCCOL|CIP|INPAT,,2370,0.148101265822785,0.0143006332845786,0.133800632538206,0.162401899107363,Ciprofloxacin,J01M,E. coli,ESCCOL|Denmark|CIP,351,pays_dans_perimetre
2011,Denmark,ESCCOL,CRO,INPAT,429,2011|DK|ESCCOL|CRO|INPAT,,480,0.10625,0.0275681707129496,0.0786818292870504,0.13381817071295,Ceftriaxone,J01D,E. coli,ESCCOL|Denmark|CRO,51,pays_dans_perimetre
2011,Denmark,ESCCOL,CTX,INPAT,715,2011|DK|ESCCOL|CTX|INPAT,,789,0.0937896070975919,0.0203427399476342,0.0734468671499577,0.114132347045226,Cefotaxime,J01D,E. coli,ESCCOL|Denmark|CTX,74,pays_dans_perimetre
2011,Denmark,ESCCOL,GEN,INPAT,2231,2011|DK|ESCCOL|GEN|INPAT,,2397,0.0692532332081769,0.0101638406958921,0.0590893925122848,0.079417073904069,Gentamicin,J01G,E. coli,ESCCOL|Denmark|GEN,166,pays_dans_perimetre
2011,Denmark,ESCCOL,MEM,INPAT,1552,2011|DK|ESCCOL|MEM|INPAT,,1552,0.0,0.0,0.0,0.0,Meropenem,J01D,E. coli,ESCCOL|Denmark|MEM,0,pays_dans_perimetre
2011,Denmark,KLEPNE,CAZ,INPAT,290,2011|DK|KLEPNE|CAZ|INPAT,,341,0.149560117302053,0.0378537221350571,0.111706395166996,0.18741383943711,Ceftazidime,J01D,K. pneumoniae,KLEPNE|Denmark|CAZ,51,pays_dans_perimetre
2011,Denmark,KLEPNE,CIP,INPAT,529,2011|DK|KLEPNE|CIP|INPAT,,620,0.146774193548387,0.0278558919559111,0.118918301592476,0.174630085504298,Ciprofloxacin,J01M,K. pneumoniae,KLEPNE|Denmark|CIP,91,pays_dans_perimetre
2011,Denmark,KLEPNE,CRO,INPAT,188,2011|DK|KLEPNE|CRO|INPAT,,207,0.0917874396135266,0.039332928104822,0.0524545115087046,0.131120367718349,Ceftriaxone,J01D,K. pneumoniae,KLEPNE|Denmark|CRO,19,pays_dans_perimetre
2011,Denmark,KLEPNE,CTX,INPAT,159,2011|DK|KLEPNE|CTX|INPAT,,188,0.154255319148936,0.051631751587345,0.102623567561591,0.205887070736281,Cefotaxime,J01D,K. pneumoniae,KLEPNE|Denmark|CTX,29,pays_dans_perimetre
2011,Denmark,KLEPNE,GEN,INPAT,586,2011|DK|KLEPNE|GEN|INPAT,,635,0.0771653543307087,0.0207559364083597,0.056409417922349,0.0979212907390683,Gentamicin,J01G,K. pneumoniae,KLEPNE|Denmark|GEN,49,pays_dans_perimetre
2011,Denmark,KLEPNE,MEM,INPAT,427,2011|DK|KLEPNE|MEM|INPAT,,427,0.0,0.0,0.0,0.0,Meropenem,J01D,K. pneumoniae,KLEPNE|Denmark|MEM,0,pays_dans_perimetre
2011,Denmark,PSEAER,CAZ,INPAT,256,2011|DK|PSEAER|CAZ|INPAT,,274,0.0656934306569343,0.0293350249773697,0.0363584056795647,0.095028455634304,Ceftazidime,J01D,P. aeruginosa,PSEAER|Denmark|CAZ,18,pays_dans_perimetre
2011,Denmark,PSEAER,CIP,INPAT,251,2011|DK|PSEAER|CIP|INPAT,,276,0.0905797101449275,0.0338609636335504,0.0567187465113771,0.124440673778478,Ciprofloxacin,J01M,P. aeruginosa,PSEAER|Denmark|CIP,25,pays_dans_perimetre
2011,Denmark,PSEAER,GEN,INPAT,266,2011|DK|PSEAER|GEN|INPAT,,276,0.036231884057971,0.0220461758174538,0.0141857082405172,0.0582780598754248,Gentamicin,J01G,P. aeruginosa,PSEAER|Denmark|GEN,10,pays_dans_perimetre
2011,Denmark,PSEAER,MEM,INPAT,246,2011|DK|PSEAER|MEM|INPAT,,275,0.105454545454545,0.0363014174487772,0.0691531280057683,0.141755962903323,Meropenem,J01D,P. aeruginosa,PSEAER|Denmark|MEM,29,pays_dans_perimetre
2011,Denmark,PSEAER,TZP,INPAT,258,2011|DK|PSEAER|TZP|INPAT,,277,0.0685920577617329,0.0297661777761983,0.0388258799855346,0.0983582355379311,Piperacillin + Tazobactam,J01C,P. aeruginosa,PSEAER|Denmark|TZP,19,pays_dans_perimetre
2011,Estonia,ESCCOL,CAZ,INPAT,70,2011|EE|ESCCOL|CAZ|INPAT,,82,0.146341463414634,0.0765023781476634,0.0698390852669708,0.222843841562298,Ceftazidime,J01D,E. coli,ESCCOL|Estonia|CAZ,12,pays_dans_perimetre
2011,Estonia,KLEPNE,CIP,INPAT,68,2011|EE|KLEPNE|CIP|INPAT,,90,0.244444444444444,0.0887887831371392,0.155655661307305,0.333233227581584,Ciprofloxacin,J01M,K. pneumoniae,KLEPNE|Estonia|CIP,22,pays_dans_perimetre
2011,Estonia,KLEPNE,GEN,INPAT,78,2011|EE|KLEPNE|GEN|INPAT,,89,0.123595505617978,0.0683777341403666,0.0552177714776109,0.191973239758344,Gentamicin,J01G,K. pneumoniae,KLEPNE|Estonia|GEN,11,pays_dans_perimetre
2011,Estonia,STAAUR,CIP,INPAT,114,2011|EE|STAAUR|CIP|INPAT,,119,0.0420168067226891,0.0360473262432824,0.0059694804794066,0.0780641329659715,Ciprofloxacin,J01M,S. aureus,STAAUR|Estonia|CIP,5,pays_dans_perimetre
2011,Finland,ESCCOL,AMP,INPAT,553,2011|FI|ESCCOL|AMP|INPAT,,927,0.403451995685005,0.0315816515040199,0.371870344180986,0.435033647189025,Ampicillin,J01C,E. coli,ESCCOL|Finland|AMP,374,pays_dans_perimetre
2011,Finland,ESCCOL,CAZ,INPAT,946,2011|FI|ESCCOL|CAZ|INPAT,,1018,0.0707269155206287,0.0157487547805358,0.0549781607400929,0.0864756703011644,Ceftazidime,J01D,E. coli,ESCCOL|Finland|CAZ,72,pays_dans_perimetre
2011,Finland,ESCCOL,CIP,INPAT,434,2011|FI|ESCCOL|CIP|INPAT,,508,0.145669291338583,0.030677589199273,0.11499170213931,0.176346880537856,Ciprofloxacin,J01M,E. coli,ESCCOL|Finland|CIP,74,pays_dans_perimetre
2011,Finland,ESCCOL,CRO,INPAT,544,2011|FI|ESCCOL|CRO|INPAT,,585,0.0700854700854701,0.0206877686293375,0.0493977014561326,0.0907732387148076,Ceftriaxone,J01D,E. coli,ESCCOL|Finland|CRO,41,pays_dans_perimetre
2011,Finland,ESCCOL,TOB,INPAT,1019,2011|FI|ESCCOL|TOB|INPAT,,1126,0.0950266429840142,0.0171288208230597,0.0778978221609546,0.112155463807074,Tobramycin,J01G,E. coli,ESCCOL|Finland|TOB,107,pays_dans_perimetre
2011,Finland,KLEPNE,CAZ,INPAT,154,2011|FI|KLEPNE|CAZ|INPAT,,164,0.0609756097560976,0.0366227253231995,0.024352884432898,0.0975983350792971,Ceftazidime,J01D,K. pneumoniae,KLEPNE|Finland|CAZ,10,pays_dans_perimetre
2011,Finland,KLEPNE,CIP,INPAT,92,2011|FI|KLEPNE|CIP|INPAT,,97,0.0515463917525773,0.0440025034641001,0.0075438882884772,0.0955488952166774,Ciprofloxacin,J01M,K. pneumoniae,KLEPNE|Finland|CIP,5,pays_dans_perimetre
2011,Finland,KLEPNE,TOB,INPAT,169,2011|FI|KLEPNE|TOB|INPAT,,181,0.0662983425414365,0.0362470097296404,0.0300513328117961,0.102545352271077,Tobramycin,J01G,K. pneumoniae,KLEPNE|Finland|TOB,12,pays_dans_perimetre
2011,Ireland,ENCFAE,AMP,INPAT,85,2011|IE|ENCFAE|AMP|INPAT,,85,0.0,0.0,0.0,0.0,Ampicillin,J01C,E. faecalis,ENCFAE|Ireland|AMP,0,pays_dans_perimetre
2011,Ireland,ENCFAE,VAN,INPAT,94,2011|IE|ENCFAE|VAN|INPAT,,96,0.0208333333333333,0.0285711779709579,-0.0077378446376245,0.0494045113042912,Vancomycin,J01X,E. faecalis,ENCFAE|Ireland|VAN,2,pays_dans_perimetre
2011,Ireland,ENCFAI,AMP,INPAT,5,2011|IE|ENCFAI|AMP|INPAT,,105,0.952380952380952,0.0407340061773853,0.911646946203567,0.993114958558338,Ampicillin,J01C,E. faecium,ENCFAI|Ireland|AMP,100,pays_dans_perimetre
2011,Ireland,ENCFAI,VAN,INPAT,82,2011|IE|ENCFAI|VAN|INPAT,,120,0.316666666666667,0.0832305810963112,0.233436085570356,0.399897247762978,Vancomycin,J01X,E. faecium,ENCFAI|Ireland|VAN,38,pays_dans_perimetre
2011,Ireland,ESCCOL,AMK,INPAT,642,2011|IE|ESCCOL|AMK|INPAT,,658,0.0243161094224924,0.0117691401967636,0.0125469692257288,0.036085249619256,Amikacin,J01G,E. coli,ESCCOL|Ireland|AMK,16,pays_dans_perimetre
2011,Ireland,ESCCOL,AMP,INPAT,195,2011|IE|ESCCOL|AMP|INPAT,,678,0.712389380530973,0.0340723745828541,0.678317005948119,0.746461755113828,Ampicillin,J01C,E. coli,ESCCOL|Ireland|AMP,483,pays_dans_perimetre
2011,Ireland,ESCCOL,CAZ,INPAT,665,2011|IE|ESCCOL|CAZ|INPAT,,728,0.0865384615384615,0.0204239669849175,0.066114494553544,0.106962428523379,Ceftazidime,J01D,E. coli,ESCCOL|Ireland|CAZ,63,pays_dans_perimetre
2011,Ireland,ESCCOL,CIP,INPAT,611,2011|IE|ESCCOL|CIP|INPAT,,796,0.232412060301508,0.0293422179785811,0.203069842322926,0.261754278280089,Ciprofloxacin,J01M,E. coli,ESCCOL|Ireland|CIP,185,pays_dans_perimetre
2011,Ireland,ESCCOL,CRO,INPAT,93,2011|IE|ESCCOL|CRO|INPAT,,101,0.0792079207920792,0.0526696555858822,0.026538265206197,0.131877576377961,Ceftriaxone,J01D,E. coli,ESCCOL|Ireland|CRO,8,pays_dans_perimetre
2011,Ireland,ESCCOL,CTX,INPAT,601,2011|IE|ESCCOL|CTX|INPAT,,670,0.102985074626866,0.0230147175143365,0.0799703571125292,0.125999792141202,Cefotaxime,J01D,E. coli,ESCCOL|Ireland|CTX,69,pays_dans_perimetre
2011,Ireland,ESCCOL,GEN,INPAT,738,2011|IE|ESCCOL|GEN|INPAT,,794,0.0705289672544081,0.0178093271637347,0.0527196400906734,0.0883382944181428,Gentamicin,J01G,E. coli,ESCCOL|Ireland|GEN,56,pays_dans_perimetre
2011,Ireland,STAAUR,OXA,INPAT,213,2011|IE|STAAUR|OXA|INPAT,,310,0.312903225806452,0.0516165768723824,0.261286648934069,0.364519802678834,Oxacillin,J01C,S. aureus,STAAUR|Ireland|OXA,97,pays_dans_perimetre
2011,Lithuania,ESCCOL,AMP,INPAT,183,2011|LT|ESCCOL|AMP|INPAT,,383,0.522193211488251,0.0500263080547195,0.472166903433531,0.57221951954297,Ampicillin,J01C,E. coli,ESCCOL|Lithuania|AMP,200,pays_dans_perimetre
2011,Lithuania,ESCCOL,CAZ,INPAT,349,2011|LT|ESCCOL|CAZ|INPAT,,376,0.0718085106382979,0.0260956969062306,0.0457128137320673,0.0979042075445285,Ceftazidime,J01D,E. coli,ESCCOL|Lithuania|CAZ,27,pays_dans_perimetre
2011,Lithuania,ESCCOL,CIP,INPAT,323,2011|LT|ESCCOL|CIP|INPAT,,381,0.152230971128609,0.0360731332305115,0.116157837898097,0.18830410435912,Ciprofloxacin,J01M,E. coli,ESCCOL|Lithuania|CIP,58,pays_dans_perimetre
2011,Lithuania,ESCCOL,CRO,INPAT,119,2011|LT|ESCCOL|CRO|INPAT,,131,0.0916030534351145,0.0493984397097702,0.0422046137253443,0.141001493144885,Ceftriaxone,J01D,E. coli,ESCCOL|Lithuania|CRO,12,pays_dans_perimetre
2011,Lithuania,ESCCOL,CTX,INPAT,261,2011|LT|ESCCOL|CTX|INPAT,,278,0.0611510791366906,0.0281665458793314,0.0329845332573593,0.089317625016022,Cefotaxime,J01D,E. coli,ESCCOL|Lithuania|CTX,17,pays_dans_perimetre
2011,Lithuania,ESCCOL,GEN,INPAT,340,2011|LT|ESCCOL|GEN|INPAT,,382,0.109947643979058,0.0313707665371629,0.0785768774418947,0.14131841051622,Gentamicin,J01G,E. coli,ESCCOL|Lithuania|GEN,42,pays_dans_perimetre
2011,Lithuania,KLEPNE,CAZ,INPAT,52,2011|LT|KLEPNE|CAZ|INPAT,,135,0.614814814814815,0.0820911116207041,0.532723703194111,0.696905926435519,Ceftazidime,J01D,K. pneumoniae,KLEPNE|Lithuania|CAZ,83,pays_dans_perimetre
2011,Lithuania,KLEPNE,CIP,INPAT,55,2011|LT|KLEPNE|CIP|INPAT,,137,0.598540145985402,0.0820849412258687,0.516455204759533,0.68062508721127,Ciprofloxacin,J01M,K. pneumoniae,KLEPNE|Lithuania|CIP,82,pays_dans_perimetre
2011,Lithuania,KLEPNE,GEN,INPAT,55,2011|LT|KLEPNE|GEN|INPAT,,137,0.598540145985402,0.0820849412258687,0.516455204759533,0.68062508721127,Gentamicin,J01G,K. pneumoniae,KLEPNE|Lithuania|GEN,82,pays_dans_perimetre
2011,Lithuania,STAAUR,FOX,INPAT,215,2011|LT|STAAUR|FOX|INPAT,,227,0.052863436123348,0.0291089901101904,0.0237544460131577,0.0819724262335384,Cefoxitin,J01D,S. aureus,STAAUR|Lithuania|FOX,12,pays_dans_perimetre
2011,Lithuania,STAAUR,RIF,INPAT,157,2011|LT|STAAUR|RIF|INPAT,,158,0.0063291139240506,0.0123657444496285,-0.0060366305255778,0.0186948583736791,Rifampicin,J04A,S. aureus,STAAUR|Lithuania|RIF,1,pays_dans_perimetre
2011,Lithuania,STRPNE,ERY,INPAT,30,2011|LT|STRPNE|ERY|INPAT,,41,0.268292682926829,0.135624220850669,0.13266846207616,0.403916903777499,Erythromycin,J01F,S. pneumoniae,STRPNE|Lithuania|ERY,11,pays_dans_perimetre
2011,Lithuania,STRPNE,OXA,INPAT,40,2011|LT|STRPNE|OXA|INPAT,,45,0.111111111111111,0.091823173539704,0.0192879375714071,0.202934284650815,Oxacillin,J01C,S. pneumoniae,STRPNE|Lithuania|OXA,5,pays_dans_perimetre
2011,Latvia,ESCCOL,AMK,INPAT,88,2011|LV|ESCCOL|AMK|INPAT,,91,0.032967032967033,0.0366856270201137,-0.0037185940530807,0.0696526599871467,Amikacin,J01G,E. coli,ESCCOL|Latvia|AMK,3,pays_dans_perimetre
2011,Latvia,ESCCOL,AMP,INPAT,53,2011|LV|ESCCOL|AMP|INPAT,,129,0.589147286821705,0.0849016707876498,0.504245616034056,0.674048957609355,Ampicillin,J01C,E. coli,ESCCOL|Latvia|AMP,76,pays_dans_perimetre
2011,Latvia,ESCCOL,CAZ,INPAT,110,2011|LV|ESCCOL|CAZ|INPAT,,131,0.16030534351145,0.0628282723725341,0.0974770711389163,0.223133615883984,Ceftazidime,J01D,E. coli,ESCCOL|Latvia|CAZ,21,pays_dans_perimetre
2011,Latvia,ESCCOL,CIP,INPAT,107,2011|LV|ESCCOL|CIP|INPAT,,128,0.1640625,0.0641567939330175,0.0999057060669825,0.228219293933018,Ciprofloxacin,J01M,E. coli,ESCCOL|Latvia|CIP,21,pays_dans_perimetre
2011,Latvia,ESCCOL,CRO,INPAT,88,2011|LV|ESCCOL|CRO|INPAT,,107,0.177570093457944,0.0724099989828783,0.105160094475066,0.249980092440822,Ceftriaxone,J01D,E. coli,ESCCOL|Latvia|CRO,19,pays_dans_perimetre
2011,Latvia,ESCCOL,CTX,INPAT,106,2011|LV|ESCCOL|CTX|INPAT,,128,0.171875,0.0653589986616586,0.106516001338341,0.237233998661659,Cefotaxime,J01D,E. coli,ESCCOL|Latvia|CTX,22,pays_dans_perimetre
2011,Latvia,ESCCOL,GEN,INPAT,118,2011|LV|ESCCOL|GEN|INPAT,,129,0.0852713178294574,0.0481957621173267,0.0370755557121307,0.133467079946784,Gentamicin,J01G,E. coli,ESCCOL|Latvia|GEN,11,pays_dans_perimetre
2011,Latvia,ESCCOL,TOB,INPAT,79,2011|LV|ESCCOL|TOB|INPAT,,92,0.141304347826087,0.0711802570693999,0.0701240907566871,0.212484604895487,Tobramycin,J01G,E. coli,ESCCOL|Latvia|TOB,13,pays_dans_perimetre
2011,Latvia,STAAUR,CIP,INPAT,174,2011|LV|STAAUR|CIP|INPAT,,190,0.0842105263157895,0.0394875587804565,0.044722967535333,0.123698085096246,Ciprofloxacin,J01M,S. aureus,STAAUR|Latvia|CIP,16,pays_dans_perimetre
2011,Latvia,STAAUR,FOX,INPAT,167,2011|LV|STAAUR|FOX|INPAT,,186,0.102150537634409,0.0435232874029454,0.0586272502314632,0.145673825037354,Cefoxitin,J01D,S. aureus,STAAUR|Latvia|FOX,19,pays_dans_perimetre
2011,Latvia,STAAUR,LVX,INPAT,51,2011|LV|STAAUR|LVX|INPAT,,54,0.0555555555555556,0.0610957706147829,-0.0055402150592273,0.116651326170338,Levofloxacin,J01M,S. aureus,STAAUR|Latvia|LVX,3,pays_dans_perimetre
2011,Latvia,STAAUR,RIF,INPAT,185,2011|LV|STAAUR|RIF|INPAT,,186,0.0053763440860215,0.010509269257801,-0.0051329251717795,0.0158856133438225,Rifampicin,J04A,S. aureus,STAAUR|Latvia|RIF,1,pays_dans_perimetre
2011,Malta,ESCCOL,AMC,INPAT,79,2011|MT|ESCCOL|AMC|INPAT,,104,0.240384615384615,0.0821276909005338,0.158256924484082,0.322512306285149,Amoxicillin + clavulanic acid,J01C,E. coli,ESCCOL|Malta|AMC,25,pays_dans_perimetre
2011,Malta,ESCCOL,AMK,INPAT,87,2011|MT|ESCCOL|AMK|INPAT,,104,0.163461538461538,0.0710706274107975,0.0923909110507409,0.234532165872336,Amikacin,J01G,E. coli,ESCCOL|Malta|AMK,17,pays_dans_perimetre
2011,Malta,ESCCOL,AMP,INPAT,51,2011|MT|ESCCOL|AMP|INPAT,,104,0.509615384615385,0.0960791351761865,0.413536249439198,0.605694519791571,Ampicillin,J01C,E. coli,ESCCOL|Malta|AMP,53,pays_dans_perimetre
2011,Malta,ESCCOL,CAZ,INPAT,91,2011|MT|ESCCOL|CAZ|INPAT,,104,0.125,0.0635621289036894,0.0614378710963106,0.188562128903689,Ceftazidime,J01D,E. coli,ESCCOL|Malta|CAZ,13,pays_dans_perimetre
2011,Malta,ESCCOL,CIP,INPAT,66,2011|MT|ESCCOL|CIP|INPAT,,104,0.365384615384615,0.092548594673108,0.272836020711507,0.457933210057723,Ciprofloxacin,J01M,E. coli,ESCCOL|Malta|CIP,38,pays_dans_perimetre
2011,Malta,ESCCOL,FEP,INPAT,93,2011|MT|ESCCOL|FEP|INPAT,,103,0.0970873786407767,0.0571796784239919,0.0399077002167848,0.154267057064769,Cefepime,J01D,E. coli,ESCCOL|Malta|FEP,10,pays_dans_perimetre
2011,Malta,ESCCOL,GEN,INPAT,91,2011|MT|ESCCOL|GEN|INPAT,,104,0.125,0.0635621289036894,0.0614378710963106,0.188562128903689,Gentamicin,J01G,E. coli,ESCCOL|Malta|GEN,13,pays_dans_perimetre
2011,Malta,ESCCOL,TZP,INPAT,31,2011|MT|ESCCOL|TZP|INPAT,,33,0.0606060606060606,0.0814106095158176,-0.020804548909757,0.142016670121878,Piperacillin + Tazobactam,J01C,E. coli,ESCCOL|Malta|TZP,2,pays_dans_perimetre
2011,Norway,ENCFAE,AMP,INPAT,323,2011|NO|ENCFAE|AMP|INPAT,,323,0.0,0.0,0.0,0.0,Ampicillin,J01C,E. faecalis,ENCFAE|Norway|AMP,0,pays_dans_perimetre
2011,Norway,ENCFAE,VAN,INPAT,317,2011|NO|ENCFAE|VAN|INPAT,,318,0.0031446540880503,0.0061538233094614,-0.0030091692214111,0.0092984773975117,Vancomycin,J01X,E. faecalis,ENCFAE|Norway|VAN,1,pays_dans_perimetre
2011,Norway,ESCCOL,AMP,INPAT,4,2011|NO|ESCCOL|AMP|INPAT,,2043,0.998042094958394,0.0019168676583041,0.99612522730009,0.999958962616699,Ampicillin,J01C,E. coli,ESCCOL|Norway|AMP,2039,pays_dans_perimetre
2011,Norway,ESCCOL,CAZ,INPAT,1723,2011|NO|ESCCOL|CAZ|INPAT,,1802,0.0438401775804661,0.009453226761533,0.0343869508189331,0.0532934043419992,Ceftazidime,J01D,E. coli,ESCCOL|Norway|CAZ,79,pays_dans_perimetre
2011,Norway,ESCCOL,CIP,INPAT,1723,2011|NO|ESCCOL|CIP|INPAT,,1935,0.109560723514212,0.0139169858769102,0.0956437376373016,0.123477709391122,Ciprofloxacin,J01M,E. coli,ESCCOL|Norway|CIP,212,pays_dans_perimetre
2011,Norway,ESCCOL,CTX,INPAT,1748,2011|NO|ESCCOL|CTX|INPAT,,1819,0.0390324354040682,0.0089003464333476,0.0301320889707205,0.0479327818374159,Cefotaxime,J01D,E. coli,ESCCOL|Norway|CTX,71,pays_dans_perimetre
2011,Norway,ESCCOL,GEN,INPAT,1778,2011|NO|ESCCOL|GEN|INPAT,,1859,0.043571812802582,0.0092799444057043,0.0342918683968777,0.0528517572082863,Gentamicin,J01G,E. coli,ESCCOL|Norway|GEN,81,pays_dans_perimetre
2011,Norway,ESCCOL,IPM,INPAT,324,2011|NO|ESCCOL|IPM|INPAT,,326,0.0061349693251533,0.0084765118636733,-0.0023415425385199,0.0146114811888267,Imipenem,J01D,E. coli,ESCCOL|Norway|IPM,2,pays_dans_perimetre
2011,Norway,ESCCOL,MEM,INPAT,1944,2011|NO|ESCCOL|MEM|INPAT,,1944,0.0,0.0,0.0,0.0,Meropenem,J01D,E. coli,ESCCOL|Norway|MEM,0,pays_dans_perimetre
2011,Norway,ESCCOL,TOB,INPAT,519,2011|NO|ESCCOL|TOB|INPAT,,545,0.0477064220183486,0.0178949986866036,0.0298114233317451,0.0656014207049522,Tobramycin,J01G,E. coli,ESCCOL|Norway|TOB,26,pays_dans_perimetre
2011,Norway,STAAUR,CIP,INPAT,290,2011|NO|STAAUR|CIP|INPAT,,301,0.0365448504983389,0.0211983310175291,0.0153465194808098,0.057743181515868,Ciprofloxacin,J01M,S. aureus,STAAUR|Norway|CIP,11,pays_dans_perimetre
2011,Norway,STAAUR,OXA,INPAT,675,2011|NO|STAAUR|OXA|INPAT,,676,0.0014792899408284,0.0028972629575856,-0.0014179730167572,0.004376552898414,Oxacillin,J01C,S. aureus,STAAUR|Norway|OXA,1,pays_dans_perimetre
2011,Norway,STRPNE,CTX,INPAT,337,2011|NO|STRPNE|CTX|INPAT,,343,0.0174927113702624,0.013874120653029,0.0036185907172333,0.0313668320232914,Cefotaxime,J01D,S. pneumoniae,STRPNE|Norway|CTX,6,pays_dans_perimetre
2011,Norway,STRPNE,ERY,INPAT,436,2011|NO|STRPNE|ERY|INPAT,,457,0.0459518599562363,0.0191970573913228,0.0267548025649135,0.0651489173475591,Erythromycin,J01F,S. pneumoniae,STRPNE|Norway|ERY,21,pays_dans_perimetre
2011,Norway,STRPNE,PEN,INPAT,481,2011|NO|STRPNE|PEN|INPAT,,500,0.038,0.0167590888535147,0.0212409111464853,0.0547590888535147,Penicillin,J01C,S. pneumoniae,STRPNE|Norway|PEN,19,pays_dans_perimetre
2011,Poland,ENCFAI,LNZ,INPAT,125,2011|PL|ENCFAI|LNZ|INPAT,,126,0.0079365079365079,0.0154937041950755,-0.0075571962585675,0.0234302121315834,Linezolid,J01X,E. faecium,ENCFAI|Poland|LNZ,1,pays_dans_perimetre
2011,Poland,ESCCOL,AMP,INPAT,307,2011|PL|ESCCOL|AMP|INPAT,,846,0.637115839243499,0.0324014239874787,0.60471441525602,0.669517263230977,Ampicillin,J01C,E. coli,ESCCOL|Poland|AMP,539,pays_dans_perimetre
2011,Poland,ESCCOL,CAZ,INPAT,466,2011|PL|ESCCOL|CAZ|INPAT,,519,0.102119460500963,0.0260516915625706,0.0760677689383928,0.128171152063534,Ceftazidime,J01D,E. coli,ESCCOL|Poland|CAZ,53,pays_dans_perimetre
2011,Poland,ESCCOL,CIP,INPAT,743,2011|PL|ESCCOL|CIP|INPAT,,1038,0.284200385356455,0.0274388215954857,0.256761563760969,0.31163920695194,Ciprofloxacin,J01M,E. coli,ESCCOL|Poland|CIP,295,pays_dans_perimetre
2011,Poland,ESCCOL,CTX,INPAT,450,2011|PL|ESCCOL|CTX|INPAT,,515,0.12621359223301,0.0286819162272265,0.0975316760057832,0.154895508460236,Cefotaxime,J01D,E. coli,ESCCOL|Poland|CTX,65,pays_dans_perimetre
2011,Poland,ESCCOL,GEN,INPAT,941,2011|PL|ESCCOL|GEN|INPAT,,1014,0.0719921104536489,0.0159094578603166,0.0560826525933323,0.0879015683139656,Gentamicin,J01G,E. coli,ESCCOL|Poland|GEN,73,pays_dans_perimetre
2011,Poland,ESCCOL,MEM,INPAT,925,2011|PL|ESCCOL|MEM|INPAT,,927,0.0021574973031283,0.0029869113581414,-0.000829414055013,0.0051444086612698,Meropenem,J01D,E. coli,ESCCOL|Poland|MEM,2,pays_dans_perimetre
2011,Poland,KLEPNE,CRO,INPAT,42,2011|PL|KLEPNE|CRO|INPAT,,116,0.637931034482759,0.0874600240798413,0.550471010402917,0.7253910585626,Ceftriaxone,J01D,K. pneumoniae,KLEPNE|Poland|CRO,74,pays_dans_perimetre
2011,Poland,KLEPNE,MEM,INPAT,352,2011|PL|KLEPNE|MEM|INPAT,,356,0.0112359550561798,0.010949200329272,0.0002867547269077,0.0221851553854518,Meropenem,J01D,K. pneumoniae,KLEPNE|Poland|MEM,4,pays_dans_perimetre
2011,Poland,STAAUR,CIP,INPAT,457,2011|PL|STAAUR|CIP|INPAT,,582,0.214776632302405,0.0333645061472729,0.181412126155133,0.248141138449678,Ciprofloxacin,J01M,S. aureus,STAAUR|Poland|CIP,125,pays_dans_perimetre
2011,Sweden,ENCFAE,AMP,INPAT,527,2011|SE|ENCFAE|AMP|INPAT,,527,0.0,0.0,0.0,0.0,Ampicillin,J01C,E. faecalis,ENCFAE|Sweden|AMP,0,pays_dans_perimetre
2011,Sweden,ENCFAE,GEH,INPAT,468,2011|SE|ENCFAE|GEH|INPAT,,618,0.242718446601942,0.0338019624361605,0.208916484165781,0.276520409038102,Gentamicin High,J01G,E. faecalis,ENCFAE|Sweden|GEH,150,pays_dans_perimetre
2011,Sweden,ENCFAE,LNZ,INPAT,395,2011|SE|ENCFAE|LNZ|INPAT,,396,0.0025252525252525,0.0049432416368911,-0.0024179891116386,0.0074684941621437,Linezolid,J01X,E. faecalis,ENCFAE|Sweden|LNZ,1,pays_dans_perimetre
2011,Sweden,ENCFAI,AMP,INPAT,38,2011|SE|ENCFAI|AMP|INPAT,,288,0.868055555555556,0.0390867123178484,0.828968843237707,0.907142267873404,Ampicillin,J01C,E. faecium,ENCFAI|Sweden|AMP,250,pays_dans_perimetre
2011,Sweden,ENCFAI,VAN,INPAT,355,2011|SE|ENCFAI|VAN|INPAT,,355,0.0,0.0,0.0,0.0,Vancomycin,J01X,E. faecium,ENCFAI|Sweden|VAN,0,pays_dans_perimetre
2011,Sweden,ESCCOL,GEN,INPAT,2015,2011|SE|ESCCOL|GEN|INPAT,,2116,0.0477315689981096,0.0090840766159144,0.0386474923821952,0.0568156456140241,Gentamicin,J01G,E. coli,ESCCOL|Sweden|GEN,101,pays_dans_perimetre
2011,Sweden,KLEPNE,GEN,INPAT,397,2011|SE|KLEPNE|GEN|INPAT,,407,0.0245700245700246,0.0150404112350112,0.0095296133350134,0.0396104358050357,Gentamicin,J01G,K. pneumoniae,KLEPNE|Sweden|GEN,10,pays_dans_perimetre
2011,Sweden,KLEPNE,TOB,INPAT,302,2011|SE|KLEPNE|TOB|INPAT,,310,0.0258064516129032,0.0176507025219958,0.0081557490909074,0.043457154134899,Tobramycin,J01G,K. pneumoniae,KLEPNE|Sweden|TOB,8,pays_dans_perimetre
2011,Sweden,KLEPNE,TZP,INPAT,649,2011|SE|KLEPNE|TZP|INPAT,,695,0.0661870503597122,0.0184833262236411,0.0477037241360712,0.0846703765833533,Piperacillin + Tazobactam,J01C,K. pneumoniae,KLEPNE|Sweden|TZP,46,pays_dans_perimetre
2011,Sweden,PSEAER,CAZ,INPAT,307,2011|SE|PSEAER|CAZ|INPAT,,329,0.0668693009118541,0.0269924777827551,0.039876823129099,0.0938617786946092,Ceftazidime,J01D,P. aeruginosa,PSEAER|Sweden|CAZ,22,pays_dans_perimetre
2011,Sweden,PSEAER,CIP,INPAT,305,2011|SE|PSEAER|CIP|INPAT,,329,0.0729483282674772,0.0281007405350847,0.0448475877323925,0.101049068802562,Ciprofloxacin,J01M,P. aeruginosa,PSEAER|Sweden|CIP,24,pays_dans_perimetre
2011,Sweden,PSEAER,IPM,INPAT,235,2011|SE|PSEAER|IPM|INPAT,,258,0.0891472868217054,0.0347715749031446,0.0543757119185608,0.12391886172485,Imipenem,J01D,P. aeruginosa,PSEAER|Sweden|IPM,23,pays_dans_perimetre
2011,Sweden,PSEAER,TOB,INPAT,230,2011|SE|PSEAER|TOB|INPAT,,233,0.0128755364806867,0.014475938693838,-0.0016004022131512,0.0273514751745247,Tobramycin,J01G,P. aeruginosa,PSEAER|Sweden|TOB,3,pays_dans_perimetre
2011,Sweden,STAAUR,RIF,INPAT,1198,2011|SE|STAAUR|RIF|INPAT,,1201,0.0024979184013322,0.0028231281770044,-0.0003252097756721,0.0053210465783366,Rifampicin,J04A,S. aureus,STAAUR|Sweden|RIF,3,pays_dans_perimetre
2012,Bulgaria,ACISPP,CIP,INPAT,16,2012|BG|ACISPP|CIP|INPAT,,60,0.733333333333333,0.111896248240816,0.621437085092517,0.84522958157415,Ciprofloxacin,J01M,Acinetobaccter spp.,ACISPP|Bulgaria|CIP,44,pays_dans_perimetre
2012,Bulgaria,ACISPP,GEN,INPAT,20,2012|BG|ACISPP|GEN|INPAT,,58,0.655172413793103,0.122326592176652,0.532845821616452,0.777499005969755,Gentamicin,J01G,Acinetobaccter spp.,ACISPP|Bulgaria|GEN,38,pays_dans_perimetre
2012,Bulgaria,ACISPP,IPM,INPAT,14,2012|BG|ACISPP|IPM|INPAT,,44,0.681818181818182,0.137626384781877,0.544191797036305,0.819444566600059,Imipenem,J01D,Acinetobaccter spp.,ACISPP|Bulgaria|IPM,30,pays_dans_perimetre
2012,Bulgaria,ACISPP,MEM,INPAT,20,2012|BG|ACISPP|MEM|INPAT,,53,0.622641509433962,0.13050111873482,0.492140390699142,0.753142628168782,Meropenem,J01D,Acinetobaccter spp.,ACISPP|Bulgaria|MEM,33,pays_dans_perimetre
2012,Bulgaria,ACISPP,TOB,INPAT,19,2012|BG|ACISPP|TOB|INPAT,,30,0.366666666666667,0.172443699883845,0.194222966782822,0.539110366550512,Tobramycin,J01G,Acinetobaccter spp.,ACISPP|Bulgaria|TOB,11,pays_dans_perimetre
2012,Bulgaria,ESCCOL,AMK,INPAT,187,2012|BG|ESCCOL|AMK|INPAT,,210,0.10952380952381,0.0422388271442108,0.0672849823795987,0.15176263666802,Amikacin,J01G,E. coli,ESCCOL|Bulgaria|AMK,23,pays_dans_perimetre
2012,Bulgaria,ESCCOL,AMP,INPAT,55,2012|BG|ESCCOL|AMP|INPAT,,192,0.713541666666667,0.0639507815817452,0.649590885084921,0.777492448248412,Ampicillin,J01C,E. coli,ESCCOL|Bulgaria|AMP,137,pays_dans_perimetre
2012,Bulgaria,ESCCOL,CAZ,INPAT,137,2012|BG|ESCCOL|CAZ|INPAT,,212,0.35377358490566,0.0643640250570297,0.289409559848631,0.41813760996269,Ceftazidime,J01D,E. coli,ESCCOL|Bulgaria|CAZ,75,pays_dans_perimetre
2012,Bulgaria,ESCCOL,CIP,INPAT,138,2012|BG|ESCCOL|CIP|INPAT,,213,0.352112676056338,0.0641441184809429,0.287968557575395,0.416256794537281,Ciprofloxacin,J01M,E. coli,ESCCOL|Bulgaria|CIP,75,pays_dans_perimetre
2012,Bulgaria,ESCCOL,CRO,INPAT,81,2012|BG|ESCCOL|CRO|INPAT,,128,0.3671875,0.0835088600437735,0.283678639956227,0.450696360043773,Ceftriaxone,J01D,E. coli,ESCCOL|Bulgaria|CRO,47,pays_dans_perimetre
2012,Bulgaria,ESCCOL,CTX,INPAT,89,2012|BG|ESCCOL|CTX|INPAT,,161,0.447204968944099,0.0768030573896238,0.370401911554476,0.524008026333723,Cefotaxime,J01D,E. coli,ESCCOL|Bulgaria|CTX,72,pays_dans_perimetre
2012,Bulgaria,ESCCOL,GEN,INPAT,149,2012|BG|ESCCOL|GEN|INPAT,,208,0.283653846153846,0.0612604537050967,0.222393392448749,0.344914299858943,Gentamicin,J01G,E. coli,ESCCOL|Bulgaria|GEN,59,pays_dans_perimetre
2012,Bulgaria,STAAUR,CIP,INPAT,155,2012|BG|STAAUR|CIP|INPAT,,196,0.209183673469388,0.0569416099067765,0.152242063562611,0.266125283376164,Ciprofloxacin,J01M,S. aureus,STAAUR|Bulgaria|CIP,41,pays_dans_perimetre
2012,Bulgaria,STAAUR,RIF,INPAT,171,2012|BG|STAAUR|RIF|INPAT,,189,0.0952380952380952,0.0418502130128164,0.0533878822252788,0.137088308250912,Rifampicin,J04A,S. aureus,STAAUR|Bulgaria|RIF,18,pays_dans_perimetre
2012,Cyprus,STAAUR,LVX,INPAT,41,2012|CY|STAAUR|LVX|INPAT,,81,0.493827160493827,0.108880590379645,0.384946570114182,0.602707750873472,Levofloxacin,J01M,S. aureus,STAAUR|Cyprus|LVX,40,pays_dans_perimetre
2012,Denmark,ENCFAE,AMP,INPAT,383,2012|DK|ENCFAE|AMP|INPAT,,390,0.0179487179487179,0.0131767275959319,0.004771990352786,0.0311254455446498,Ampicillin,J01C,E. faecalis,ENCFAE|Denmark|AMP,7,pays_dans_perimetre
2012,Denmark,ENCFAE,VAN,INPAT,300,2012|DK|ENCFAE|VAN|INPAT,,301,0.0033222591362126,0.0065008022504344,-0.0031785431142218,0.0098230613866471,Vancomycin,J01X,E. faecalis,ENCFAE|Denmark|VAN,1,pays_dans_perimetre
2012,Denmark,ENCFAI,AMP,INPAT,27,2012|DK|ENCFAI|AMP|INPAT,,540,0.95,0.0183825601731238,0.931617439826876,0.968382560173124,Ampicillin,J01C,E. faecium,ENCFAI|Denmark|AMP,513,pays_dans_perimetre
2012,Denmark,ENCFAI,VAN,INPAT,484,2012|DK|ENCFAI|VAN|INPAT,,495,0.0222222222222222,0.0129857577359988,0.0092364644862234,0.035207979958221,Vancomycin,J01X,E. faecium,ENCFAI|Denmark|VAN,11,pays_dans_perimetre
2012,Denmark,ESCCOL,AMP,INPAT,840,2012|DK|ESCCOL|AMP|INPAT,,1967,0.572953736654804,0.021860049072064,0.55109368758274,0.594813785726868,Ampicillin,J01C,E. coli,ESCCOL|Denmark|AMP,1127,pays_dans_perimetre
2012,Denmark,ESCCOL,CAZ,INPAT,1045,2012|DK|ESCCOL|CAZ|INPAT,,1165,0.103004291845494,0.0174548431894937,0.0855494486559999,0.120459135034987,Ceftazidime,J01D,E. coli,ESCCOL|Denmark|CAZ,120,pays_dans_perimetre
2012,Denmark,ESCCOL,CIP,INPAT,1765,2012|DK|ESCCOL|CIP|INPAT,,2124,0.169020715630885,0.0159383691703378,0.153082346460547,0.184959084801223,Ciprofloxacin,J01M,E. coli,ESCCOL|Denmark|CIP,359,pays_dans_perimetre
2012,Denmark,ESCCOL,CRO,INPAT,297,2012|DK|ESCCOL|CRO|INPAT,,336,0.116071428571429,0.0342497718970506,0.0818216566743779,0.150321200468479,Ceftriaxone,J01D,E. coli,ESCCOL|Denmark|CRO,39,pays_dans_perimetre
2012,Denmark,ESCCOL,CTX,INPAT,641,2012|DK|ESCCOL|CTX|INPAT,,706,0.0920679886685552,0.0213272427832025,0.0707407458853528,0.113395231451758,Cefotaxime,J01D,E. coli,ESCCOL|Denmark|CTX,65,pays_dans_perimetre
2012,Denmark,ESCCOL,GEN,INPAT,1779,2012|DK|ESCCOL|GEN|INPAT,,1943,0.0844055584148224,0.0123610900007406,0.0720444684140818,0.0967666484155631,Gentamicin,J01G,E. coli,ESCCOL|Denmark|GEN,164,pays_dans_perimetre
2012,Denmark,ESCCOL,MEM,INPAT,1612,2012|DK|ESCCOL|MEM|INPAT,,1612,0.0,0.0,0.0,0.0,Meropenem,J01D,E. coli,ESCCOL|Denmark|MEM,0,pays_dans_perimetre
2012,Denmark,KLEPNE,CAZ,INPAT,236,2012|DK|KLEPNE|CAZ|INPAT,,280,0.157142857142857,0.0426286288777859,0.114514228265071,0.199771486020643,Ceftazidime,J01D,K. pneumoniae,KLEPNE|Denmark|CAZ,44,pays_dans_perimetre
2012,Denmark,KLEPNE,CIP,INPAT,479,2012|DK|KLEPNE|CIP|INPAT,,550,0.129090909090909,0.0280226348781597,0.101068274212749,0.157113543969069,Ciprofloxacin,J01M,K. pneumoniae,KLEPNE|Denmark|CIP,71,pays_dans_perimetre
2012,Denmark,KLEPNE,CRO,INPAT,106,2012|DK|KLEPNE|CRO|INPAT,,135,0.214814814814815,0.0692799156420914,0.145534899172723,0.284094730456906,Ceftriaxone,J01D,K. pneumoniae,KLEPNE|Denmark|CRO,29,pays_dans_perimetre
2012,Denmark,KLEPNE,CTX,INPAT,156,2012|DK|KLEPNE|CTX|INPAT,,178,0.123595505617978,0.0483503594928241,0.0752451461251534,0.171945865110802,Cefotaxime,J01D,K. pneumoniae,KLEPNE|Denmark|CTX,22,pays_dans_perimetre
2012,Denmark,KLEPNE,GEN,INPAT,493,2012|DK|KLEPNE|GEN|INPAT,,526,0.0627376425855513,0.0207232508807306,0.0420143917048207,0.083460893466282,Gentamicin,J01G,K. pneumoniae,KLEPNE|Denmark|GEN,33,pays_dans_perimetre
2012,Denmark,KLEPNE,MEM,INPAT,405,2012|DK|KLEPNE|MEM|INPAT,,407,0.0049140049140049,0.006793709414303,-0.0018797045002981,0.011707714328308,Meropenem,J01D,K. pneumoniae,KLEPNE|Denmark|MEM,2,pays_dans_perimetre
2012,Denmark,PSEAER,CAZ,INPAT,198,2012|DK|PSEAER|CAZ|INPAT,,208,0.0480769230769231,0.0290732554393014,0.0190036676376216,0.0771501785162245,Ceftazidime,J01D,P. aeruginosa,PSEAER|Denmark|CAZ,10,pays_dans_perimetre
2012,Denmark,PSEAER,CIP,INPAT,233,2012|DK|PSEAER|CIP|INPAT,,242,0.0371900826446281,0.0238414265387203,0.0133486561059078,0.0610315091833484,Ciprofloxacin,J01M,P. aeruginosa,PSEAER|Denmark|CIP,9,pays_dans_perimetre
2012,Denmark,PSEAER,GEN,INPAT,219,2012|DK|PSEAER|GEN|INPAT,,231,0.051948051948052,0.0286187579795054,0.0233292939685465,0.0805668099275574,Gentamicin,J01G,P. aeruginosa,PSEAER|Denmark|GEN,12,pays_dans_perimetre
2012,Denmark,PSEAER,MEM,INPAT,209,2012|DK|PSEAER|MEM|INPAT,,225,0.0711111111111111,0.0335826859825895,0.0375284251285216,0.104693797093701,Meropenem,J01D,P. aeruginosa,PSEAER|Denmark|MEM,16,pays_dans_perimetre
2012,Denmark,PSEAER,TZP,INPAT,228,2012|DK|PSEAER|TZP|INPAT,,243,0.0617283950617284,0.0302593583096689,0.0314690367520595,0.0919877533713973,Piperacillin + Tazobactam,J01C,P. aeruginosa,PSEAER|Denmark|TZP,15,pays_dans_perimetre
2012,Estonia,ESCCOL,CAZ,INPAT,193,2012|EE|ESCCOL|CAZ|INPAT,,203,0.0492610837438424,0.0297708112311584,0.0194902725126839,0.0790318949750008,Ceftazidime,J01D,E. coli,ESCCOL|Estonia|CAZ,10,pays_dans_perimetre
2012,Estonia,KLEPNE,CIP,INPAT,71,2012|EE|KLEPNE|CIP|INPAT,,87,0.183908045977011,0.0814078636910175,0.102500182285994,0.265315909668029,Ciprofloxacin,J01M,K. pneumoniae,KLEPNE|Estonia|CIP,16,pays_dans_perimetre
2012,Estonia,KLEPNE,GEN,INPAT,79,2012|EE|KLEPNE|GEN|INPAT,,91,0.131868131868132,0.0695181412421682,0.0623499906259637,0.2013862731103,Gentamicin,J01G,K. pneumoniae,KLEPNE|Estonia|GEN,12,pays_dans_perimetre
2012,Estonia,STAAUR,CIP,INPAT,148,2012|EE|STAAUR|CIP|INPAT,,161,0.0807453416149068,0.042084269313828,0.0386610723010789,0.122829610928735,Ciprofloxacin,J01M,S. aureus,STAAUR|Estonia|CIP,13,pays_dans_perimetre
2012,Finland,ESCCOL,AMP,INPAT,614,2012|FI|ESCCOL|AMP|INPAT,,1057,0.419110690633869,0.0297460729772881,0.389364617656581,0.448856763611158,Ampicillin,J01C,E. coli,ESCCOL|Finland|AMP,443,pays_dans_perimetre
2012,Finland,ESCCOL,CAZ,INPAT,1255,2012|FI|ESCCOL|CAZ|INPAT,,1356,0.0744837758112094,0.0139749121623206,0.0605088636488889,0.08845868797353,Ceftazidime,J01D,E. coli,ESCCOL|Finland|CAZ,101,pays_dans_perimetre
2012,Finland,ESCCOL,CIP,INPAT,658,2012|FI|ESCCOL|CIP|INPAT,,751,0.123834886817577,0.023558660134588,0.100276226682989,0.147393546952165,Ciprofloxacin,J01M,E. coli,ESCCOL|Finland|CIP,93,pays_dans_perimetre
2012,Finland,ESCCOL,CRO,INPAT,804,2012|FI|ESCCOL|CRO|INPAT,,857,0.0618436406067678,0.0161268964600746,0.0457167441466932,0.0779705370668424,Ceftriaxone,J01D,E. coli,ESCCOL|Finland|CRO,53,pays_dans_perimetre
2012,Finland,ESCCOL,TOB,INPAT,1271,2012|FI|ESCCOL|TOB|INPAT,,1378,0.0776487663280116,0.0141301544557809,0.0635186118722307,0.0917789207837925,Tobramycin,J01G,E. coli,ESCCOL|Finland|TOB,107,pays_dans_perimetre
2012,Finland,KLEPNE,CAZ,INPAT,239,2012|FI|KLEPNE|CAZ|INPAT,,249,0.0401606425702811,0.0243868665195288,0.0157737760507524,0.0645475090898099,Ceftazidime,J01D,K. pneumoniae,KLEPNE|Finland|CAZ,10,pays_dans_perimetre
2012,Finland,KLEPNE,CIP,INPAT,130,2012|FI|KLEPNE|CIP|INPAT,,141,0.0780141843971631,0.0442685626446208,0.0337456217525423,0.122282747041784,Ciprofloxacin,J01M,K. pneumoniae,KLEPNE|Finland|CIP,11,pays_dans_perimetre
2012,Finland,KLEPNE,TOB,INPAT,249,2012|FI|KLEPNE|TOB|INPAT,,251,0.0079681274900398,0.0109991762324959,-0.0030310487424561,0.0189673037225358,Tobramycin,J01G,K. pneumoniae,KLEPNE|Finland|TOB,2,pays_dans_perimetre
2012,Ireland,ENCFAE,AMP,INPAT,79,2012|IE|ENCFAE|AMP|INPAT,,81,0.0246913580246914,0.0337953607357394,-0.009104002711048,0.0584867187604307,Ampicillin,J01C,E. faecalis,ENCFAE|Ireland|AMP,2,pays_dans_perimetre
2012,Ireland,ENCFAE,VAN,INPAT,87,2012|IE|ENCFAE|VAN|INPAT,,88,0.0113636363636364,0.0221458161127508,-0.0107821797491145,0.0335094524763872,Vancomycin,J01X,E. faecalis,ENCFAE|Ireland|VAN,1,pays_dans_perimetre
2012,Ireland,ENCFAI,AMP,INPAT,11,2012|IE|ENCFAI|AMP|INPAT,,121,0.909090909090909,0.0512236711895043,0.857867237901405,0.960314580280413,Ampicillin,J01C,E. faecium,ENCFAI|Ireland|AMP,110,pays_dans_perimetre
2012,Ireland,ENCFAI,VAN,INPAT,80,2012|IE|ENCFAI|VAN|INPAT,,129,0.37984496124031,0.0837557321608211,0.296089229079489,0.463600693401131,Vancomycin,J01X,E. faecium,ENCFAI|Ireland|VAN,49,pays_dans_perimetre
2012,Ireland,ESCCOL,AMK,INPAT,623,2012|IE|ESCCOL|AMK|INPAT,,637,0.021978021978022,0.011385574883603,0.010592447094419,0.033363596861625,Amikacin,J01G,E. coli,ESCCOL|Ireland|AMK,14,pays_dans_perimetre
2012,Ireland,ESCCOL,AMP,INPAT,220,2012|IE|ESCCOL|AMP|INPAT,,726,0.696969696969697,0.03343010488262,0.663539592087077,0.730399801852317,Ampicillin,J01C,E. coli,ESCCOL|Ireland|AMP,506,pays_dans_perimetre
2012,Ireland,ESCCOL,CAZ,INPAT,662,2012|IE|ESCCOL|CAZ|INPAT,,710,0.0676056338028169,0.0184679275307725,0.0491377062720444,0.0860735613335894,Ceftazidime,J01D,E. coli,ESCCOL|Ireland|CAZ,48,pays_dans_perimetre
2012,Ireland,ESCCOL,CIP,INPAT,590,2012|IE|ESCCOL|CIP|INPAT,,792,0.255050505050505,0.0303577786135361,0.224692726436969,0.285408283664041,Ciprofloxacin,J01M,E. coli,ESCCOL|Ireland|CIP,202,pays_dans_perimetre
2012,Ireland,ESCCOL,CRO,INPAT,113,2012|IE|ESCCOL|CRO|INPAT,,129,0.124031007751938,0.0568814578908021,0.0671495498611359,0.18091246564274,Ceftriaxone,J01D,E. coli,ESCCOL|Ireland|CRO,16,pays_dans_perimetre
2012,Ireland,ESCCOL,CTX,INPAT,548,2012|IE|ESCCOL|CTX|INPAT,,623,0.120385232744783,0.0255531775351668,0.0948320552096165,0.14593841027995,Cefotaxime,J01D,E. coli,ESCCOL|Ireland|CTX,75,pays_dans_perimetre
2012,Ireland,ESCCOL,GEN,INPAT,713,2012|IE|ESCCOL|GEN|INPAT,,792,0.0997474747474748,0.0208701999325205,0.0788772748149542,0.120617674679995,Gentamicin,J01G,E. coli,ESCCOL|Ireland|GEN,79,pays_dans_perimetre
2012,Ireland,STAAUR,OXA,INPAT,180,2012|IE|STAAUR|OXA|INPAT,,254,0.291338582677165,0.0558801558693852,0.23545842680778,0.347218738546551,Oxacillin,J01C,S. aureus,STAAUR|Ireland|OXA,74,pays_dans_perimetre
2012,Lithuania,ESCCOL,AMP,INPAT,206,2012|LT|ESCCOL|AMP|INPAT,,461,0.553145336225597,0.0453845865774373,0.507760749648159,0.598529922803034,Ampicillin,J01C,E. coli,ESCCOL|Lithuania|AMP,255,pays_dans_perimetre
2012,Lithuania,ESCCOL,CAZ,INPAT,438,2012|LT|ESCCOL|CAZ|INPAT,,460,0.0478260869565217,0.0195014866254671,0.0283246003310547,0.0673275735819888,Ceftazidime,J01D,E. coli,ESCCOL|Lithuania|CAZ,22,pays_dans_perimetre
2012,Lithuania,ESCCOL,CIP,INPAT,384,2012|LT|ESCCOL|CIP|INPAT,,456,0.157894736842105,0.0334688405701363,0.124425896271969,0.191363577412242,Ciprofloxacin,J01M,E. coli,ESCCOL|Lithuania|CIP,72,pays_dans_perimetre
2012,Lithuania,ESCCOL,CRO,INPAT,102,2012|LT|ESCCOL|CRO|INPAT,,110,0.0727272727272727,0.0485302046806017,0.024197068046671,0.121257477407874,Ceftriaxone,J01D,E. coli,ESCCOL|Lithuania|CRO,8,pays_dans_perimetre
2012,Lithuania,ESCCOL,CTX,INPAT,331,2012|LT|ESCCOL|CTX|INPAT,,355,0.0676056338028169,0.026117593582942,0.0414880402198749,0.0937232273857589,Cefotaxime,J01D,E. coli,ESCCOL|Lithuania|CTX,24,pays_dans_perimetre
2012,Lithuania,ESCCOL,GEN,INPAT,414,2012|LT|ESCCOL|GEN|INPAT,,460,0.1,0.0274156413622652,0.0725843586377348,0.127415641362265,Gentamicin,J01G,E. coli,ESCCOL|Lithuania|GEN,46,pays_dans_perimetre
2012,Lithuania,KLEPNE,CAZ,INPAT,72,2012|LT|KLEPNE|CAZ|INPAT,,184,0.608695652173913,0.0705187485234813,0.538176903650432,0.679214400697394,Ceftazidime,J01D,K. pneumoniae,KLEPNE|Lithuania|CAZ,112,pays_dans_perimetre
2012,Lithuania,KLEPNE,CIP,INPAT,74,2012|LT|KLEPNE|CIP|INPAT,,184,0.597826086956522,0.070850274839918,0.526975812116604,0.66867636179644,Ciprofloxacin,J01M,K. pneumoniae,KLEPNE|Lithuania|CIP,110,pays_dans_perimetre
2012,Lithuania,KLEPNE,GEN,INPAT,67,2012|LT|KLEPNE|GEN|INPAT,,185,0.637837837837838,0.0692591063828478,0.56857873145499,0.707096944220686,Gentamicin,J01G,K. pneumoniae,KLEPNE|Lithuania|GEN,118,pays_dans_perimetre
2012,Lithuania,STAAUR,FOX,INPAT,263,2012|LT|STAAUR|FOX|INPAT,,291,0.0962199312714777,0.0338823463681407,0.062337584903337,0.130102277639618,Cefoxitin,J01D,S. aureus,STAAUR|Lithuania|FOX,28,pays_dans_perimetre
2012,Lithuania,STAAUR,RIF,INPAT,215,2012|LT|STAAUR|RIF|INPAT,,219,0.0182648401826484,0.017735323913189,0.0005295162694593,0.0360001640958374,Rifampicin,J04A,S. aureus,STAAUR|Lithuania|RIF,4,pays_dans_perimetre
2012,Lithuania,STRPNE,ERY,INPAT,26,2012|LT|STRPNE|ERY|INPAT,,35,0.257142857142857,0.144797790038384,0.112345067104473,0.401940647181241,Erythromycin,J01F,S. pneumoniae,STRPNE|Lithuania|ERY,9,pays_dans_perimetre
2012,Lithuania,STRPNE,OXA,INPAT,28,2012|LT|STRPNE|OXA|INPAT,,33,0.151515151515152,0.122334564250557,0.0291805872645943,0.273849715765709,Oxacillin,J01C,S. pneumoniae,STRPNE|Lithuania|OXA,5,pays_dans_perimetre
2012,Latvia,ESCCOL,AMK,INPAT,113,2012|LV|ESCCOL|AMK|INPAT,,114,0.0087719298245614,0.0171174085410295,-0.008345478716468,0.0258893383655909,Amikacin,J01G,E. coli,ESCCOL|Latvia|AMK,1,pays_dans_perimetre
2012,Latvia,ESCCOL,AMP,INPAT,68,2012|LV|ESCCOL|AMP|INPAT,,153,0.555555555555556,0.0787377217267715,0.476817833828784,0.634293277282327,Ampicillin,J01C,E. coli,ESCCOL|Latvia|AMP,85,pays_dans_perimetre
2012,Latvia,ESCCOL,CAZ,INPAT,131,2012|LV|ESCCOL|CAZ|INPAT,,152,0.138157894736842,0.054857496570833,0.0833003981660091,0.193015391307675,Ceftazidime,J01D,E. coli,ESCCOL|Latvia|CAZ,21,pays_dans_perimetre
2012,Latvia,ESCCOL,CIP,INPAT,127,2012|LV|ESCCOL|CIP|INPAT,,152,0.164473684210526,0.0589335434359392,0.105540140774587,0.223407227646466,Ciprofloxacin,J01M,E. coli,ESCCOL|Latvia|CIP,25,pays_dans_perimetre
2012,Latvia,ESCCOL,CRO,INPAT,93,2012|LV|ESCCOL|CRO|INPAT,,107,0.130841121495327,0.0638977987169417,0.0669433227783854,0.194738920212269,Ceftriaxone,J01D,E. coli,ESCCOL|Latvia|CRO,14,pays_dans_perimetre
2012,Latvia,ESCCOL,CTX,INPAT,127,2012|LV|ESCCOL|CTX|INPAT,,148,0.141891891891892,0.0562179501544694,0.0856739417374225,0.198109842046361,Cefotaxime,J01D,E. coli,ESCCOL|Latvia|CTX,21,pays_dans_perimetre
2012,Latvia,ESCCOL,GEN,INPAT,137,2012|LV|ESCCOL|GEN|INPAT,,154,0.11038961038961,0.0494948183128263,0.0608947920767841,0.159884428702437,Gentamicin,J01G,E. coli,ESCCOL|Latvia|GEN,17,pays_dans_perimetre
2012,Latvia,ESCCOL,TOB,INPAT,66,2012|LV|ESCCOL|TOB|INPAT,,74,0.108108108108108,0.0707498385308618,0.0373582695772463,0.17885794663897,Tobramycin,J01G,E. coli,ESCCOL|Latvia|TOB,8,pays_dans_perimetre
2012,Latvia,STAAUR,CIP,INPAT,181,2012|LV|STAAUR|CIP|INPAT,,198,0.0858585858585859,0.0390231240135273,0.0468354618450586,0.124881709872113,Ciprofloxacin,J01M,S. aureus,STAAUR|Latvia|CIP,17,pays_dans_perimetre
2012,Latvia,STAAUR,FOX,INPAT,181,2012|LV|STAAUR|FOX|INPAT,,199,0.0904522613065327,0.0398521720628245,0.0506000892437082,0.130304433369357,Cefoxitin,J01D,S. aureus,STAAUR|Latvia|FOX,18,pays_dans_perimetre
2012,Latvia,STAAUR,LVX,INPAT,75,2012|LV|STAAUR|LVX|INPAT,,77,0.025974025974026,0.0355275789424871,-0.009553552968461,0.061501604916513,Levofloxacin,J01M,S. aureus,STAAUR|Latvia|LVX,2,pays_dans_perimetre
2012,Latvia,STAAUR,RIF,INPAT,187,2012|LV|STAAUR|RIF|INPAT,,188,0.0053191489361702,0.0103977674663595,-0.0050786185301892,0.0157169164025297,Rifampicin,J04A,S. aureus,STAAUR|Latvia|RIF,1,pays_dans_perimetre
2012,Malta,ESCCOL,AMC,INPAT,73,2012|MT|ESCCOL|AMC|INPAT,,97,0.247422680412371,0.0858747569461969,0.161547923466174,0.333297437358568,Amoxicillin + clavulanic acid,J01C,E. coli,ESCCOL|Malta|AMC,24,pays_dans_perimetre
2012,Malta,ESCCOL,AMK,INPAT,96,2012|MT|ESCCOL|AMK|INPAT,,100,0.04,0.0384079991668402,0.0015920008331597,0.0784079991668402,Amikacin,J01G,E. coli,ESCCOL|Malta|AMK,4,pays_dans_perimetre
2012,Malta,ESCCOL,AMP,INPAT,44,2012|MT|ESCCOL|AMP|INPAT,,97,0.54639175257732,0.0990746947630948,0.447317057814225,0.645466447340414,Ampicillin,J01C,E. coli,ESCCOL|Malta|AMP,53,pays_dans_perimetre
2012,Malta,ESCCOL,CAZ,INPAT,89,2012|MT|ESCCOL|CAZ|INPAT,,100,0.11,0.0613263923608751,0.0486736076391249,0.171326392360875,Ceftazidime,J01D,E. coli,ESCCOL|Malta|CAZ,11,pays_dans_perimetre
2012,Malta,ESCCOL,CIP,INPAT,67,2012|MT|ESCCOL|CIP|INPAT,,100,0.33,0.0921616926927886,0.237838307307211,0.422161692692789,Ciprofloxacin,J01M,E. coli,ESCCOL|Malta|CIP,33,pays_dans_perimetre
2012,Malta,ESCCOL,FEP,INPAT,91,2012|MT|ESCCOL|FEP|INPAT,,100,0.09,0.0560916250433164,0.0339083749566836,0.146091625043316,Cefepime,J01D,E. coli,ESCCOL|Malta|FEP,9,pays_dans_perimetre
2012,Malta,ESCCOL,GEN,INPAT,85,2012|MT|ESCCOL|GEN|INPAT,,100,0.15,0.0699859985997199,0.0800140014002801,0.21998599859972,Gentamicin,J01G,E. coli,ESCCOL|Malta|GEN,15,pays_dans_perimetre
2012,Malta,ESCCOL,TZP,INPAT,56,2012|MT|ESCCOL|TZP|INPAT,,59,0.0508474576271186,0.0560573669421916,-0.005209909315073,0.10690482456931,Piperacillin + Tazobactam,J01C,E. coli,ESCCOL|Malta|TZP,3,pays_dans_perimetre
2012,Norway,ENCFAE,AMP,INPAT,401,2012|NO|ENCFAE|AMP|INPAT,,407,0.0147420147420147,0.0117087967974707,0.003033217944544,0.0264508115394855,Ampicillin,J01C,E. faecalis,ENCFAE|Norway|AMP,6,pays_dans_perimetre
2012,Norway,ENCFAE,VAN,INPAT,395,2012|NO|ENCFAE|VAN|INPAT,,395,0.0,0.0,0.0,0.0,Vancomycin,J01X,E. faecalis,ENCFAE|Norway|VAN,0,pays_dans_perimetre
2012,Norway,ESCCOL,AMP,INPAT,1183,2012|NO|ESCCOL|AMP|INPAT,,2422,0.511560693641618,0.0199077825632734,0.491652911078345,0.531468476204892,Ampicillin,J01C,E. coli,ESCCOL|Norway|AMP,1239,pays_dans_perimetre
2012,Norway,ESCCOL,CAZ,INPAT,2067,2012|NO|ESCCOL|CAZ|INPAT,,2169,0.0470262793914246,0.0089091663390753,0.0381171130523492,0.0559354457305,Ceftazidime,J01D,E. coli,ESCCOL|Norway|CAZ,102,pays_dans_perimetre
2012,Norway,ESCCOL,CIP,INPAT,1992,2012|NO|ESCCOL|CIP|INPAT,,2271,0.122853368560106,0.013501348225983,0.109352020334123,0.136354716786089,Ciprofloxacin,J01M,E. coli,ESCCOL|Norway|CIP,279,pays_dans_perimetre
2012,Norway,ESCCOL,CTX,INPAT,2065,2012|NO|ESCCOL|CTX|INPAT,,2178,0.0518824609733701,0.0093146921907747,0.0425677687825954,0.0611971531641448,Cefotaxime,J01D,E. coli,ESCCOL|Norway|CTX,113,pays_dans_perimetre
2012,Norway,ESCCOL,GEN,INPAT,2121,2012|NO|ESCCOL|GEN|INPAT,,2253,0.0585885486018642,0.0096977633859286,0.0488907852159355,0.0682863119877928,Gentamicin,J01G,E. coli,ESCCOL|Norway|GEN,132,pays_dans_perimetre
2012,Norway,ESCCOL,IPM,INPAT,322,2012|NO|ESCCOL|IPM|INPAT,,323,0.0030959752321981,0.0060587108120428,-0.0029627355798447,0.009154686044241,Imipenem,J01D,E. coli,ESCCOL|Norway|IPM,1,pays_dans_perimetre
2012,Norway,ESCCOL,MEM,INPAT,2398,2012|NO|ESCCOL|MEM|INPAT,,2398,0.0,0.0,0.0,0.0,Meropenem,J01D,E. coli,ESCCOL|Norway|MEM,0,pays_dans_perimetre
2012,Norway,ESCCOL,TOB,INPAT,684,2012|NO|ESCCOL|TOB|INPAT,,745,0.0818791946308725,0.0196885906973802,0.0621906039334922,0.101567785328253,Tobramycin,J01G,E. coli,ESCCOL|Norway|TOB,61,pays_dans_perimetre
2012,Norway,STAAUR,CIP,INPAT,428,2012|NO|STAAUR|CIP|INPAT,,439,0.0250569476082005,0.0146210148456824,0.010435932762518,0.0396779624538829,Ciprofloxacin,J01M,S. aureus,STAAUR|Norway|CIP,11,pays_dans_perimetre
2012,Norway,STAAUR,OXA,INPAT,773,2012|NO|STAAUR|OXA|INPAT,,779,0.0077021822849807,0.006139249124943,0.0015629331600377,0.0138414314099238,Oxacillin,J01C,S. aureus,STAAUR|Norway|OXA,6,pays_dans_perimetre
2012,Norway,STRPNE,CTX,INPAT,352,2012|NO|STRPNE|CTX|INPAT,,353,0.0028328611898017,0.0055445377538074,-0.0027116765640057,0.0083773989436091,Cefotaxime,J01D,S. pneumoniae,STRPNE|Norway|CTX,1,pays_dans_perimetre
2012,Norway,STRPNE,ERY,INPAT,392,2012|NO|STRPNE|ERY|INPAT,,409,0.0415647921760391,0.0193436579278152,0.0222211342482239,0.0609084501038544,Erythromycin,J01F,S. pneumoniae,STRPNE|Norway|ERY,17,pays_dans_perimetre
2012,Norway,STRPNE,PEN,INPAT,429,2012|NO|STRPNE|PEN|INPAT,,449,0.044543429844098,0.0190822773497745,0.0254611524943235,0.0636257071938725,Penicillin,J01C,S. pneumoniae,STRPNE|Norway|PEN,20,pays_dans_perimetre
2012,Poland,ACISPP,AMK,INPAT,54,2012|PL|ACISPP|AMK|INPAT,,141,0.617021276595745,0.0802387045848488,0.536782572010896,0.697259981180593,Amikacin,J01G,Acinetobaccter spp.,ACISPP|Poland|AMK,87,pays_dans_perimetre
2012,Poland,ACISPP,CIP,INPAT,41,2012|PL|ACISPP|CIP|INPAT,,188,0.781914893617021,0.0590296071843163,0.722885286432705,0.840944500801338,Ciprofloxacin,J01M,Acinetobaccter spp.,ACISPP|Poland|CIP,147,pays_dans_perimetre
2012,Poland,ACISPP,GEN,INPAT,72,2012|PL|ACISPP|GEN|INPAT,,188,0.617021276595745,0.0694887565372339,0.547532520058511,0.686510033132979,Gentamicin,J01G,Acinetobaccter spp.,ACISPP|Poland|GEN,116,pays_dans_perimetre
2012,Poland,ACISPP,IPM,INPAT,115,2012|PL|ACISPP|IPM|INPAT,,190,0.394736842105263,0.0695032674360236,0.32523357466924,0.464240109541287,Imipenem,J01D,Acinetobaccter spp.,ACISPP|Poland|IPM,75,pays_dans_perimetre
2012,Poland,ACISPP,LVX,INPAT,13,2012|PL|ACISPP|LVX|INPAT,,72,0.819444444444444,0.0888495041991427,0.730594940245302,0.908293948643587,Levofloxacin,J01M,Acinetobaccter spp.,ACISPP|Poland|LVX,59,pays_dans_perimetre
2012,Poland,ACISPP,MEM,INPAT,81,2012|PL|ACISPP|MEM|INPAT,,153,0.470588235294118,0.0790911122068982,0.391497123087219,0.549679347501016,Meropenem,J01D,Acinetobaccter spp.,ACISPP|Poland|MEM,72,pays_dans_perimetre
2012,Poland,ACISPP,NET,INPAT,19,2012|PL|ACISPP|NET|INPAT,,69,0.72463768115942,0.105400880253747,0.619236800905673,0.830038561413168,Netilmicin,J01G,Acinetobaccter spp.,ACISPP|Poland|NET,50,pays_dans_perimetre
2012,Poland,ACISPP,TOB,INPAT,50,2012|PL|ACISPP|TOB|INPAT,,133,0.62406015037594,0.0823194875578259,0.541740662818114,0.706379637933766,Tobramycin,J01G,Acinetobaccter spp.,ACISPP|Poland|TOB,83,pays_dans_perimetre
2012,Poland,ENCFAI,LNZ,INPAT,120,2012|PL|ENCFAI|LNZ|INPAT,,121,0.0082644628099173,0.0161312729182588,-0.0078668101083414,0.0243957357281762,Linezolid,J01X,E. faecium,ENCFAI|Poland|LNZ,1,pays_dans_perimetre
2012,Poland,ESCCOL,AMC,INPAT,351,2012|PL|ESCCOL|AMC|INPAT,,535,0.34392523364486,0.0402520374483405,0.303673196196519,0.3841772710932,Amoxicillin + clavulanic acid,J01C,E. coli,ESCCOL|Poland|AMC,184,pays_dans_perimetre
2012,Poland,ESCCOL,AMP,INPAT,195,2012|PL|ESCCOL|AMP|INPAT,,594,0.671717171717172,0.0377641885575249,0.633952983159647,0.709481360274697,Ampicillin,J01C,E. coli,ESCCOL|Poland|AMP,399,pays_dans_perimetre
2012,Poland,ESCCOL,CAZ,INPAT,594,2012|PL|ESCCOL|CAZ|INPAT,,661,0.101361573373676,0.0230082986523402,0.078353274721336,0.124369872026016,Ceftazidime,J01D,E. coli,ESCCOL|Poland|CAZ,67,pays_dans_perimetre
2012,Poland,ESCCOL,CIP,INPAT,590,2012|PL|ESCCOL|CIP|INPAT,,864,0.31712962962963,0.0310303550535627,0.286099274576067,0.348159984683192,Ciprofloxacin,J01M,E. coli,ESCCOL|Poland|CIP,274,pays_dans_perimetre
2012,Poland,ESCCOL,CTX,INPAT,620,2012|PL|ESCCOL|CTX|INPAT,,713,0.130434782608696,0.0247206050197587,0.105714177588937,0.155155387628454,Cefotaxime,J01D,E. coli,ESCCOL|Poland|CTX,93,pays_dans_perimetre
2012,Poland,ESCCOL,ETP,INPAT,61,2012|PL|ESCCOL|ETP|INPAT,,61,0.0,0.0,0.0,0.0,Ertapenem,J01D,E. coli,ESCCOL|Poland|ETP,0,pays_dans_perimetre
2012,Poland,ESCCOL,GEN,INPAT,748,2012|PL|ESCCOL|GEN|INPAT,,834,0.103117505995204,0.0206398729650521,0.0824776330301517,0.123757378960256,Gentamicin,J01G,E. coli,ESCCOL|Poland|GEN,86,pays_dans_perimetre
2012,Poland,ESCCOL,MEM,INPAT,773,2012|PL|ESCCOL|MEM|INPAT,,773,0.0,0.0,0.0,0.0,Meropenem,J01D,E. coli,ESCCOL|Poland|MEM,0,pays_dans_perimetre
2012,Poland,ESCCOL,NET,INPAT,120,2012|PL|ESCCOL|NET|INPAT,,138,0.130434782608696,0.0561906838198149,0.0742440987888808,0.186625466428511,Netilmicin,J01G,E. coli,ESCCOL|Poland|NET,18,pays_dans_perimetre
2012,Poland,ESCCOL,PIP,INPAT,131,2012|PL|ESCCOL|PIP|INPAT,,338,0.612426035502959,0.0519399875862736,0.560486047916685,0.664366023089232,Piperacillin,J01C,E. coli,ESCCOL|Poland|PIP,207,pays_dans_perimetre
2012,Poland,ESCCOL,TZP,INPAT,644,2012|PL|ESCCOL|TZP|INPAT,,729,0.116598079561043,0.0232979213817615,0.0933001581792811,0.139896000942804,Piperacillin + Tazobactam,J01C,E. coli,ESCCOL|Poland|TZP,85,pays_dans_perimetre
2012,Poland,KLEPNE,AMC,INPAT,65,2012|PL|KLEPNE|AMC|INPAT,,192,0.661458333333333,0.0669364640934428,0.594521869239891,0.728394797426776,Amoxicillin + clavulanic acid,J01C,K. pneumoniae,KLEPNE|Poland|AMC,127,pays_dans_perimetre
2012,Poland,KLEPNE,COL,INPAT,47,2012|PL|KLEPNE|COL|INPAT,,50,0.06,0.0658279940450869,-0.0058279940450869,0.125827994045087,Colistin,J01X,K. pneumoniae,KLEPNE|Poland|COL,3,pays_dans_perimetre
2012,Poland,KLEPNE,CRO,INPAT,35,2012|PL|KLEPNE|CRO|INPAT,,95,0.631578947368421,0.0970019155919989,0.534577031776422,0.72858086296042,Ceftriaxone,J01D,K. pneumoniae,KLEPNE|Poland|CRO,60,pays_dans_perimetre
2012,Poland,KLEPNE,MEM,INPAT,309,2012|PL|KLEPNE|MEM|INPAT,,315,0.019047619047619,0.0150954166864738,0.0039522023611452,0.0341430357340929,Meropenem,J01D,K. pneumoniae,KLEPNE|Poland|MEM,6,pays_dans_perimetre
2012,Poland,KLEPNE,TZP,INPAT,119,2012|PL|KLEPNE|TZP|INPAT,,289,0.588235294117647,0.0567423408998889,0.531492953217758,0.644977635017536,Piperacillin + Tazobactam,J01C,K. pneumoniae,KLEPNE|Poland|TZP,170,pays_dans_perimetre
2012,Poland,PSEAER,COL,INPAT,73,2012|PL|PSEAER|COL|INPAT,,76,0.0394736842105263,0.0437781838072375,-0.0043044995967111,0.0832518680177638,Colistin,J01X,P. aeruginosa,PSEAER|Poland|COL,3,pays_dans_perimetre
2012,Poland,STAAUR,CIP,INPAT,350,2012|PL|STAAUR|CIP|INPAT,,416,0.158653846153846,0.0351092914840932,0.123544554669753,0.193763137637939,Ciprofloxacin,J01M,S. aureus,STAAUR|Poland|CIP,66,pays_dans_perimetre
2012,Romania,ACISPP,CIP,INPAT,6,2012|RO|ACISPP|CIP|INPAT,,54,0.888888888888889,0.0838227057490123,0.805066183139876,0.972711594637901,Ciprofloxacin,J01M,Acinetobaccter spp.,ACISPP|Romania|CIP,48,pays_dans_perimetre
2012,Romania,ACISPP,GEN,INPAT,16,2012|RO|ACISPP|GEN|INPAT,,53,0.69811320754717,0.123595631350515,0.574517576196654,0.821708838897685,Gentamicin,J01G,Acinetobaccter spp.,ACISPP|Romania|GEN,37,pays_dans_perimetre
2012,Romania,ACISPP,IPM,INPAT,10,2012|RO|ACISPP|IPM|INPAT,,54,0.814814814814815,0.103607637260015,0.7112071775548,0.91842245207483,Imipenem,J01D,Acinetobaccter spp.,ACISPP|Romania|IPM,44,pays_dans_perimetre
2012,Romania,ACISPP,MEM,INPAT,5,2012|RO|ACISPP|MEM|INPAT,,40,0.875,0.102490853250424,0.772509146749576,0.977490853250424,Meropenem,J01D,Acinetobaccter spp.,ACISPP|Romania|MEM,35,pays_dans_perimetre
2012,Sweden,ENCFAE,AMP,INPAT,562,2012|SE|ENCFAE|AMP|INPAT,,563,0.0017761989342806,0.003478256752062,-0.0017020578177814,0.0052544556863427,Ampicillin,J01C,E. faecalis,ENCFAE|Sweden|AMP,1,pays_dans_perimetre
2012,Sweden,ENCFAE,GEH,INPAT,536,2012|SE|ENCFAE|GEH|INPAT,,632,0.151898734177215,0.0279832701587394,0.123915464018476,0.179882004335955,Gentamicin High,J01G,E. faecalis,ENCFAE|Sweden|GEH,96,pays_dans_perimetre
2012,Sweden,ENCFAE,LNZ,INPAT,388,2012|SE|ENCFAE|LNZ|INPAT,,396,0.0202020202020202,0.0138571573592924,0.0063448628427277,0.0340591775613126,Linezolid,J01X,E. faecalis,ENCFAE|Sweden|LNZ,8,pays_dans_perimetre
2012,Sweden,ENCFAI,AMP,INPAT,46,2012|SE|ENCFAI|AMP|INPAT,,306,0.849673202614379,0.0400441907496906,0.809629011864688,0.88971739336407,Ampicillin,J01C,E. faecium,ENCFAI|Sweden|AMP,260,pays_dans_perimetre
2012,Sweden,ENCFAI,VAN,INPAT,345,2012|SE|ENCFAI|VAN|INPAT,,345,0.0,0.0,0.0,0.0,Vancomycin,J01X,E. faecium,ENCFAI|Sweden|VAN,0,pays_dans_perimetre
2012,Sweden,ESCCOL,GEN,INPAT,2309,2012|SE|ESCCOL|GEN|INPAT,,2444,0.0552373158756138,0.0090569739728548,0.0461803419027589,0.0642942898484686,Gentamicin,J01G,E. coli,ESCCOL|Sweden|GEN,135,pays_dans_perimetre
2012,Sweden,KLEPNE,GEN,INPAT,401,2012|SE|KLEPNE|GEN|INPAT,,411,0.024330900243309,0.0148958580432236,0.0094350422000854,0.0392267582865326,Gentamicin,J01G,K. pneumoniae,KLEPNE|Sweden|GEN,10,pays_dans_perimetre
2012,Sweden,KLEPNE,TOB,INPAT,468,2012|SE|KLEPNE|TOB|INPAT,,484,0.0330578512396694,0.0159283557473541,0.0171294954923154,0.0489862069870235,Tobramycin,J01G,K. pneumoniae,KLEPNE|Sweden|TOB,16,pays_dans_perimetre
2012,Sweden,KLEPNE,TZP,INPAT,404,2012|SE|KLEPNE|TZP|INPAT,,433,0.0669745958429561,0.0235458248075485,0.0434287710354077,0.0905204206505046,Piperacillin + Tazobactam,J01C,K. pneumoniae,KLEPNE|Sweden|TZP,29,pays_dans_perimetre
2012,Sweden,PSEAER,CAZ,INPAT,265,2012|SE|PSEAER|CAZ|INPAT,,289,0.0830449826989619,0.0318154349629625,0.0512295477359994,0.114860417661924,Ceftazidime,J01D,P. aeruginosa,PSEAER|Sweden|CAZ,24,pays_dans_perimetre
2012,Sweden,PSEAER,CIP,INPAT,262,2012|SE|PSEAER|CIP|INPAT,,289,0.0934256055363322,0.0335538095342935,0.0598717960020387,0.126979415070626,Ciprofloxacin,J01M,P. aeruginosa,PSEAER|Sweden|CIP,27,pays_dans_perimetre
2012,Sweden,PSEAER,IPM,INPAT,185,2012|SE|PSEAER|IPM|INPAT,,201,0.0796019900497512,0.037420349614787,0.0421816404349643,0.117022339664538,Imipenem,J01D,P. aeruginosa,PSEAER|Sweden|IPM,16,pays_dans_perimetre
2012,Sweden,PSEAER,TOB,INPAT,192,2012|SE|PSEAER|TOB|INPAT,,196,0.0204081632653061,0.0197948663722157,0.0006132968930903,0.0402030296375219,Tobramycin,J01G,P. aeruginosa,PSEAER|Sweden|TOB,4,pays_dans_perimetre
2012,Sweden,STAAUR,RIF,INPAT,1909,2012|SE|STAAUR|RIF|INPAT,,1931,0.0113930605903677,0.0047336589561408,0.0066594016342268,0.0161267195465085,Rifampicin,J04A,S. aureus,STAAUR|Sweden|RIF,22,pays_dans_perimetre
2013,Bulgaria,ACISPP,CIP,INPAT,24,2013|BG|ACISPP|CIP|INPAT,,86,0.720930232558139,0.0948003323959119,0.626129900162228,0.815730564954051,Ciprofloxacin,J01M,Acinetobaccter spp.,ACISPP|Bulgaria|CIP,62,pays_dans_perimetre
2013,Bulgaria,ACISPP,GEN,INPAT,24,2013|BG|ACISPP|GEN|INPAT,,78,0.692307692307692,0.102427522473388,0.589880169834304,0.79473521478108,Gentamicin,J01G,Acinetobaccter spp.,ACISPP|Bulgaria|GEN,54,pays_dans_perimetre
2013,Bulgaria,ACISPP,IPM,INPAT,36,2013|BG|ACISPP|IPM|INPAT,,73,0.506849315068493,0.114689561847844,0.392159753220649,0.621538876916338,Imipenem,J01D,Acinetobaccter spp.,ACISPP|Bulgaria|IPM,37,pays_dans_perimetre
2013,Bulgaria,ACISPP,MEM,INPAT,32,2013|BG|ACISPP|MEM|INPAT,,85,0.623529411764706,0.103000802108967,0.520528609655739,0.726530213873673,Meropenem,J01D,Acinetobaccter spp.,ACISPP|Bulgaria|MEM,53,pays_dans_perimetre
2013,Bulgaria,ACISPP,TOB,INPAT,20,2013|BG|ACISPP|TOB|INPAT,,37,0.459459459459459,0.16058055100019,0.29887890845927,0.62004001045965,Tobramycin,J01G,Acinetobaccter spp.,ACISPP|Bulgaria|TOB,17,pays_dans_perimetre
2013,Bulgaria,ESCCOL,AMK,INPAT,155,2013|BG|ESCCOL|AMK|INPAT,,178,0.129213483146067,0.0492783133708624,0.079935169775205,0.17849179651693,Amikacin,J01G,E. coli,ESCCOL|Bulgaria|AMK,23,pays_dans_perimetre
2013,Bulgaria,ESCCOL,AMP,INPAT,38,2013|BG|ESCCOL|AMP|INPAT,,153,0.751633986928105,0.0684635861025681,0.683170400825536,0.820097573030673,Ampicillin,J01C,E. coli,ESCCOL|Bulgaria|AMP,115,pays_dans_perimetre
2013,Bulgaria,ESCCOL,CAZ,INPAT,119,2013|BG|ESCCOL|CAZ|INPAT,,177,0.327683615819209,0.0691486410140762,0.258534974805133,0.396832256833285,Ceftazidime,J01D,E. coli,ESCCOL|Bulgaria|CAZ,58,pays_dans_perimetre
2013,Bulgaria,ESCCOL,CIP,INPAT,108,2013|BG|ESCCOL|CIP|INPAT,,179,0.396648044692737,0.0716667280195692,0.324981316673168,0.468314772712307,Ciprofloxacin,J01M,E. coli,ESCCOL|Bulgaria|CIP,71,pays_dans_perimetre
2013,Bulgaria,ESCCOL,CRO,INPAT,77,2013|BG|ESCCOL|CRO|INPAT,,137,0.437956204379562,0.0830799465390638,0.354876257840498,0.521036150918626,Ceftriaxone,J01D,E. coli,ESCCOL|Bulgaria|CRO,60,pays_dans_perimetre
2013,Bulgaria,ESCCOL,CTX,INPAT,63,2013|BG|ESCCOL|CTX|INPAT,,97,0.350515463917526,0.0949528934283782,0.255562570489148,0.445468357345904,Cefotaxime,J01D,E. coli,ESCCOL|Bulgaria|CTX,34,pays_dans_perimetre
2013,Bulgaria,ESCCOL,GEN,INPAT,124,2013|BG|ESCCOL|GEN|INPAT,,178,0.303370786516854,0.0675357598309939,0.23583502668586,0.370906546347848,Gentamicin,J01G,E. coli,ESCCOL|Bulgaria|GEN,54,pays_dans_perimetre
2013,Bulgaria,STAAUR,CIP,INPAT,157,2013|BG|STAAUR|CIP|INPAT,,187,0.160427807486631,0.0526022250641041,0.107825582422527,0.213030032550735,Ciprofloxacin,J01M,S. aureus,STAAUR|Bulgaria|CIP,30,pays_dans_perimetre
2013,Bulgaria,STAAUR,RIF,INPAT,118,2013|BG|STAAUR|RIF|INPAT,,140,0.157142857142857,0.0602859851043342,0.096856872038523,0.217428842247191,Rifampicin,J04A,S. aureus,STAAUR|Bulgaria|RIF,22,pays_dans_perimetre
2013,Cyprus,ESCCOL,AMC,INPAT,94,2013|CY|ESCCOL|AMC|INPAT,,155,0.393548387096774,0.07691080702074,0.316637580076034,0.470459194117514,Amoxicillin + clavulanic acid,J01C,E. coli,ESCCOL|Cyprus|AMC,61,pays_dans_perimetre
2013,Cyprus,ESCCOL,NOR,INPAT,30,2013|CY|ESCCOL|NOR|INPAT,,67,0.552238805970149,0.119070823351443,0.433167982618706,0.671309629321592,Norfloxacin,J01M,E. coli,ESCCOL|Cyprus|NOR,37,pays_dans_perimetre
2013,Cyprus,ESCCOL,TZP,INPAT,143,2013|CY|ESCCOL|TZP|INPAT,,155,0.0774193548387097,0.0420743258289573,0.0353450290097524,0.119493680667667,Piperacillin + Tazobactam,J01C,E. coli,ESCCOL|Cyprus|TZP,12,pays_dans_perimetre
2013,Cyprus,KLEPNE,AMC,INPAT,46,2013|CY|KLEPNE|AMC|INPAT,,63,0.26984126984127,0.109609607781297,0.160231662059973,0.379450877622567,Amoxicillin + clavulanic acid,J01C,K. pneumoniae,KLEPNE|Cyprus|AMC,17,pays_dans_perimetre
2013,Cyprus,KLEPNE,TZP,INPAT,51,2013|CY|KLEPNE|TZP|INPAT,,65,0.215384615384615,0.0999390328488057,0.11544558253581,0.315323648233421,Piperacillin + Tazobactam,J01C,K. pneumoniae,KLEPNE|Cyprus|TZP,14,pays_dans_perimetre
2013,Cyprus,PSEAER,FEP,INPAT,37,2013|CY|PSEAER|FEP|INPAT,,43,0.13953488372093,0.103569021995135,0.0359658617257956,0.243103905716065,Cefepime,J01D,P. aeruginosa,PSEAER|Cyprus|FEP,6,pays_dans_perimetre
2013,Cyprus,STAAUR,LVX,INPAT,43,2013|CY|STAAUR|LVX|INPAT,,62,0.306451612903226,0.114757100163187,0.191694512740039,0.421208713066413,Levofloxacin,J01M,S. aureus,STAAUR|Cyprus|LVX,19,pays_dans_perimetre
2013,Denmark,ENCFAE,AMP,INPAT,326,2013|DK|ENCFAE|AMP|INPAT,,330,0.0121212121212121,0.0118065757331386,0.0003146363880734,0.0239277878543508,Ampicillin,J01C,E. faecalis,ENCFAE|Denmark|AMP,4,pays_dans_perimetre
2013,Denmark,ENCFAE,VAN,INPAT,269,2013|DK|ENCFAE|VAN|INPAT,,269,0.0,0.0,0.0,0.0,Vancomycin,J01X,E. faecalis,ENCFAE|Denmark|VAN,0,pays_dans_perimetre
2013,Denmark,ENCFAI,AMP,INPAT,30,2013|DK|ENCFAI|AMP|INPAT,,507,0.940828402366864,0.0205382742732033,0.920290128093661,0.961366676640067,Ampicillin,J01C,E. faecium,ENCFAI|Denmark|AMP,477,pays_dans_perimetre
2013,Denmark,ENCFAI,VAN,INPAT,483,2013|DK|ENCFAI|VAN|INPAT,,505,0.0435643564356436,0.0178034393726774,0.0257609170629662,0.061367795808321,Vancomycin,J01X,E. faecium,ENCFAI|Denmark|VAN,22,pays_dans_perimetre
2013,Denmark,ESCCOL,AMP,INPAT,849,2013|DK|ESCCOL|AMP|INPAT,,2071,0.59005311443747,0.0211824100606124,0.568870704376857,0.611235524498082,Ampicillin,J01C,E. coli,ESCCOL|Denmark|AMP,1222,pays_dans_perimetre
2013,Denmark,ESCCOL,CAZ,INPAT,891,2013|DK|ESCCOL|CAZ|INPAT,,996,0.105421686746988,0.0190721900301377,0.0863494967168502,0.124493876777126,Ceftazidime,J01D,E. coli,ESCCOL|Denmark|CAZ,105,pays_dans_perimetre
2013,Denmark,ESCCOL,CIP,INPAT,1770,2013|DK|ESCCOL|CIP|INPAT,,2072,0.145752895752896,0.0151936301148659,0.13055926563803,0.160946525867762,Ciprofloxacin,J01M,E. coli,ESCCOL|Denmark|CIP,302,pays_dans_perimetre
2013,Denmark,ESCCOL,CRO,INPAT,214,2013|DK|ESCCOL|CRO|INPAT,,249,0.140562248995984,0.0431715816144058,0.0973906673815781,0.18373383061039,Ceftriaxone,J01D,E. coli,ESCCOL|Denmark|CRO,35,pays_dans_perimetre
2013,Denmark,ESCCOL,CTX,INPAT,614,2013|DK|ESCCOL|CTX|INPAT,,677,0.0930576070901034,0.0218840414466701,0.0711735656434333,0.114941648536773,Cefotaxime,J01D,E. coli,ESCCOL|Denmark|CTX,63,pays_dans_perimetre
2013,Denmark,ESCCOL,GEN,INPAT,1869,2013|DK|ESCCOL|GEN|INPAT,,2003,0.0668996505242137,0.0109418736948971,0.0559577768293165,0.0778415242191108,Gentamicin,J01G,E. coli,ESCCOL|Denmark|GEN,134,pays_dans_perimetre
2013,Denmark,ESCCOL,MEM,INPAT,1600,2013|DK|ESCCOL|MEM|INPAT,,1601,0.0006246096189881,0.001223852459063,-0.0005992428400749,0.0018484620780511,Meropenem,J01D,E. coli,ESCCOL|Denmark|MEM,1,pays_dans_perimetre
2013,Denmark,KLEPNE,CAZ,INPAT,210,2013|DK|KLEPNE|CAZ|INPAT,,247,0.149797570850202,0.0445062651417029,0.1052913057085,0.194303835991905,Ceftazidime,J01D,K. pneumoniae,KLEPNE|Denmark|CAZ,37,pays_dans_perimetre
2013,Denmark,KLEPNE,CIP,INPAT,418,2013|DK|KLEPNE|CIP|INPAT,,472,0.114406779661017,0.0287162743734014,0.0856905052876156,0.143123054034418,Ciprofloxacin,J01M,K. pneumoniae,KLEPNE|Denmark|CIP,54,pays_dans_perimetre
2013,Denmark,KLEPNE,CRO,INPAT,75,2013|DK|KLEPNE|CRO|INPAT,,95,0.210526315789474,0.0819815816793943,0.128544734110079,0.292507897468868,Ceftriaxone,J01D,K. pneumoniae,KLEPNE|Denmark|CRO,20,pays_dans_perimetre
2013,Denmark,KLEPNE,CTX,INPAT,129,2013|DK|KLEPNE|CTX|INPAT,,145,0.110344827586207,0.0509986775448215,0.0593461500413854,0.161343505131028,Cefotaxime,J01D,K. pneumoniae,KLEPNE|Denmark|CTX,16,pays_dans_perimetre
2013,Denmark,KLEPNE,GEN,INPAT,441,2013|DK|KLEPNE|GEN|INPAT,,464,0.0495689655172414,0.019749782321164,0.0298191831960773,0.0693187478384054,Gentamicin,J01G,K. pneumoniae,KLEPNE|Denmark|GEN,23,pays_dans_perimetre
2013,Denmark,KLEPNE,MEM,INPAT,373,2013|DK|KLEPNE|MEM|INPAT,,375,0.0053333333333333,0.0073718855399968,-0.0020385522066635,0.0127052188733302,Meropenem,J01D,K. pneumoniae,KLEPNE|Denmark|MEM,2,pays_dans_perimetre
2013,Denmark,PSEAER,CAZ,INPAT,208,2013|DK|PSEAER|CAZ|INPAT,,219,0.0502283105022831,0.0289279667195091,0.021300343782774,0.0791562772217922,Ceftazidime,J01D,P. aeruginosa,PSEAER|Denmark|CAZ,11,pays_dans_perimetre
2013,Denmark,PSEAER,CIP,INPAT,231,2013|DK|PSEAER|CIP|INPAT,,240,0.0375,0.024036235666177,0.013463764333823,0.061536235666177,Ciprofloxacin,J01M,P. aeruginosa,PSEAER|Denmark|CIP,9,pays_dans_perimetre
2013,Denmark,PSEAER,GEN,INPAT,227,2013|DK|PSEAER|GEN|INPAT,,239,0.0502092050209205,0.0276861630072439,0.0225230420136766,0.0778953680281644,Gentamicin,J01G,P. aeruginosa,PSEAER|Denmark|GEN,12,pays_dans_perimetre
2013,Denmark,PSEAER,MEM,INPAT,229,2013|DK|PSEAER|MEM|INPAT,,241,0.0497925311203319,0.0274624242296657,0.0223301068906663,0.0772549553499976,Meropenem,J01D,P. aeruginosa,PSEAER|Denmark|MEM,12,pays_dans_perimetre
2013,Denmark,PSEAER,TZP,INPAT,235,2013|DK|PSEAER|TZP|INPAT,,244,0.0368852459016393,0.0236497480126502,0.0132354978889892,0.0605349939142895,Piperacillin + Tazobactam,J01C,P. aeruginosa,PSEAER|Denmark|TZP,9,pays_dans_perimetre
2013,Estonia,ESCCOL,CAZ,INPAT,229,2013|EE|ESCCOL|CAZ|INPAT,,246,0.0691056910569106,0.0316953544279949,0.0374103366289157,0.100801045484905,Ceftazidime,J01D,E. coli,ESCCOL|Estonia|CAZ,17,pays_dans_perimetre
2013,Estonia,KLEPNE,CIP,INPAT,66,2013|EE|KLEPNE|CIP|INPAT,,90,0.266666666666667,0.0913629041072665,0.1753037625594,0.358029570773933,Ciprofloxacin,J01M,K. pneumoniae,KLEPNE|Estonia|CIP,24,pays_dans_perimetre
2013,Estonia,KLEPNE,GEN,INPAT,82,2013|EE|KLEPNE|GEN|INPAT,,88,0.0681818181818182,0.0526640936676329,0.0155177245141853,0.120845911849451,Gentamicin,J01G,K. pneumoniae,KLEPNE|Estonia|GEN,6,pays_dans_perimetre
2013,Estonia,STAAUR,CIP,INPAT,155,2013|EE|STAAUR|CIP|INPAT,,161,0.0372670807453416,0.0292589496500891,0.0080081310952525,0.0665260303954307,Ciprofloxacin,J01M,S. aureus,STAAUR|Estonia|CIP,6,pays_dans_perimetre
2013,Finland,ESCCOL,AMP,INPAT,278,2013|FI|ESCCOL|AMP|INPAT,,454,0.387665198237885,0.0448178505360725,0.342847347701813,0.432483048773958,Ampicillin,J01C,E. coli,ESCCOL|Finland|AMP,176,pays_dans_perimetre
2013,Finland,ESCCOL,CAZ,INPAT,623,2013|FI|ESCCOL|CAZ|INPAT,,696,0.104885057471264,0.0227639522172755,0.0821211052539889,0.12764900968854,Ceftazidime,J01D,E. coli,ESCCOL|Finland|CAZ,73,pays_dans_perimetre
2013,Finland,ESCCOL,CIP,INPAT,402,2013|FI|ESCCOL|CIP|INPAT,,488,0.176229508196721,0.0338055954917617,0.14242391270496,0.210035103688483,Ciprofloxacin,J01M,E. coli,ESCCOL|Finland|CIP,86,pays_dans_perimetre
2013,Finland,ESCCOL,CRO,INPAT,531,2013|FI|ESCCOL|CRO|INPAT,,590,0.1,0.024207576906023,0.075792423093977,0.124207576906023,Ceftriaxone,J01D,E. coli,ESCCOL|Finland|CRO,59,pays_dans_perimetre
2013,Finland,ESCCOL,NET,INPAT,90,2013|FI|ESCCOL|NET|INPAT,,102,0.117647058823529,0.0625270143124362,0.0551200445110932,0.180174073135966,Netilmicin,J01G,E. coli,ESCCOL|Finland|NET,12,pays_dans_perimetre
2013,Finland,ESCCOL,TOB,INPAT,639,2013|FI|ESCCOL|TOB|INPAT,,718,0.110027855153203,0.0228893457698882,0.0871385093833152,0.132917200923092,Tobramycin,J01G,E. coli,ESCCOL|Finland|TOB,79,pays_dans_perimetre
2013,Finland,KLEPNE,CAZ,INPAT,121,2013|FI|KLEPNE|CAZ|INPAT,,129,0.062015503875969,0.0416206812565046,0.0203948226194644,0.103636185132474,Ceftazidime,J01D,K. pneumoniae,KLEPNE|Finland|CAZ,8,pays_dans_perimetre
2013,Finland,KLEPNE,CIP,INPAT,77,2013|FI|KLEPNE|CIP|INPAT,,84,0.0833333333333333,0.0591059939305526,0.0242273394027807,0.142439327263886,Ciprofloxacin,J01M,K. pneumoniae,KLEPNE|Finland|CIP,7,pays_dans_perimetre
2013,Finland,KLEPNE,TOB,INPAT,116,2013|FI|KLEPNE|TOB|INPAT,,125,0.072,0.0453149287189112,0.0266850712810888,0.117314928718911,Tobramycin,J01G,K. pneumoniae,KLEPNE|Finland|TOB,9,pays_dans_perimetre
2013,Ireland,ENCFAE,AMP,INPAT,108,2013|IE|ENCFAE|AMP|INPAT,,111,0.027027027027027,0.030167832513647,-0.0031408054866199,0.057194859540674,Ampicillin,J01C,E. faecalis,ENCFAE|Ireland|AMP,3,pays_dans_perimetre
2013,Ireland,ENCFAE,VAN,INPAT,124,2013|IE|ENCFAE|VAN|INPAT,,125,0.008,0.0156171540557171,-0.007617154055717,0.0236171540557171,Vancomycin,J01X,E. faecalis,ENCFAE|Ireland|VAN,1,pays_dans_perimetre
2013,Ireland,ENCFAI,AMP,INPAT,7,2013|IE|ENCFAI|AMP|INPAT,,129,0.945736434108527,0.0390931297790247,0.906643304329502,0.984829563887552,Ampicillin,J01C,E. faecium,ENCFAI|Ireland|AMP,122,pays_dans_perimetre
2013,Ireland,ENCFAI,VAN,INPAT,91,2013|IE|ENCFAI|VAN|INPAT,,149,0.389261744966443,0.0782909137215168,0.310970831244926,0.46755265868796,Vancomycin,J01X,E. faecium,ENCFAI|Ireland|VAN,58,pays_dans_perimetre
2013,Ireland,ESCCOL,AMC,INPAT,315,2013|IE|ESCCOL|AMC|INPAT,,549,0.426229508196721,0.0413676414219932,0.384861866774728,0.467597149618714,Amoxicillin + clavulanic acid,J01C,E. coli,ESCCOL|Ireland|AMC,234,pays_dans_perimetre
2013,Ireland,ESCCOL,AMK,INPAT,663,2013|IE|ESCCOL|AMK|INPAT,,677,0.0206794682422452,0.0107199769210875,0.0099594913211576,0.0313994451633327,Amikacin,J01G,E. coli,ESCCOL|Ireland|AMK,14,pays_dans_perimetre
2013,Ireland,ESCCOL,AMP,INPAT,220,2013|IE|ESCCOL|AMP|INPAT,,696,0.683908045977011,0.0345427594865192,0.649365286490492,0.718450805463531,Ampicillin,J01C,E. coli,ESCCOL|Ireland|AMP,476,pays_dans_perimetre
2013,Ireland,ESCCOL,CAZ,INPAT,645,2013|IE|ESCCOL|CAZ|INPAT,,694,0.0706051873198847,0.0190587653463704,0.0515464219735143,0.0896639526662552,Ceftazidime,J01D,E. coli,ESCCOL|Ireland|CAZ,49,pays_dans_perimetre
2013,Ireland,ESCCOL,CIP,INPAT,609,2013|IE|ESCCOL|CIP|INPAT,,780,0.219230769230769,0.0290349357160403,0.190195833514729,0.24826570494681,Ciprofloxacin,J01M,E. coli,ESCCOL|Ireland|CIP,171,pays_dans_perimetre
2013,Ireland,ESCCOL,CRO,INPAT,133,2013|IE|ESCCOL|CRO|INPAT,,145,0.0827586206896552,0.0448456694524399,0.0379129512372153,0.127604290142095,Ceftriaxone,J01D,E. coli,ESCCOL|Ireland|CRO,12,pays_dans_perimetre
2013,Ireland,ESCCOL,CTX,INPAT,576,2013|IE|ESCCOL|CTX|INPAT,,642,0.102803738317757,0.0234929058781592,0.0793108324395978,0.126296644195916,Cefotaxime,J01D,E. coli,ESCCOL|Ireland|CTX,66,pays_dans_perimetre
2013,Ireland,ESCCOL,ETP,INPAT,218,2013|IE|ESCCOL|ETP|INPAT,,218,0.0,0.0,0.0,0.0,Ertapenem,J01D,E. coli,ESCCOL|Ireland|ETP,0,pays_dans_perimetre
2013,Ireland,ESCCOL,GEN,INPAT,717,2013|IE|ESCCOL|GEN|INPAT,,781,0.0819462227912932,0.0192366341449915,0.0627095886463017,0.101182856936285,Gentamicin,J01G,E. coli,ESCCOL|Ireland|GEN,64,pays_dans_perimetre
2013,Ireland,KLEPNE,AMC,INPAT,58,2013|IE|KLEPNE|AMC|INPAT,,78,0.256410256410256,0.0969043252613297,0.159505931148927,0.353314581671586,Amoxicillin + clavulanic acid,J01C,K. pneumoniae,KLEPNE|Ireland|AMC,20,pays_dans_perimetre
2013,Ireland,STAAUR,OXA,INPAT,151,2013|IE|STAAUR|OXA|INPAT,,227,0.334801762114537,0.0613921093422263,0.273409652772311,0.396193871456764,Oxacillin,J01C,S. aureus,STAAUR|Ireland|OXA,76,pays_dans_perimetre
2013,Lithuania,ESCCOL,AMP,INPAT,188,2013|LT|ESCCOL|AMP|INPAT,,433,0.565819861431871,0.0466859492544613,0.519133912177409,0.612505810686332,Ampicillin,J01C,E. coli,ESCCOL|Lithuania|AMP,245,pays_dans_perimetre
2013,Lithuania,ESCCOL,CAZ,INPAT,407,2013|LT|ESCCOL|CAZ|INPAT,,431,0.0556844547563805,0.0216492567794224,0.0340351979769581,0.077333711535803,Ceftazidime,J01D,E. coli,ESCCOL|Lithuania|CAZ,24,pays_dans_perimetre
2013,Lithuania,ESCCOL,CIP,INPAT,357,2013|LT|ESCCOL|CIP|INPAT,,432,0.173611111111111,0.0357186627221014,0.13789244838901,0.209329773833212,Ciprofloxacin,J01M,E. coli,ESCCOL|Lithuania|CIP,75,pays_dans_perimetre
2013,Lithuania,ESCCOL,CRO,INPAT,170,2013|LT|ESCCOL|CRO|INPAT,,187,0.0909090909090909,0.0412043040237839,0.049704786885307,0.132113394932875,Ceftriaxone,J01D,E. coli,ESCCOL|Lithuania|CRO,17,pays_dans_perimetre
2013,Lithuania,ESCCOL,CTX,INPAT,274,2013|LT|ESCCOL|CTX|INPAT,,297,0.0774410774410774,0.030399090955307,0.0470419864857705,0.107840168396384,Cefotaxime,J01D,E. coli,ESCCOL|Lithuania|CTX,23,pays_dans_perimetre
2013,Lithuania,ESCCOL,GEN,INPAT,376,2013|LT|ESCCOL|GEN|INPAT,,427,0.11943793911007,0.0307604914195732,0.0886774476904971,0.150198430529643,Gentamicin,J01G,E. coli,ESCCOL|Lithuania|GEN,51,pays_dans_perimetre
2013,Lithuania,KLEPNE,CAZ,INPAT,81,2013|LT|KLEPNE|CAZ|INPAT,,144,0.4375,0.0810261339013531,0.356473866098647,0.518526133901353,Ceftazidime,J01D,K. pneumoniae,KLEPNE|Lithuania|CAZ,63,pays_dans_perimetre
2013,Lithuania,KLEPNE,CIP,INPAT,71,2013|LT|KLEPNE|CIP|INPAT,,144,0.506944444444444,0.0816587894863574,0.425285654958087,0.588603233930802,Ciprofloxacin,J01M,K. pneumoniae,KLEPNE|Lithuania|CIP,73,pays_dans_perimetre
2013,Lithuania,KLEPNE,GEN,INPAT,71,2013|LT|KLEPNE|GEN|INPAT,,145,0.510344827586207,0.0813671495780979,0.428977678008109,0.591711977164305,Gentamicin,J01G,K. pneumoniae,KLEPNE|Lithuania|GEN,74,pays_dans_perimetre
2013,Lithuania,STAAUR,FOX,INPAT,240,2013|LT|STAAUR|FOX|INPAT,,266,0.0977443609022556,0.035688304131141,0.0620560567711146,0.133432665033397,Cefoxitin,J01D,S. aureus,STAAUR|Lithuania|FOX,26,pays_dans_perimetre
2013,Lithuania,STAAUR,RIF,INPAT,202,2013|LT|STAAUR|RIF|INPAT,,216,0.0648148148148148,0.0328333462925414,0.0319814685222734,0.0976481611073562,Rifampicin,J04A,S. aureus,STAAUR|Lithuania|RIF,14,pays_dans_perimetre
2013,Lithuania,STRPNE,ERY,INPAT,42,2013|LT|STRPNE|ERY|INPAT,,56,0.25,0.113412962222138,0.136587037777862,0.363412962222138,Erythromycin,J01F,S. pneumoniae,STRPNE|Lithuania|ERY,14,pays_dans_perimetre
2013,Lithuania,STRPNE,OXA,INPAT,48,2013|LT|STRPNE|OXA|INPAT,,56,0.142857142857143,0.0916515138991168,0.0512056289580261,0.23450865675626,Oxacillin,J01C,S. pneumoniae,STRPNE|Lithuania|OXA,8,pays_dans_perimetre
2013,Latvia,ESCCOL,AMK,INPAT,114,2013|LV|ESCCOL|AMK|INPAT,,116,0.0172413793103448,0.0236884427149239,-0.006447063404579,0.0409298220252687,Amikacin,J01G,E. coli,ESCCOL|Latvia|AMK,2,pays_dans_perimetre
2013,Latvia,ESCCOL,AMP,INPAT,62,2013|LV|ESCCOL|AMP|INPAT,,135,0.540740740740741,0.0840645114604267,0.456676229280314,0.624805252201167,Ampicillin,J01C,E. coli,ESCCOL|Latvia|AMP,73,pays_dans_perimetre
2013,Latvia,ESCCOL,CAZ,INPAT,116,2013|LV|ESCCOL|CAZ|INPAT,,134,0.134328358208955,0.0577383170516111,0.0765900411573442,0.192066675260566,Ceftazidime,J01D,E. coli,ESCCOL|Latvia|CAZ,18,pays_dans_perimetre
2013,Latvia,ESCCOL,CIP,INPAT,106,2013|LV|ESCCOL|CIP|INPAT,,134,0.208955223880597,0.0688384086508938,0.140116815229703,0.277793632531491,Ciprofloxacin,J01M,E. coli,ESCCOL|Latvia|CIP,28,pays_dans_perimetre
2013,Latvia,ESCCOL,CRO,INPAT,80,2013|LV|ESCCOL|CRO|INPAT,,87,0.0804597701149425,0.0571572342686007,0.0233025358463418,0.137617004383543,Ceftriaxone,J01D,E. coli,ESCCOL|Latvia|CRO,7,pays_dans_perimetre
2013,Latvia,ESCCOL,CTX,INPAT,115,2013|LV|ESCCOL|CTX|INPAT,,133,0.135338345864662,0.0581384946522659,0.0771998512123958,0.193476840516928,Cefotaxime,J01D,E. coli,ESCCOL|Latvia|CTX,18,pays_dans_perimetre
2013,Latvia,ESCCOL,GEN,INPAT,129,2013|LV|ESCCOL|GEN|INPAT,,134,0.0373134328358209,0.032090666053292,0.0052227667825289,0.0694040988891128,Gentamicin,J01G,E. coli,ESCCOL|Latvia|GEN,5,pays_dans_perimetre
2013,Latvia,ESCCOL,TOB,INPAT,74,2013|LV|ESCCOL|TOB|INPAT,,81,0.0864197530864197,0.061191827397565,0.0252279256888547,0.147611580483985,Tobramycin,J01G,E. coli,ESCCOL|Latvia|TOB,7,pays_dans_perimetre
2013,Latvia,STAAUR,CIP,INPAT,189,2013|LV|STAAUR|CIP|INPAT,,207,0.0869565217391304,0.0383855447071497,0.0485709770319807,0.12534206644628,Ciprofloxacin,J01M,S. aureus,STAAUR|Latvia|CIP,18,pays_dans_perimetre
2013,Latvia,STAAUR,FOX,INPAT,152,2013|LV|STAAUR|FOX|INPAT,,164,0.0731707317073171,0.0398568265138238,0.0333139051934932,0.113027558221141,Cefoxitin,J01D,S. aureus,STAAUR|Latvia|FOX,12,pays_dans_perimetre
2013,Latvia,STAAUR,LVX,INPAT,71,2013|LV|STAAUR|LVX|INPAT,,76,0.0657894736842105,0.0557378046942898,0.0100516689899207,0.1215272783785,Levofloxacin,J01M,S. aureus,STAAUR|Latvia|LVX,5,pays_dans_perimetre
2013,Latvia,STAAUR,RIF,INPAT,158,2013|LV|STAAUR|RIF|INPAT,,158,0.0,0.0,0.0,0.0,Rifampicin,J04A,S. aureus,STAAUR|Latvia|RIF,0,pays_dans_perimetre
2013,Malta,ESCCOL,AMC,INPAT,67,2013|MT|ESCCOL|AMC|INPAT,,91,0.263736263736264,0.0905392734475669,0.173196990288697,0.354275537183831,Amoxicillin + clavulanic acid,J01C,E. coli,ESCCOL|Malta|AMC,24,pays_dans_perimetre
2013,Malta,ESCCOL,AMK,INPAT,87,2013|MT|ESCCOL|AMK|INPAT,,91,0.043956043956044,0.0421195385809074,0.0018365053751365,0.0860755825369514,Amikacin,J01G,E. coli,ESCCOL|Malta|AMK,4,pays_dans_perimetre
2013,Malta,ESCCOL,AMP,INPAT,36,2013|MT|ESCCOL|AMP|INPAT,,91,0.604395604395604,0.100467727275687,0.503927877119918,0.704863331671291,Ampicillin,J01C,E. coli,ESCCOL|Malta|AMP,55,pays_dans_perimetre
2013,Malta,ESCCOL,CAZ,INPAT,87,2013|MT|ESCCOL|CAZ|INPAT,,91,0.043956043956044,0.0421195385809074,0.0018365053751365,0.0860755825369514,Ceftazidime,J01D,E. coli,ESCCOL|Malta|CAZ,4,pays_dans_perimetre
2013,Malta,ESCCOL,CIP,INPAT,60,2013|MT|ESCCOL|CIP|INPAT,,91,0.340659340659341,0.0973756691255174,0.243283671533823,0.438035009784858,Ciprofloxacin,J01M,E. coli,ESCCOL|Malta|CIP,31,pays_dans_perimetre
2013,Malta,ESCCOL,FEP,INPAT,87,2013|MT|ESCCOL|FEP|INPAT,,91,0.043956043956044,0.0421195385809074,0.0018365053751365,0.0860755825369514,Cefepime,J01D,E. coli,ESCCOL|Malta|FEP,4,pays_dans_perimetre
2013,Malta,ESCCOL,GEN,INPAT,82,2013|MT|ESCCOL|GEN|INPAT,,91,0.0989010989010989,0.061336948169451,0.0375641507316479,0.16023804707055,Gentamicin,J01G,E. coli,ESCCOL|Malta|GEN,9,pays_dans_perimetre
2013,Malta,ESCCOL,TZP,INPAT,80,2013|MT|ESCCOL|TZP|INPAT,,91,0.120879120879121,0.0669784848504577,0.0539006360286632,0.187857605729579,Piperacillin + Tazobactam,J01C,E. coli,ESCCOL|Malta|TZP,11,pays_dans_perimetre
2013,Norway,ENCFAE,AMP,INPAT,392,2013|NO|ENCFAE|AMP|INPAT,,394,0.0050761421319797,0.0070172955775812,-0.0019411534456015,0.0120934377095609,Ampicillin,J01C,E. faecalis,ENCFAE|Norway|AMP,2,pays_dans_perimetre
2013,Norway,ENCFAE,VAN,INPAT,388,2013|NO|ENCFAE|VAN|INPAT,,388,0.0,0.0,0.0,0.0,Vancomycin,J01X,E. faecalis,ENCFAE|Norway|VAN,0,pays_dans_perimetre
2013,Norway,ESCCOL,AMC,INPAT,89,2013|NO|ESCCOL|AMC|INPAT,,104,0.144230769230769,0.0675222173015127,0.0767085519292565,0.211752986532282,Amoxicillin + clavulanic acid,J01C,E. coli,ESCCOL|Norway|AMC,15,pays_dans_perimetre
2013,Norway,ESCCOL,AMP,INPAT,1365,2013|NO|ESCCOL|AMP|INPAT,,2397,0.430538172715895,0.0198225807022965,0.410715592013598,0.450360753418191,Ampicillin,J01C,E. coli,ESCCOL|Norway|AMP,1032,pays_dans_perimetre
2013,Norway,ESCCOL,CAZ,INPAT,2137,2013|NO|ESCCOL|CAZ|INPAT,,2262,0.0552608311229001,0.009416173195384,0.045844657927516,0.0646770043182841,Ceftazidime,J01D,E. coli,ESCCOL|Norway|CAZ,125,pays_dans_perimetre
2013,Norway,ESCCOL,CIP,INPAT,2079,2013|NO|ESCCOL|CIP|INPAT,,2357,0.11794654221468,0.0130216596585911,0.104924882556089,0.130968201873271,Ciprofloxacin,J01M,E. coli,ESCCOL|Norway|CIP,278,pays_dans_perimetre
2013,Norway,ESCCOL,CTX,INPAT,2036,2013|NO|ESCCOL|CTX|INPAT,,2163,0.0587147480351364,0.0099074534276965,0.0488072946074398,0.068622201462833,Cefotaxime,J01D,E. coli,ESCCOL|Norway|CTX,127,pays_dans_perimetre
2013,Norway,ESCCOL,GEN,INPAT,2134,2013|NO|ESCCOL|GEN|INPAT,,2278,0.0632133450395083,0.0099931854123723,0.053220159627136,0.0732065304518807,Gentamicin,J01G,E. coli,ESCCOL|Norway|GEN,144,pays_dans_perimetre
2013,Norway,ESCCOL,IPM,INPAT,412,2013|NO|ESCCOL|IPM|INPAT,,414,0.0048309178743961,0.0066791187583365,-0.0018482008839404,0.0115100366327327,Imipenem,J01D,E. coli,ESCCOL|Norway|IPM,2,pays_dans_perimetre
2013,Norway,ESCCOL,MEM,INPAT,2386,2013|NO|ESCCOL|MEM|INPAT,,2386,0.0,0.0,0.0,0.0,Meropenem,J01D,E. coli,ESCCOL|Norway|MEM,0,pays_dans_perimetre
2013,Norway,ESCCOL,NAL,INPAT,72,2013|NO|ESCCOL|NAL|INPAT,,90,0.2,0.0826408561857336,0.117359143814266,0.282640856185734,Nalidixic acid,J01M,E. coli,ESCCOL|Norway|NAL,18,pays_dans_perimetre
2013,Norway,ESCCOL,TOB,INPAT,677,2013|NO|ESCCOL|TOB|INPAT,,744,0.0900537634408602,0.0205697211233272,0.069484042317533,0.110623484564187,Tobramycin,J01G,E. coli,ESCCOL|Norway|TOB,67,pays_dans_perimetre
2013,Norway,ESCCOL,TZP,INPAT,761,2013|NO|ESCCOL|TZP|INPAT,,814,0.0651105651105651,0.0169492204043941,0.048161344706171,0.0820597855149592,Piperacillin + Tazobactam,J01C,E. coli,ESCCOL|Norway|TZP,53,pays_dans_perimetre
2013,Norway,KLEPNE,TZP,INPAT,134,2013|NO|KLEPNE|TZP|INPAT,,145,0.0758620689655172,0.0430975725840667,0.0327644963814506,0.118959641549584,Piperacillin + Tazobactam,J01C,K. pneumoniae,KLEPNE|Norway|TZP,11,pays_dans_perimetre
2013,Norway,STAAUR,CIP,INPAT,581,2013|NO|STAAUR|CIP|INPAT,,597,0.0268006700167504,0.0129551555602655,0.0138455144564849,0.039755825577016,Ciprofloxacin,J01M,S. aureus,STAAUR|Norway|CIP,16,pays_dans_perimetre
2013,Norway,STAAUR,OXA,INPAT,821,2013|NO|STAAUR|OXA|INPAT,,827,0.0072551390568319,0.0057842227702653,0.0014709162865665,0.0130393618270973,Oxacillin,J01C,S. aureus,STAAUR|Norway|OXA,6,pays_dans_perimetre
2013,Norway,STRPNE,CTX,INPAT,362,2013|NO|STRPNE|CTX|INPAT,,363,0.0027548209366391,0.0053920066490419,-0.0026371857124028,0.008146827585681,Cefotaxime,J01D,S. pneumoniae,STRPNE|Norway|CTX,1,pays_dans_perimetre
2013,Norway,STRPNE,ERY,INPAT,380,2013|NO|STRPNE|ERY|INPAT,,399,0.0476190476190476,0.0208961042658501,0.0267229433531975,0.0685151518848977,Erythromycin,J01F,S. pneumoniae,STRPNE|Norway|ERY,19,pays_dans_perimetre
2013,Norway,STRPNE,PEN,INPAT,434,2013|NO|STRPNE|PEN|INPAT,,449,0.0334075723830735,0.0166217617931821,0.0167858105898914,0.0500293341762556,Penicillin,J01C,S. pneumoniae,STRPNE|Norway|PEN,15,pays_dans_perimetre
2013,Poland,ACISPP,AMK,INPAT,41,2013|PL|ACISPP|AMK|INPAT,,123,0.666666666666667,0.0833100238402762,0.58335664282639,0.749976690506943,Amikacin,J01G,Acinetobaccter spp.,ACISPP|Poland|AMK,82,pays_dans_perimetre
2013,Poland,ACISPP,CIP,INPAT,31,2013|PL|ACISPP|CIP|INPAT,,172,0.819767441860465,0.0574452077290044,0.762322234131461,0.87721264958947,Ciprofloxacin,J01M,Acinetobaccter spp.,ACISPP|Poland|CIP,141,pays_dans_perimetre
2013,Poland,ACISPP,GEN,INPAT,49,2013|PL|ACISPP|GEN|INPAT,,171,0.713450292397661,0.0677703706855981,0.645679921712063,0.781220663083259,Gentamicin,J01G,Acinetobaccter spp.,ACISPP|Poland|GEN,122,pays_dans_perimetre
2013,Poland,ACISPP,IPM,INPAT,85,2013|PL|ACISPP|IPM|INPAT,,174,0.511494252873563,0.074273974652982,0.437220278220581,0.585768227526545,Imipenem,J01D,Acinetobaccter spp.,ACISPP|Poland|IPM,89,pays_dans_perimetre
2013,Poland,ACISPP,LVX,INPAT,12,2013|PL|ACISPP|LVX|INPAT,,89,0.865168539325843,0.0709589281889337,0.794209611136909,0.936127467514776,Levofloxacin,J01M,Acinetobaccter spp.,ACISPP|Poland|LVX,77,pays_dans_perimetre
2013,Poland,ACISPP,MEM,INPAT,58,2013|PL|ACISPP|MEM|INPAT,,130,0.553846153846154,0.0854518142732227,0.468394339572931,0.639297968119377,Meropenem,J01D,Acinetobaccter spp.,ACISPP|Poland|MEM,72,pays_dans_perimetre
2013,Poland,ACISPP,NET,INPAT,25,2013|PL|ACISPP|NET|INPAT,,81,0.691358024691358,0.100598744555239,0.590759280136119,0.791956769246597,Netilmicin,J01G,Acinetobaccter spp.,ACISPP|Poland|NET,56,pays_dans_perimetre
2013,Poland,ACISPP,TOB,INPAT,69,2013|PL|ACISPP|TOB|INPAT,,132,0.477272727272727,0.0852098880340942,0.392062839238633,0.562482615306822,Tobramycin,J01G,Acinetobaccter spp.,ACISPP|Poland|TOB,63,pays_dans_perimetre
2013,Poland,ENCFAI,LNZ,INPAT,124,2013|PL|ENCFAI|LNZ|INPAT,,126,0.0158730158730159,0.0218235849817129,-0.005950569108697,0.0376966008547288,Linezolid,J01X,E. faecium,ENCFAI|Poland|LNZ,2,pays_dans_perimetre
2013,Poland,ESCCOL,AMC,INPAT,483,2013|PL|ESCCOL|AMC|INPAT,,652,0.25920245398773,0.033635787140352,0.225566666847378,0.292838241128082,Amoxicillin + clavulanic acid,J01C,E. coli,ESCCOL|Poland|AMC,169,pays_dans_perimetre
2013,Poland,ESCCOL,AMP,INPAT,84,2013|PL|ESCCOL|AMP|INPAT,,252,0.666666666666667,0.0582035593498169,0.60846310731685,0.724870226016484,Ampicillin,J01C,E. coli,ESCCOL|Poland|AMP,168,pays_dans_perimetre
2013,Poland,ESCCOL,CAZ,INPAT,746,2013|PL|ESCCOL|CAZ|INPAT,,822,0.0924574209245742,0.0198027066902475,0.0726547142343267,0.112260127614822,Ceftazidime,J01D,E. coli,ESCCOL|Poland|CAZ,76,pays_dans_perimetre
2013,Poland,ESCCOL,CIP,INPAT,675,2013|PL|ESCCOL|CIP|INPAT,,948,0.287974683544304,0.0288254950942555,0.259149188450048,0.316800178638559,Ciprofloxacin,J01M,E. coli,ESCCOL|Poland|CIP,273,pays_dans_perimetre
2013,Poland,ESCCOL,CTX,INPAT,790,2013|PL|ESCCOL|CTX|INPAT,,894,0.116331096196868,0.0210174493003487,0.0953136468965193,0.137348545497217,Cefotaxime,J01D,E. coli,ESCCOL|Poland|CTX,104,pays_dans_perimetre
2013,Poland,ESCCOL,GEN,INPAT,861,2013|PL|ESCCOL|GEN|INPAT,,941,0.0850159404888417,0.0178204310773336,0.0671955094115081,0.102836371566175,Gentamicin,J01G,E. coli,ESCCOL|Poland|GEN,80,pays_dans_perimetre
2013,Poland,ESCCOL,MEM,INPAT,820,2013|PL|ESCCOL|MEM|INPAT,,820,0.0,0.0,0.0,0.0,Meropenem,J01D,E. coli,ESCCOL|Poland|MEM,0,pays_dans_perimetre
2013,Poland,ESCCOL,NET,INPAT,110,2013|PL|ESCCOL|NET|INPAT,,119,0.0756302521008403,0.0475065209189102,0.0281237311819302,0.12313677301975,Netilmicin,J01G,E. coli,ESCCOL|Poland|NET,9,pays_dans_perimetre
2013,Poland,ESCCOL,PIP,INPAT,68,2013|PL|ESCCOL|PIP|INPAT,,201,0.661691542288557,0.0654097157851251,0.596281826503432,0.727101258073682,Piperacillin,J01C,E. coli,ESCCOL|Poland|PIP,133,pays_dans_perimetre
2013,Poland,ESCCOL,TZP,INPAT,691,2013|PL|ESCCOL|TZP|INPAT,,760,0.0907894736842105,0.0204267489806254,0.0703627247035851,0.111216222664836,Piperacillin + Tazobactam,J01C,E. coli,ESCCOL|Poland|TZP,69,pays_dans_perimetre
2013,Poland,KLEPNE,AMC,INPAT,77,2013|PL|KLEPNE|AMC|INPAT,,228,0.662280701754386,0.0613885869834661,0.60089211477092,0.723669288737852,Amoxicillin + clavulanic acid,J01C,K. pneumoniae,KLEPNE|Poland|AMC,151,pays_dans_perimetre
2013,Poland,KLEPNE,COL,INPAT,146,2013|PL|KLEPNE|COL|INPAT,,163,0.104294478527607,0.046921896080738,0.0573725824468693,0.151216374608345,Colistin,J01X,K. pneumoniae,KLEPNE|Poland|COL,17,pays_dans_perimetre
2013,Poland,KLEPNE,CRO,INPAT,18,2013|PL|KLEPNE|CRO|INPAT,,38,0.526315789473684,0.158756650270019,0.367559139203666,0.685072439743703,Ceftriaxone,J01D,K. pneumoniae,KLEPNE|Poland|CRO,20,pays_dans_perimetre
2013,Poland,KLEPNE,MEM,INPAT,346,2013|PL|KLEPNE|MEM|INPAT,,349,0.0085959885386819,0.0096853787289173,-0.0010893901902353,0.0182813672675993,Meropenem,J01D,K. pneumoniae,KLEPNE|Poland|MEM,3,pays_dans_perimetre
2013,Poland,KLEPNE,TZP,INPAT,105,2013|PL|KLEPNE|TZP|INPAT,,311,0.662379421221865,0.0525585950507106,0.609820826171154,0.714938016272576,Piperacillin + Tazobactam,J01C,K. pneumoniae,KLEPNE|Poland|TZP,206,pays_dans_perimetre
2013,Poland,PSEAER,COL,INPAT,84,2013|PL|PSEAER|COL|INPAT,,87,0.0344827586206897,0.0383422383691415,-0.0038594797484518,0.0728249969898312,Colistin,J01X,P. aeruginosa,PSEAER|Poland|COL,3,pays_dans_perimetre
2013,Poland,STAAUR,CIP,INPAT,421,2013|PL|STAAUR|CIP|INPAT,,505,0.166336633663366,0.0324787790763913,0.133857854586975,0.198815412739758,Ciprofloxacin,J01M,S. aureus,STAAUR|Poland|CIP,84,pays_dans_perimetre
2013,Romania,ACISPP,CIP,INPAT,13,2013|RO|ACISPP|CIP|INPAT,,136,0.904411764705882,0.0494164952320347,0.854995269473848,0.953828259937917,Ciprofloxacin,J01M,Acinetobaccter spp.,ACISPP|Romania|CIP,123,pays_dans_perimetre
2013,Romania,ACISPP,GEN,INPAT,24,2013|RO|ACISPP|GEN|INPAT,,134,0.82089552238806,0.0649233374750966,0.755972184912963,0.885818859863156,Gentamicin,J01G,Acinetobaccter spp.,ACISPP|Romania|GEN,110,pays_dans_perimetre
2013,Romania,ACISPP,IPM,INPAT,21,2013|RO|ACISPP|IPM|INPAT,,135,0.844444444444444,0.0611388818307424,0.783305562613702,0.905583326275187,Imipenem,J01D,Acinetobaccter spp.,ACISPP|Romania|IPM,114,pays_dans_perimetre
2013,Romania,ACISPP,MEM,INPAT,12,2013|RO|ACISPP|MEM|INPAT,,101,0.881188118811881,0.0631043993071307,0.81808371950475,0.944292518119012,Meropenem,J01D,Acinetobaccter spp.,ACISPP|Romania|MEM,89,pays_dans_perimetre
2013,Romania,KLEPNE,MEM,INPAT,124,2013|RO|KLEPNE|MEM|INPAT,,165,0.248484848484848,0.0659375681700457,0.182547280314803,0.314422416654894,Meropenem,J01D,K. pneumoniae,KLEPNE|Romania|MEM,41,pays_dans_perimetre
2013,Sweden,ENCFAE,AMP,INPAT,825,2013|SE|ENCFAE|AMP|INPAT,,825,0.0,0.0,0.0,0.0,Ampicillin,J01C,E. faecalis,ENCFAE|Sweden|AMP,0,pays_dans_perimetre
2013,Sweden,ENCFAE,GEH,INPAT,391,2013|SE|ENCFAE|GEH|INPAT,,469,0.166311300639659,0.0337002007021038,0.132611099937555,0.200011501341763,Gentamicin High,J01G,E. faecalis,ENCFAE|Sweden|GEH,78,pays_dans_perimetre
2013,Sweden,ENCFAE,LNZ,INPAT,629,2013|SE|ENCFAE|LNZ|INPAT,,629,0.0,0.0,0.0,0.0,Linezolid,J01X,E. faecalis,ENCFAE|Sweden|LNZ,0,pays_dans_perimetre
2013,Sweden,ENCFAI,AMP,INPAT,83,2013|SE|ENCFAI|AMP|INPAT,,466,0.821888412017167,0.0347388653653759,0.787149546651791,0.856627277382543,Ampicillin,J01C,E. faecium,ENCFAI|Sweden|AMP,383,pays_dans_perimetre
2013,Sweden,ENCFAI,VAN,INPAT,492,2013|SE|ENCFAI|VAN|INPAT,,492,0.0,0.0,0.0,0.0,Vancomycin,J01X,E. faecium,ENCFAI|Sweden|VAN,0,pays_dans_perimetre
2013,Sweden,ESCCOL,GEN,INPAT,3957,2013|SE|ESCCOL|GEN|INPAT,,4191,0.0558339298496779,0.0069513720593833,0.0488825577902945,0.0627853019090612,Gentamicin,J01G,E. coli,ESCCOL|Sweden|GEN,234,pays_dans_perimetre
2013,Sweden,KLEPNE,GEN,INPAT,746,2013|SE|KLEPNE|GEN|INPAT,,768,0.0286458333333333,0.0117976360810033,0.0168481972523301,0.0404434694143366,Gentamicin,J01G,K. pneumoniae,KLEPNE|Sweden|GEN,22,pays_dans_perimetre
2013,Sweden,KLEPNE,TOB,INPAT,712,2013|SE|KLEPNE|TOB|INPAT,,743,0.0417227456258412,0.0143778415917581,0.0273449040340831,0.0561005872175992,Tobramycin,J01G,K. pneumoniae,KLEPNE|Sweden|TOB,31,pays_dans_perimetre
2013,Sweden,KLEPNE,TZP,INPAT,27,2013|SE|KLEPNE|TZP|INPAT,,31,0.129032258064516,0.118011792871256,0.01102046519326,0.247044050935772,Piperacillin + Tazobactam,J01C,K. pneumoniae,KLEPNE|Sweden|TZP,4,pays_dans_perimetre
2013,Sweden,PSEAER,CAZ,INPAT,360,2013|SE|PSEAER|CAZ|INPAT,,405,0.111111111111111,0.0306077245132347,0.0805033865978764,0.141718835624346,Ceftazidime,J01D,P. aeruginosa,PSEAER|Sweden|CAZ,45,pays_dans_perimetre
2013,Sweden,PSEAER,CIP,INPAT,366,2013|SE|PSEAER|CIP|INPAT,,405,0.0962962962962963,0.0287307116031938,0.0675655846931025,0.12502700789949,Ciprofloxacin,J01M,P. aeruginosa,PSEAER|Sweden|CIP,39,pays_dans_perimetre
2013,Sweden,PSEAER,IPM,INPAT,294,2013|SE|PSEAER|IPM|INPAT,,333,0.117117117117117,0.0345378810798467,0.0825792360372704,0.151654998196964,Imipenem,J01D,P. aeruginosa,PSEAER|Sweden|IPM,39,pays_dans_perimetre
2013,Sweden,PSEAER,TOB,INPAT,261,2013|SE|PSEAER|TOB|INPAT,,269,0.0297397769516729,0.0202998532574195,0.0094399236942533,0.0500396302090924,Tobramycin,J01G,P. aeruginosa,PSEAER|Sweden|TOB,8,pays_dans_perimetre
2013,Sweden,STAAUR,RIF,INPAT,2110,2013|SE|STAAUR|RIF|INPAT,,2126,0.0075258701787394,0.0036737736938376,0.0038520964849017,0.0111996438725771,Rifampicin,J04A,S. aureus,STAAUR|Sweden|RIF,16,pays_dans_perimetre
2014,Bulgaria,ACISPP,CIP,INPAT,26,2014|BG|ACISPP|CIP|INPAT,,109,0.761467889908257,0.0800095899440284,0.681458299964228,0.841477479852285,Ciprofloxacin,J01M,Acinetobaccter spp.,ACISPP|Bulgaria|CIP,83,pays_dans_perimetre
2014,Bulgaria,ACISPP,GEN,INPAT,28,2014|BG|ACISPP|GEN|INPAT,,81,0.654320987654321,0.103572746658837,0.550748240995484,0.757893734313158,Gentamicin,J01G,Acinetobaccter spp.,ACISPP|Bulgaria|GEN,53,pays_dans_perimetre
2014,Bulgaria,ACISPP,IPM,INPAT,43,2014|BG|ACISPP|IPM|INPAT,,102,0.57843137254902,0.0958332126340574,0.482598159914962,0.674264585183077,Imipenem,J01D,Acinetobaccter spp.,ACISPP|Bulgaria|IPM,59,pays_dans_perimetre
2014,Bulgaria,ACISPP,MEM,INPAT,43,2014|BG|ACISPP|MEM|INPAT,,110,0.609090909090909,0.091188206231247,0.517902702859662,0.700279115322156,Meropenem,J01D,Acinetobaccter spp.,ACISPP|Bulgaria|MEM,67,pays_dans_perimetre
2014,Bulgaria,ACISPP,TOB,INPAT,26,2014|BG|ACISPP|TOB|INPAT,,41,0.365853658536585,0.147439072364752,0.218414586171833,0.513292730901337,Tobramycin,J01G,Acinetobaccter spp.,ACISPP|Bulgaria|TOB,15,pays_dans_perimetre
2014,Bulgaria,ESCCOL,AMK,INPAT,187,2014|BG|ESCCOL|AMK|INPAT,,204,0.0833333333333333,0.0379276630610473,0.045405670272286,0.121260996394381,Amikacin,J01G,E. coli,ESCCOL|Bulgaria|AMK,17,pays_dans_perimetre
2014,Bulgaria,ESCCOL,AMP,INPAT,39,2014|BG|ESCCOL|AMP|INPAT,,156,0.75,0.0679507740375906,0.682049225962409,0.817950774037591,Ampicillin,J01C,E. coli,ESCCOL|Bulgaria|AMP,117,pays_dans_perimetre
2014,Bulgaria,ESCCOL,CAZ,INPAT,108,2014|BG|ESCCOL|CAZ|INPAT,,174,0.379310344827586,0.0720968091904536,0.307213535637133,0.45140715401804,Ceftazidime,J01D,E. coli,ESCCOL|Bulgaria|CAZ,66,pays_dans_perimetre
2014,Bulgaria,ESCCOL,CIP,INPAT,127,2014|BG|ESCCOL|CIP|INPAT,,208,0.389423076923077,0.0662682403651947,0.323154836557882,0.455691317288272,Ciprofloxacin,J01M,E. coli,ESCCOL|Bulgaria|CIP,81,pays_dans_perimetre
2014,Bulgaria,ESCCOL,CRO,INPAT,90,2014|BG|ESCCOL|CRO|INPAT,,155,0.419354838709677,0.077684872473549,0.341669966236128,0.497039711183226,Ceftriaxone,J01D,E. coli,ESCCOL|Bulgaria|CRO,65,pays_dans_perimetre
2014,Bulgaria,ESCCOL,CTX,INPAT,74,2014|BG|ESCCOL|CTX|INPAT,,119,0.378151260504202,0.0871280001978789,0.291023260306323,0.465279260702081,Cefotaxime,J01D,E. coli,ESCCOL|Bulgaria|CTX,45,pays_dans_perimetre
2014,Bulgaria,ESCCOL,GEN,INPAT,134,2014|BG|ESCCOL|GEN|INPAT,,184,0.271739130434783,0.0642786486963439,0.207460481738439,0.336017779131127,Gentamicin,J01G,E. coli,ESCCOL|Bulgaria|GEN,50,pays_dans_perimetre
2014,Bulgaria,STAAUR,CIP,INPAT,169,2014|BG|STAAUR|CIP|INPAT,,199,0.150753768844221,0.0497141978548669,0.101039570989354,0.200467966699088,Ciprofloxacin,J01M,S. aureus,STAAUR|Bulgaria|CIP,30,pays_dans_perimetre
2014,Bulgaria,STAAUR,RIF,INPAT,131,2014|BG|STAAUR|RIF|INPAT,,139,0.0575539568345324,0.0387181423581109,0.0188358144764215,0.0962720991926433,Rifampicin,J04A,S. aureus,STAAUR|Bulgaria|RIF,8,pays_dans_perimetre
2014,Cyprus,ESCCOL,AMC,INPAT,97,2014|CY|ESCCOL|AMC|INPAT,,149,0.348993288590604,0.0765357262674124,0.272457562323192,0.425529014858016,Amoxicillin + clavulanic acid,J01C,E. coli,ESCCOL|Cyprus|AMC,52,pays_dans_perimetre
2014,Cyprus,ESCCOL,NOR,INPAT,26,2014|CY|ESCCOL|NOR|INPAT,,59,0.559322033898305,0.126683979643708,0.432638054254597,0.686006013542013,Norfloxacin,J01M,E. coli,ESCCOL|Cyprus|NOR,33,pays_dans_perimetre
2014,Cyprus,ESCCOL,TZP,INPAT,137,2014|CY|ESCCOL|TZP|INPAT,,149,0.0805369127516778,0.0436945806189288,0.036842332132749,0.124231493370607,Piperacillin + Tazobactam,J01C,E. coli,ESCCOL|Cyprus|TZP,12,pays_dans_perimetre
2014,Cyprus,KLEPNE,AMC,INPAT,48,2014|CY|KLEPNE|AMC|INPAT,,75,0.36,0.10863422665072,0.25136577334928,0.46863422665072,Amoxicillin + clavulanic acid,J01C,K. pneumoniae,KLEPNE|Cyprus|AMC,27,pays_dans_perimetre
2014,Cyprus,KLEPNE,TZP,INPAT,60,2014|CY|KLEPNE|TZP|INPAT,,75,0.2,0.0905285222089333,0.109471477791067,0.290528522208933,Piperacillin + Tazobactam,J01C,K. pneumoniae,KLEPNE|Cyprus|TZP,15,pays_dans_perimetre
2014,Cyprus,PSEAER,FEP,INPAT,32,2014|CY|PSEAER|FEP|INPAT,,40,0.2,0.1239612842786,0.0760387157213995,0.3239612842786,Cefepime,J01D,P. aeruginosa,PSEAER|Cyprus|FEP,8,pays_dans_perimetre
2014,Cyprus,STAAUR,LVX,INPAT,36,2014|CY|STAAUR|LVX|INPAT,,59,0.389830508474576,0.124449518969946,0.26538098950463,0.514280027444523,Levofloxacin,J01M,S. aureus,STAAUR|Cyprus|LVX,23,pays_dans_perimetre
2014,Denmark,ENCFAE,AMP,INPAT,303,2014|DK|ENCFAE|AMP|INPAT,,305,0.0065573770491803,0.0090582149961206,-0.0025008379469402,0.0156155920453009,Ampicillin,J01C,E. faecalis,ENCFAE|Denmark|AMP,2,pays_dans_perimetre
2014,Denmark,ENCFAE,VAN,INPAT,252,2014|DK|ENCFAE|VAN|INPAT,,255,0.0117647058823529,0.0132344744075266,-0.0014697685251736,0.0249991802898795,Vancomycin,J01X,E. faecalis,ENCFAE|Denmark|VAN,3,pays_dans_perimetre
2014,Denmark,ENCFAI,AMP,INPAT,25,2014|DK|ENCFAI|AMP|INPAT,,514,0.95136186770428,0.0185966975004123,0.932765170203868,0.969958565204692,Ampicillin,J01C,E. faecium,ENCFAI|Denmark|AMP,489,pays_dans_perimetre
2014,Denmark,ENCFAI,VAN,INPAT,489,2014|DK|ENCFAI|VAN|INPAT,,514,0.0486381322957198,0.0185966975004123,0.0300414347953075,0.0672348297961322,Vancomycin,J01X,E. faecium,ENCFAI|Denmark|VAN,25,pays_dans_perimetre
2014,Denmark,ESCCOL,AMP,INPAT,927,2014|DK|ESCCOL|AMP|INPAT,,1984,0.532762096774194,0.0219543675330202,0.510807729241173,0.554716464307214,Ampicillin,J01C,E. coli,ESCCOL|Denmark|AMP,1057,pays_dans_perimetre
2014,Denmark,ESCCOL,CAZ,INPAT,1426,2014|DK|ESCCOL|CAZ|INPAT,,1542,0.0752269779507134,0.0131649213279286,0.0620620566227847,0.088391899278642,Ceftazidime,J01D,E. coli,ESCCOL|Denmark|CAZ,116,pays_dans_perimetre
2014,Denmark,ESCCOL,CIP,INPAT,1689,2014|DK|ESCCOL|CIP|INPAT,,1983,0.148260211800303,0.0156408550058806,0.132619356794422,0.163901066806183,Ciprofloxacin,J01M,E. coli,ESCCOL|Denmark|CIP,294,pays_dans_perimetre
2014,Denmark,ESCCOL,CRO,INPAT,406,2014|DK|ESCCOL|CRO|INPAT,,443,0.0835214446952596,0.0257640634979088,0.0577573811973508,0.109285508193168,Ceftriaxone,J01D,E. coli,ESCCOL|Denmark|CRO,37,pays_dans_perimetre
2014,Denmark,ESCCOL,CTX,INPAT,163,2014|DK|ESCCOL|CTX|INPAT,,170,0.0411764705882353,0.0298693320949173,0.011307138493318,0.0710458026831526,Cefotaxime,J01D,E. coli,ESCCOL|Denmark|CTX,7,pays_dans_perimetre
2014,Denmark,ESCCOL,GEN,INPAT,1714,2014|DK|ESCCOL|GEN|INPAT,,1844,0.0704989154013015,0.0116840062664921,0.0588149091348094,0.0821829216677936,Gentamicin,J01G,E. coli,ESCCOL|Denmark|GEN,130,pays_dans_perimetre
2014,Denmark,ESCCOL,MEM,INPAT,1773,2014|DK|ESCCOL|MEM|INPAT,,1773,0.0,0.0,0.0,0.0,Meropenem,J01D,E. coli,ESCCOL|Denmark|MEM,0,pays_dans_perimetre
2014,Denmark,KLEPNE,CAZ,INPAT,321,2014|DK|KLEPNE|CAZ|INPAT,,354,0.0932203389830508,0.0302873073321183,0.0629330316509325,0.123507646315169,Ceftazidime,J01D,K. pneumoniae,KLEPNE|Denmark|CAZ,33,pays_dans_perimetre
2014,Denmark,KLEPNE,CIP,INPAT,405,2014|DK|KLEPNE|CIP|INPAT,,450,0.1,0.0277185858225127,0.0722814141774873,0.127718585822513,Ciprofloxacin,J01M,K. pneumoniae,KLEPNE|Denmark|CIP,45,pays_dans_perimetre
2014,Denmark,KLEPNE,CRO,INPAT,88,2014|DK|KLEPNE|CRO|INPAT,,97,0.0927835051546392,0.0577379102044531,0.035045594950186,0.150521415359092,Ceftriaxone,J01D,K. pneumoniae,KLEPNE|Denmark|CRO,9,pays_dans_perimetre
2014,Denmark,KLEPNE,CTX,INPAT,31,2014|DK|KLEPNE|CTX|INPAT,,32,0.03125,0.0602853727854029,-0.0290353727854029,0.0915353727854029,Cefotaxime,J01D,K. pneumoniae,KLEPNE|Denmark|CTX,1,pays_dans_perimetre
2014,Denmark,KLEPNE,GEN,INPAT,396,2014|DK|KLEPNE|GEN|INPAT,,420,0.0571428571428571,0.0221990990808186,0.0349437580620386,0.0793419562236757,Gentamicin,J01G,K. pneumoniae,KLEPNE|Denmark|GEN,24,pays_dans_perimetre
2014,Denmark,KLEPNE,MEM,INPAT,392,2014|DK|KLEPNE|MEM|INPAT,,393,0.0025445292620865,0.0049809281756173,-0.0024363989135308,0.0075254574377038,Meropenem,J01D,K. pneumoniae,KLEPNE|Denmark|MEM,1,pays_dans_perimetre
2014,Denmark,PSEAER,CAZ,INPAT,206,2014|DK|PSEAER|CAZ|INPAT,,214,0.0373831775700935,0.0254163987283006,0.0119667788417928,0.0627995762983941,Ceftazidime,J01D,P. aeruginosa,PSEAER|Denmark|CAZ,8,pays_dans_perimetre
2014,Denmark,PSEAER,CIP,INPAT,210,2014|DK|PSEAER|CIP|INPAT,,216,0.0277777777777778,0.0219159710050396,0.0058618067727382,0.0496937487828174,Ciprofloxacin,J01M,P. aeruginosa,PSEAER|Denmark|CIP,6,pays_dans_perimetre
2014,Denmark,PSEAER,GEN,INPAT,207,2014|DK|PSEAER|GEN|INPAT,,209,0.0095693779904306,0.0131988718653,-0.0036294938748693,0.0227682498557306,Gentamicin,J01G,P. aeruginosa,PSEAER|Denmark|GEN,2,pays_dans_perimetre
2014,Denmark,PSEAER,MEM,INPAT,198,2014|DK|PSEAER|MEM|INPAT,,214,0.0747663551401869,0.0352393588172388,0.0395269963229481,0.110005713957426,Meropenem,J01D,P. aeruginosa,PSEAER|Denmark|MEM,16,pays_dans_perimetre
2014,Denmark,PSEAER,TZP,INPAT,206,2014|DK|PSEAER|TZP|INPAT,,216,0.0462962962962963,0.0280226404680937,0.0182736558282026,0.07431893676439,Piperacillin + Tazobactam,J01C,P. aeruginosa,PSEAER|Denmark|TZP,10,pays_dans_perimetre
2014,Estonia,ESCCOL,CAZ,INPAT,233,2014|EE|ESCCOL|CAZ|INPAT,,255,0.0862745098039216,0.034461573370939,0.0518129364329826,0.120736083174861,Ceftazidime,J01D,E. coli,ESCCOL|Estonia|CAZ,22,pays_dans_perimetre
2014,Estonia,ESCCOL,FEP,INPAT,81,2014|EE|ESCCOL|FEP|INPAT,,87,0.0689655172413793,0.0532470224286323,0.015718494812747,0.122212539670012,Cefepime,J01D,E. coli,ESCCOL|Estonia|FEP,6,pays_dans_perimetre
2014,Estonia,KLEPNE,CIP,INPAT,97,2014|EE|KLEPNE|CIP|INPAT,,122,0.204918032786885,0.0716262471292823,0.133291785657603,0.276544279916168,Ciprofloxacin,J01M,K. pneumoniae,KLEPNE|Estonia|CIP,25,pays_dans_perimetre
2014,Estonia,KLEPNE,GEN,INPAT,98,2014|EE|KLEPNE|GEN|INPAT,,124,0.209677419354839,0.0716511648872057,0.138026254467633,0.281328584242044,Gentamicin,J01G,K. pneumoniae,KLEPNE|Estonia|GEN,26,pays_dans_perimetre
2014,Estonia,STAAUR,CIP,INPAT,189,2014|EE|STAAUR|CIP|INPAT,,197,0.0406091370558376,0.0275633898498385,0.013045747205999,0.0681725269056761,Ciprofloxacin,J01M,S. aureus,STAAUR|Estonia|CIP,8,pays_dans_perimetre
2014,Finland,ESCCOL,AMP,INPAT,342,2014|FI|ESCCOL|AMP|INPAT,,501,0.317365269461078,0.0407578341479435,0.276607435313134,0.358123103609021,Ampicillin,J01C,E. coli,ESCCOL|Finland|AMP,159,pays_dans_perimetre
2014,Finland,ESCCOL,CAZ,INPAT,673,2014|FI|ESCCOL|CAZ|INPAT,,719,0.0639777468706537,0.0178874809288466,0.0460902659418071,0.0818652277995003,Ceftazidime,J01D,E. coli,ESCCOL|Finland|CAZ,46,pays_dans_perimetre
2014,Finland,ESCCOL,CIP,INPAT,543,2014|FI|ESCCOL|CIP|INPAT,,596,0.0889261744966443,0.022852016625004,0.0660741578716403,0.111778191121648,Ciprofloxacin,J01M,E. coli,ESCCOL|Finland|CIP,53,pays_dans_perimetre
2014,Finland,ESCCOL,CRO,INPAT,576,2014|FI|ESCCOL|CRO|INPAT,,602,0.0431893687707641,0.0162389988167789,0.0269503699539852,0.059428367587543,Ceftriaxone,J01D,E. coli,ESCCOL|Finland|CRO,26,pays_dans_perimetre
2014,Finland,ESCCOL,NET,INPAT,119,2014|FI|ESCCOL|NET|INPAT,,122,0.0245901639344262,0.027482132768746,-0.0028919688343197,0.0520722967031722,Netilmicin,J01G,E. coli,ESCCOL|Finland|NET,3,pays_dans_perimetre
2014,Finland,ESCCOL,TOB,INPAT,674,2014|FI|ESCCOL|TOB|INPAT,,716,0.058659217877095,0.017212388159161,0.041446829717934,0.0758716060362559,Tobramycin,J01G,E. coli,ESCCOL|Finland|TOB,42,pays_dans_perimetre
2014,Finland,KLEPNE,CAZ,INPAT,136,2014|FI|KLEPNE|CAZ|INPAT,,142,0.0422535211267606,0.033087856544599,0.0091656645821616,0.0753413776713595,Ceftazidime,J01D,K. pneumoniae,KLEPNE|Finland|CAZ,6,pays_dans_perimetre
2014,Finland,KLEPNE,CIP,INPAT,116,2014|FI|KLEPNE|CIP|INPAT,,125,0.072,0.0453149287189112,0.0266850712810888,0.117314928718911,Ciprofloxacin,J01M,K. pneumoniae,KLEPNE|Finland|CIP,9,pays_dans_perimetre
2014,Finland,KLEPNE,TOB,INPAT,132,2014|FI|KLEPNE|TOB|INPAT,,142,0.0704225352112676,0.0420833709611325,0.0283391642501351,0.1125059061724,Tobramycin,J01G,K. pneumoniae,KLEPNE|Finland|TOB,10,pays_dans_perimetre
2014,Ireland,ENCFAE,AMP,INPAT,81,2014|IE|ENCFAE|AMP|INPAT,,84,0.0357142857142857,0.0396862696659689,-0.0039719839516831,0.0754005553802546,Ampicillin,J01C,E. faecalis,ENCFAE|Ireland|AMP,3,pays_dans_perimetre
2014,Ireland,ENCFAE,VAN,INPAT,107,2014|IE|ENCFAE|VAN|INPAT,,110,0.0272727272727273,0.0304382415961413,-0.0031655143234139,0.0577109688688685,Vancomycin,J01X,E. faecalis,ENCFAE|Ireland|VAN,3,pays_dans_perimetre
2014,Ireland,ENCFAI,AMP,INPAT,5,2014|IE|ENCFAI|AMP|INPAT,,73,0.931506849315068,0.0579443692443365,0.873562480070732,0.989451218559405,Ampicillin,J01C,E. faecium,ENCFAI|Ireland|AMP,68,pays_dans_perimetre
2014,Ireland,ENCFAI,VAN,INPAT,79,2014|IE|ENCFAI|VAN|INPAT,,119,0.336134453781513,0.0848748794749449,0.251259574306568,0.421009333256458,Vancomycin,J01X,E. faecium,ENCFAI|Ireland|VAN,40,pays_dans_perimetre
2014,Ireland,ESCCOL,AMC,INPAT,336,2014|IE|ESCCOL|AMC|INPAT,,587,0.427597955706985,0.0400226111050076,0.387575344601977,0.467620566811992,Amoxicillin + clavulanic acid,J01C,E. coli,ESCCOL|Ireland|AMC,251,pays_dans_perimetre
2014,Ireland,ESCCOL,AMK,INPAT,683,2014|IE|ESCCOL|AMK|INPAT,,698,0.0214899713467049,0.0107579350710018,0.010732036275703,0.0322479064177067,Amikacin,J01G,E. coli,ESCCOL|Ireland|AMK,15,pays_dans_perimetre
2014,Ireland,ESCCOL,AMP,INPAT,155,2014|IE|ESCCOL|AMP|INPAT,,556,0.721223021582734,0.0372719332253002,0.683951088357434,0.758494954808034,Ampicillin,J01C,E. coli,ESCCOL|Ireland|AMP,401,pays_dans_perimetre
2014,Ireland,ESCCOL,CAZ,INPAT,605,2014|IE|ESCCOL|CAZ|INPAT,,646,0.0634674922600619,0.0188008251328549,0.0446666671272071,0.0822683173929168,Ceftazidime,J01D,E. coli,ESCCOL|Ireland|CAZ,41,pays_dans_perimetre
2014,Ireland,ESCCOL,CIP,INPAT,585,2014|IE|ESCCOL|CIP|INPAT,,747,0.216867469879518,0.0295536148333852,0.187313855046133,0.246421084712903,Ciprofloxacin,J01M,E. coli,ESCCOL|Ireland|CIP,162,pays_dans_perimetre
2014,Ireland,ESCCOL,CRO,INPAT,153,2014|IE|ESCCOL|CRO|INPAT,,169,0.0946745562130177,0.0441399382405678,0.05053461797245,0.138814494453586,Ceftriaxone,J01D,E. coli,ESCCOL|Ireland|CRO,16,pays_dans_perimetre
2014,Ireland,ESCCOL,CTX,INPAT,541,2014|IE|ESCCOL|CTX|INPAT,,586,0.0767918088737201,0.0215583012710161,0.055233507602704,0.0983501101447363,Cefotaxime,J01D,E. coli,ESCCOL|Ireland|CTX,45,pays_dans_perimetre
2014,Ireland,ESCCOL,ETP,INPAT,315,2014|IE|ESCCOL|ETP|INPAT,,316,0.0031645569620253,0.0061927097365641,-0.0030281527745388,0.0093572666985894,Ertapenem,J01D,E. coli,ESCCOL|Ireland|ETP,1,pays_dans_perimetre
2014,Ireland,ESCCOL,GEN,INPAT,674,2014|IE|ESCCOL|GEN|INPAT,,748,0.0989304812834225,0.0213968322917473,0.0775336489916751,0.12032731357517,Gentamicin,J01G,E. coli,ESCCOL|Ireland|GEN,74,pays_dans_perimetre
2014,Ireland,KLEPNE,AMC,INPAT,54,2014|IE|KLEPNE|AMC|INPAT,,72,0.25,0.100020831163646,0.149979168836354,0.350020831163646,Amoxicillin + clavulanic acid,J01C,K. pneumoniae,KLEPNE|Ireland|AMC,18,pays_dans_perimetre
2014,Ireland,STAAUR,OXA,INPAT,142,2014|IE|STAAUR|OXA|INPAT,,196,0.275510204081633,0.0625479407971132,0.212962263284519,0.338058144878746,Oxacillin,J01C,S. aureus,STAAUR|Ireland|OXA,54,pays_dans_perimetre
2014,Lithuania,ACISPP,AMK,INPAT,18,2014|LT|ACISPP|AMK|INPAT,,66,0.727272727272727,0.107447679158621,0.619825048114106,0.834720406431348,Amikacin,J01G,Acinetobaccter spp.,ACISPP|Lithuania|AMK,48,pays_dans_perimetre
2014,Lithuania,ACISPP,CIP,INPAT,10,2014|LT|ACISPP|CIP|INPAT,,66,0.848484848484849,0.0865035999550704,0.761981248529778,0.934988448439919,Ciprofloxacin,J01M,Acinetobaccter spp.,ACISPP|Lithuania|CIP,56,pays_dans_perimetre
2014,Lithuania,ACISPP,COL,INPAT,54,2014|LT|ACISPP|COL|INPAT,,54,0.0,0.0,0.0,0.0,Colistin,J01X,Acinetobaccter spp.,ACISPP|Lithuania|COL,0,pays_dans_perimetre
2014,Lithuania,ACISPP,GEN,INPAT,13,2014|LT|ACISPP|GEN|INPAT,,65,0.8,0.0972432319179394,0.702756768082061,0.897243231917939,Gentamicin,J01G,Acinetobaccter spp.,ACISPP|Lithuania|GEN,52,pays_dans_perimetre
2014,Lithuania,ACISPP,IPM,INPAT,17,2014|LT|ACISPP|IPM|INPAT,,62,0.725806451612903,0.111045062963313,0.614761388649591,0.836851514576216,Imipenem,J01D,Acinetobaccter spp.,ACISPP|Lithuania|IPM,45,pays_dans_perimetre
2014,Lithuania,ACISPP,MEM,INPAT,19,2014|LT|ACISPP|MEM|INPAT,,64,0.703125,0.111935841303665,0.591189158696335,0.815060841303665,Meropenem,J01D,Acinetobaccter spp.,ACISPP|Lithuania|MEM,45,pays_dans_perimetre
2014,Lithuania,ESCCOL,AMC,INPAT,441,2014|LT|ESCCOL|AMC|INPAT,,548,0.195255474452555,0.0331891719538503,0.162066302498704,0.228444646406405,Amoxicillin + clavulanic acid,J01C,E. coli,ESCCOL|Lithuania|AMC,107,pays_dans_perimetre
2014,Lithuania,ESCCOL,AMP,INPAT,248,2014|LT|ESCCOL|AMP|INPAT,,589,0.578947368421053,0.0398736653010742,0.539073703119978,0.618821033722127,Ampicillin,J01C,E. coli,ESCCOL|Lithuania|AMP,341,pays_dans_perimetre
2014,Lithuania,ESCCOL,CAZ,INPAT,532,2014|LT|ESCCOL|CAZ|INPAT,,577,0.0779896013864818,0.0218803580574155,0.0561092433290663,0.0998699594438973,Ceftazidime,J01D,E. coli,ESCCOL|Lithuania|CAZ,45,pays_dans_perimetre
2014,Lithuania,ESCCOL,CIP,INPAT,508,2014|LT|ESCCOL|CIP|INPAT,,591,0.140439932318105,0.0280121054376377,0.112427826880467,0.168452037755743,Ciprofloxacin,J01M,E. coli,ESCCOL|Lithuania|CIP,83,pays_dans_perimetre
2014,Lithuania,ESCCOL,CRO,INPAT,155,2014|LT|ESCCOL|CRO|INPAT,,180,0.138888888888889,0.0505223062553095,0.0883665826335794,0.189411195144198,Ceftriaxone,J01D,E. coli,ESCCOL|Lithuania|CRO,25,pays_dans_perimetre
2014,Lithuania,ESCCOL,CTX,INPAT,435,2014|LT|ESCCOL|CTX|INPAT,,478,0.0899581589958159,0.0256503374346827,0.0643078215611332,0.115608496430499,Cefotaxime,J01D,E. coli,ESCCOL|Lithuania|CTX,43,pays_dans_perimetre
2014,Lithuania,ESCCOL,GEN,INPAT,505,2014|LT|ESCCOL|GEN|INPAT,,583,0.133790737564322,0.0276341575708111,0.106156579993511,0.161424895135134,Gentamicin,J01G,E. coli,ESCCOL|Lithuania|GEN,78,pays_dans_perimetre
2014,Lithuania,KLEPNE,AMC,INPAT,57,2014|LT|KLEPNE|AMC|INPAT,,147,0.612244897959184,0.078765992869087,0.533478905090097,0.691010890828271,Amoxicillin + clavulanic acid,J01C,K. pneumoniae,KLEPNE|Lithuania|AMC,90,pays_dans_perimetre
2014,Lithuania,KLEPNE,CAZ,INPAT,72,2014|LT|KLEPNE|CAZ|INPAT,,151,0.52317880794702,0.0796655289933883,0.443513278953632,0.602844336940408,Ceftazidime,J01D,K. pneumoniae,KLEPNE|Lithuania|CAZ,79,pays_dans_perimetre
2014,Lithuania,KLEPNE,CIP,INPAT,82,2014|LT|KLEPNE|CIP|INPAT,,154,0.467532467532468,0.0788039822491991,0.388728485283268,0.546336449781667,Ciprofloxacin,J01M,K. pneumoniae,KLEPNE|Lithuania|CIP,72,pays_dans_perimetre
2014,Lithuania,KLEPNE,GEN,INPAT,76,2014|LT|KLEPNE|GEN|INPAT,,152,0.5,0.0794884963540737,0.420511503645926,0.579488496354074,Gentamicin,J01G,K. pneumoniae,KLEPNE|Lithuania|GEN,76,pays_dans_perimetre
2014,Lithuania,KLEPNE,TZP,INPAT,81,2014|LT|KLEPNE|TZP|INPAT,,149,0.456375838926175,0.0799785699553465,0.376397268970828,0.536354408881521,Piperacillin + Tazobactam,J01C,K. pneumoniae,KLEPNE|Lithuania|TZP,68,pays_dans_perimetre
2014,Lithuania,STAAUR,FOX,INPAT,349,2014|LT|STAAUR|FOX|INPAT,,376,0.0718085106382979,0.0260956969062306,0.0457128137320673,0.0979042075445285,Cefoxitin,J01D,S. aureus,STAAUR|Lithuania|FOX,27,pays_dans_perimetre
2014,Lithuania,STAAUR,RIF,INPAT,241,2014|LT|STAAUR|RIF|INPAT,,266,0.093984962406015,0.0350680923869466,0.0589168700190684,0.129053054792962,Rifampicin,J04A,S. aureus,STAAUR|Lithuania|RIF,25,pays_dans_perimetre
2014,Lithuania,STRPNE,ERY,INPAT,48,2014|LT|STRPNE|ERY|INPAT,,62,0.225806451612903,0.10407661857007,0.121729833042834,0.329883070182973,Erythromycin,J01F,S. pneumoniae,STRPNE|Lithuania|ERY,14,pays_dans_perimetre
2014,Lithuania,STRPNE,OXA,INPAT,56,2014|LT|STRPNE|OXA|INPAT,,67,0.164179104477612,0.0887021656892126,0.0754769387883993,0.252881270166825,Oxacillin,J01C,S. pneumoniae,STRPNE|Lithuania|OXA,11,pays_dans_perimetre
2014,Luxembourg,ESCCOL,TZP,INPAT,144,2014|LU|ESCCOL|TZP|INPAT,,169,0.14792899408284,0.0535275375512062,0.0944014565316341,0.201456531634046,Piperacillin + Tazobactam,J01C,E. coli,ESCCOL|Luxembourg|TZP,25,pays_dans_perimetre
2014,Luxembourg,KLEPNE,TZP,INPAT,27,2014|LU|KLEPNE|TZP|INPAT,,49,0.448979591836735,0.139269229793759,0.309710362042975,0.588248821630494,Piperacillin + Tazobactam,J01C,K. pneumoniae,KLEPNE|Luxembourg|TZP,22,pays_dans_perimetre
2014,Latvia,ACISPP,AMK,INPAT,18,2014|LV|ACISPP|AMK|INPAT,,51,0.647058823529412,0.13115777172109,0.515901051808322,0.778216595250501,Amikacin,J01G,Acinetobaccter spp.,ACISPP|Latvia|AMK,33,pays_dans_perimetre
2014,Latvia,ACISPP,GEN,INPAT,14,2014|LV|ACISPP|GEN|INPAT,,51,0.725490196078431,0.122480143659128,0.603010052419303,0.84797033973756,Gentamicin,J01G,Acinetobaccter spp.,ACISPP|Latvia|GEN,37,pays_dans_perimetre
2014,Latvia,ACISPP,IPM,INPAT,9,2014|LV|ACISPP|IPM|INPAT,,52,0.826923076923077,0.102826851560824,0.724096225362253,0.929749928483901,Imipenem,J01D,Acinetobaccter spp.,ACISPP|Latvia|IPM,43,pays_dans_perimetre
2014,Latvia,ESCCOL,AMK,INPAT,153,2014|LV|ESCCOL|AMK|INPAT,,154,0.0064935064935064,0.0126858831128589,-0.0061923766193523,0.0191793896063654,Amikacin,J01G,E. coli,ESCCOL|Latvia|AMK,1,pays_dans_perimetre
2014,Latvia,ESCCOL,AMP,INPAT,89,2014|LV|ESCCOL|AMP|INPAT,,182,0.510989010989011,0.0726248865511231,0.438364124437888,0.583613897540134,Ampicillin,J01C,E. coli,ESCCOL|Latvia|AMP,93,pays_dans_perimetre
2014,Latvia,ESCCOL,CAZ,INPAT,28,2014|LV|ESCCOL|CAZ|INPAT,,33,0.151515151515152,0.122334564250557,0.0291805872645943,0.273849715765709,Ceftazidime,J01D,E. coli,ESCCOL|Latvia|CAZ,5,pays_dans_perimetre
2014,Latvia,ESCCOL,CIP,INPAT,146,2014|LV|ESCCOL|CIP|INPAT,,181,0.193370165745856,0.057537191472171,0.135832974273685,0.250907357218027,Ciprofloxacin,J01M,E. coli,ESCCOL|Latvia|CIP,35,pays_dans_perimetre
2014,Latvia,ESCCOL,CRO,INPAT,120,2014|LV|ESCCOL|CRO|INPAT,,132,0.0909090909090909,0.0490429313556288,0.0418661595534621,0.13995202226472,Ceftriaxone,J01D,E. coli,ESCCOL|Latvia|CRO,12,pays_dans_perimetre
2014,Latvia,ESCCOL,CTX,INPAT,27,2014|LV|ESCCOL|CTX|INPAT,,33,0.181818181818182,0.13159599399245,0.0502221878257316,0.313414175810632,Cefotaxime,J01D,E. coli,ESCCOL|Latvia|CTX,6,pays_dans_perimetre
2014,Latvia,ESCCOL,GEN,INPAT,168,2014|LV|ESCCOL|GEN|INPAT,,181,0.0718232044198895,0.0376152996703459,0.0342079047495436,0.109438504090235,Gentamicin,J01G,E. coli,ESCCOL|Latvia|GEN,13,pays_dans_perimetre
2014,Latvia,ESCCOL,TOB,INPAT,90,2014|LV|ESCCOL|TOB|INPAT,,97,0.0721649484536082,0.0514954366065604,0.0206695118470479,0.123660385060169,Tobramycin,J01G,E. coli,ESCCOL|Latvia|TOB,7,pays_dans_perimetre
2014,Latvia,STAAUR,CIP,INPAT,196,2014|LV|STAAUR|CIP|INPAT,,220,0.109090909090909,0.0411960623387282,0.0678948467521809,0.150286971429637,Ciprofloxacin,J01M,S. aureus,STAAUR|Latvia|CIP,24,pays_dans_perimetre
2014,Latvia,STAAUR,FOX,INPAT,201,2014|LV|STAAUR|FOX|INPAT,,219,0.0821917808219178,0.0363767738696086,0.0458150069523092,0.118568554691526,Cefoxitin,J01D,S. aureus,STAAUR|Latvia|FOX,18,pays_dans_perimetre
2014,Latvia,STAAUR,LVX,INPAT,79,2014|LV|STAAUR|LVX|INPAT,,84,0.0595238095238095,0.0505982725513943,0.0089255369724151,0.110122082075204,Levofloxacin,J01M,S. aureus,STAAUR|Latvia|LVX,5,pays_dans_perimetre
2014,Latvia,STAAUR,RIF,INPAT,194,2014|LV|STAAUR|RIF|INPAT,,195,0.0051282051282051,0.0100254764065172,-0.004897271278312,0.0151536815347223,Rifampicin,J04A,S. aureus,STAAUR|Latvia|RIF,1,pays_dans_perimetre
2014,Malta,ESCCOL,AMC,INPAT,98,2014|MT|ESCCOL|AMC|INPAT,,137,0.284671532846715,0.0755649783022993,0.209106554544416,0.360236511149015,Amoxicillin + clavulanic acid,J01C,E. coli,ESCCOL|Malta|AMC,39,pays_dans_perimetre
2014,Malta,ESCCOL,AMK,INPAT,124,2014|MT|ESCCOL|AMK|INPAT,,137,0.0948905109489051,0.0490747097150263,0.0458158012338788,0.143965220663931,Amikacin,J01G,E. coli,ESCCOL|Malta|AMK,13,pays_dans_perimetre
2014,Malta,ESCCOL,AMP,INPAT,58,2014|MT|ESCCOL|AMP|INPAT,,137,0.576642335766423,0.0827375702891811,0.493904765477242,0.659379906055604,Ampicillin,J01C,E. coli,ESCCOL|Malta|AMP,79,pays_dans_perimetre
2014,Malta,ESCCOL,CAZ,INPAT,118,2014|MT|ESCCOL|CAZ|INPAT,,137,0.138686131386861,0.0578752692867527,0.0808108621001086,0.196561400673614,Ceftazidime,J01D,E. coli,ESCCOL|Malta|CAZ,19,pays_dans_perimetre
2014,Malta,ESCCOL,CIP,INPAT,85,2014|MT|ESCCOL|CIP|INPAT,,137,0.37956204379562,0.0812617845264657,0.298300259269155,0.460823828322086,Ciprofloxacin,J01M,E. coli,ESCCOL|Malta|CIP,52,pays_dans_perimetre
2014,Malta,ESCCOL,FEP,INPAT,120,2014|MT|ESCCOL|FEP|INPAT,,137,0.124087591240876,0.0552065114237543,0.0688810798171216,0.17929410266463,Cefepime,J01D,E. coli,ESCCOL|Malta|FEP,17,pays_dans_perimetre
2014,Malta,ESCCOL,GEN,INPAT,117,2014|MT|ESCCOL|GEN|INPAT,,137,0.145985401459854,0.0591266331050825,0.0868587683547715,0.205112034564937,Gentamicin,J01G,E. coli,ESCCOL|Malta|GEN,20,pays_dans_perimetre
2014,Malta,ESCCOL,TZP,INPAT,122,2014|MT|ESCCOL|TZP|INPAT,,136,0.102941176470588,0.051073032122812,0.0518681443477762,0.1540142085934,Piperacillin + Tazobactam,J01C,E. coli,ESCCOL|Malta|TZP,14,pays_dans_perimetre
2014,Norway,ENCFAE,AMP,INPAT,404,2014|NO|ENCFAE|AMP|INPAT,,405,0.0024691358024691,0.0048335277812146,-0.0023643919787455,0.0073026635836838,Ampicillin,J01C,E. faecalis,ENCFAE|Norway|AMP,1,pays_dans_perimetre
2014,Norway,ENCFAE,VAN,INPAT,402,2014|NO|ENCFAE|VAN|INPAT,,402,0.0,0.0,0.0,0.0,Vancomycin,J01X,E. faecalis,ENCFAE|Norway|VAN,0,pays_dans_perimetre
2014,Norway,ESCCOL,AMC,INPAT,613,2014|NO|ESCCOL|AMC|INPAT,,795,0.228930817610063,0.0292059481340245,0.199724869476038,0.258136765744087,Amoxicillin + clavulanic acid,J01C,E. coli,ESCCOL|Norway|AMC,182,pays_dans_perimetre
2014,Norway,ESCCOL,AMP,INPAT,1545,2014|NO|ESCCOL|AMP|INPAT,,2634,0.413439635535307,0.0188066134061941,0.394633022129113,0.432246248941502,Ampicillin,J01C,E. coli,ESCCOL|Norway|AMP,1089,pays_dans_perimetre
2014,Norway,ESCCOL,CAZ,INPAT,2308,2014|NO|ESCCOL|CAZ|INPAT,,2446,0.0564186426819297,0.0091438446242224,0.0472747980577072,0.0655624873061521,Ceftazidime,J01D,E. coli,ESCCOL|Norway|CAZ,138,pays_dans_perimetre
2014,Norway,ESCCOL,CIP,INPAT,2330,2014|NO|ESCCOL|CIP|INPAT,,2648,0.120090634441088,0.0123814246987441,0.107709209742344,0.132472059139832,Ciprofloxacin,J01M,E. coli,ESCCOL|Norway|CIP,318,pays_dans_perimetre
2014,Norway,ESCCOL,CTX,INPAT,2186,2014|NO|ESCCOL|CTX|INPAT,,2313,0.054907047124946,0.0092836671565811,0.0456233799683648,0.0641907142815271,Cefotaxime,J01D,E. coli,ESCCOL|Norway|CTX,127,pays_dans_perimetre
2014,Norway,ESCCOL,GEN,INPAT,2282,2014|NO|ESCCOL|GEN|INPAT,,2443,0.0659025787965616,0.0098387885932285,0.0560637902033331,0.0757413673897901,Gentamicin,J01G,E. coli,ESCCOL|Norway|GEN,161,pays_dans_perimetre
2014,Norway,ESCCOL,IPM,INPAT,410,2014|NO|ESCCOL|IPM|INPAT,,410,0.0,0.0,0.0,0.0,Imipenem,J01D,E. coli,ESCCOL|Norway|IPM,0,pays_dans_perimetre
2014,Norway,ESCCOL,MEM,INPAT,2566,2014|NO|ESCCOL|MEM|INPAT,,2566,0.0,0.0,0.0,0.0,Meropenem,J01D,E. coli,ESCCOL|Norway|MEM,0,pays_dans_perimetre
2014,Norway,ESCCOL,NAL,INPAT,403,2014|NO|ESCCOL|NAL|INPAT,,486,0.170781893004115,0.0334574807471237,0.137324412256991,0.204239373751239,Nalidixic acid,J01M,E. coli,ESCCOL|Norway|NAL,83,pays_dans_perimetre
2014,Norway,ESCCOL,TOB,INPAT,807,2014|NO|ESCCOL|TOB|INPAT,,867,0.069204152249135,0.0168942850547734,0.0523098671943615,0.0860984373039084,Tobramycin,J01G,E. coli,ESCCOL|Norway|TOB,60,pays_dans_perimetre
2014,Norway,ESCCOL,TZP,INPAT,2183,2014|NO|ESCCOL|TZP|INPAT,,2318,0.0582398619499569,0.0095340994123616,0.0487057625375952,0.0677739613623185,Piperacillin + Tazobactam,J01C,E. coli,ESCCOL|Norway|TZP,135,pays_dans_perimetre
2014,Norway,KLEPNE,FEP,INPAT,86,2014|NO|KLEPNE|FEP|INPAT,,88,0.0227272727272727,0.0311383995232337,-0.0084111267959609,0.0538656722505064,Cefepime,J01D,K. pneumoniae,KLEPNE|Norway|FEP,2,pays_dans_perimetre
2014,Norway,KLEPNE,TGC,INPAT,46,2014|NO|KLEPNE|TGC|INPAT,,51,0.0980392156862745,0.0816140115662041,0.0164252041200704,0.179653227252479,Tigecycline,J01A,K. pneumoniae,KLEPNE|Norway|TGC,5,pays_dans_perimetre
2014,Norway,KLEPNE,TZP,INPAT,435,2014|NO|KLEPNE|TZP|INPAT,,485,0.103092783505155,0.0270628228119241,0.0760299606932305,0.130155606317079,Piperacillin + Tazobactam,J01C,K. pneumoniae,KLEPNE|Norway|TZP,50,pays_dans_perimetre
2014,Norway,STAAUR,CIP,INPAT,629,2014|NO|STAAUR|CIP|INPAT,,652,0.0352760736196319,0.0141603477368244,0.0211157258828075,0.0494364213564563,Ciprofloxacin,J01M,S. aureus,STAAUR|Norway|CIP,23,pays_dans_perimetre
2014,Norway,STAAUR,OXA,INPAT,768,2014|NO|STAAUR|OXA|INPAT,,779,0.0141206675224647,0.0082856548351019,0.0058350126873627,0.0224063223575666,Oxacillin,J01C,S. aureus,STAAUR|Norway|OXA,11,pays_dans_perimetre
2014,Norway,STRPNE,CTX,INPAT,339,2014|NO|STRPNE|CTX|INPAT,,341,0.0058651026392961,0.008104744899803,-0.0022396422605068,0.0139698475390992,Cefotaxime,J01D,S. pneumoniae,STRPNE|Norway|CTX,2,pays_dans_perimetre
2014,Norway,STRPNE,ERY,INPAT,346,2014|NO|STRPNE|ERY|INPAT,,376,0.0797872340425532,0.0273887984879878,0.0523984355545653,0.107176032530541,Erythromycin,J01F,S. pneumoniae,STRPNE|Norway|ERY,30,pays_dans_perimetre
2014,Norway,STRPNE,PEN,INPAT,392,2014|NO|STRPNE|PEN|INPAT,,415,0.0554216867469879,0.0220135902162226,0.0334080965307653,0.0774352769632106,Penicillin,J01C,S. pneumoniae,STRPNE|Norway|PEN,23,pays_dans_perimetre
2014,Poland,ACISPP,AMK,INPAT,72,2014|PL|ACISPP|AMK|INPAT,,140,0.485714285714286,0.0827913038911696,0.402922981823116,0.568505589605455,Amikacin,J01G,Acinetobaccter spp.,ACISPP|Poland|AMK,68,pays_dans_perimetre
2014,Poland,ACISPP,CIP,INPAT,30,2014|PL|ACISPP|CIP|INPAT,,179,0.832402234636871,0.0547180089917277,0.777684225645144,0.887120243628599,Ciprofloxacin,J01M,Acinetobaccter spp.,ACISPP|Poland|CIP,149,pays_dans_perimetre
2014,Poland,ACISPP,GEN,INPAT,95,2014|PL|ACISPP|GEN|INPAT,,174,0.454022988505747,0.0739788451096198,0.380044143396127,0.528001833615367,Gentamicin,J01G,Acinetobaccter spp.,ACISPP|Poland|GEN,79,pays_dans_perimetre
2014,Poland,ACISPP,IPM,INPAT,73,2014|PL|ACISPP|IPM|INPAT,,180,0.594444444444444,0.0717299672592832,0.522714477185161,0.666174411703728,Imipenem,J01D,Acinetobaccter spp.,ACISPP|Poland|IPM,107,pays_dans_perimetre
2014,Poland,ACISPP,LVX,INPAT,17,2014|PL|ACISPP|LVX|INPAT,,114,0.850877192982456,0.0653896664686562,0.7854875265138,0.916266859451112,Levofloxacin,J01M,Acinetobaccter spp.,ACISPP|Poland|LVX,97,pays_dans_perimetre
2014,Poland,ACISPP,MEM,INPAT,57,2014|PL|ACISPP|MEM|INPAT,,161,0.645962732919255,0.073870553782949,0.572092179136306,0.719833286702204,Meropenem,J01D,Acinetobaccter spp.,ACISPP|Poland|MEM,104,pays_dans_perimetre
2014,Poland,ACISPP,NET,INPAT,26,2014|PL|ACISPP|NET|INPAT,,80,0.675,0.102637164321702,0.572362835678298,0.777637164321702,Netilmicin,J01G,Acinetobaccter spp.,ACISPP|Poland|NET,54,pays_dans_perimetre
2014,Poland,ACISPP,TOB,INPAT,52,2014|PL|ACISPP|TOB|INPAT,,120,0.566666666666667,0.0886625730049148,0.478004093661752,0.655329239671582,Tobramycin,J01G,Acinetobaccter spp.,ACISPP|Poland|TOB,68,pays_dans_perimetre
2014,Poland,ENCFAI,LNZ,INPAT,150,2014|PL|ENCFAI|LNZ|INPAT,,150,0.0,0.0,0.0,0.0,Linezolid,J01X,E. faecium,ENCFAI|Poland|LNZ,0,pays_dans_perimetre
2014,Poland,ESCCOL,AMC,INPAT,472,2014|PL|ESCCOL|AMC|INPAT,,640,0.2625,0.0340888029178937,0.228411197082106,0.296588802917894,Amoxicillin + clavulanic acid,J01C,E. coli,ESCCOL|Poland|AMC,168,pays_dans_perimetre
2014,Poland,ESCCOL,AMP,INPAT,102,2014|PL|ESCCOL|AMP|INPAT,,263,0.612167300380228,0.0588891753182119,0.553278125062016,0.67105647569844,Ampicillin,J01C,E. coli,ESCCOL|Poland|AMP,161,pays_dans_perimetre
2014,Poland,ESCCOL,CAZ,INPAT,794,2014|PL|ESCCOL|CAZ|INPAT,,876,0.0936073059360731,0.019289327623237,0.0743179783128361,0.11289663355931,Ceftazidime,J01D,E. coli,ESCCOL|Poland|CAZ,82,pays_dans_perimetre
2014,Poland,ESCCOL,CIP,INPAT,713,2014|PL|ESCCOL|CIP|INPAT,,1031,0.308438409311348,0.0281920332113963,0.280246376099952,0.336630442522744,Ciprofloxacin,J01M,E. coli,ESCCOL|Poland|CIP,318,pays_dans_perimetre
2014,Poland,ESCCOL,CTX,INPAT,890,2014|PL|ESCCOL|CTX|INPAT,,1000,0.11,0.0193931080541516,0.0906068919458484,0.129393108054152,Cefotaxime,J01D,E. coli,ESCCOL|Poland|CTX,110,pays_dans_perimetre
2014,Poland,ESCCOL,ETP,INPAT,72,2014|PL|ESCCOL|ETP|INPAT,,72,0.0,0.0,0.0,0.0,Ertapenem,J01D,E. coli,ESCCOL|Poland|ETP,0,pays_dans_perimetre
2014,Poland,ESCCOL,GEN,INPAT,955,2014|PL|ESCCOL|GEN|INPAT,,1043,0.0843720038350911,0.0168683510489743,0.0675036527861167,0.101240354884065,Gentamicin,J01G,E. coli,ESCCOL|Poland|GEN,88,pays_dans_perimetre
2014,Poland,ESCCOL,MEM,INPAT,940,2014|PL|ESCCOL|MEM|INPAT,,941,0.0010626992561105,0.0020817835046717,-0.0010190842485612,0.0031444827607822,Meropenem,J01D,E. coli,ESCCOL|Poland|MEM,1,pays_dans_perimetre
2014,Poland,ESCCOL,NET,INPAT,106,2014|PL|ESCCOL|NET|INPAT,,109,0.0275229357798165,0.0307135406315655,-0.0031906048517489,0.058236476411382,Netilmicin,J01G,E. coli,ESCCOL|Poland|NET,3,pays_dans_perimetre
2014,Poland,ESCCOL,PIP,INPAT,86,2014|PL|ESCCOL|PIP|INPAT,,216,0.601851851851852,0.0652824352111773,0.536569416640675,0.667134287063029,Piperacillin,J01C,E. coli,ESCCOL|Poland|PIP,130,pays_dans_perimetre
2014,Poland,ESCCOL,TZP,INPAT,788,2014|PL|ESCCOL|TZP|INPAT,,881,0.105561861520999,0.0202906888772433,0.0852711726437556,0.125852550398242,Piperacillin + Tazobactam,J01C,E. coli,ESCCOL|Poland|TZP,93,pays_dans_perimetre
2014,Poland,KLEPNE,AMC,INPAT,67,2014|PL|KLEPNE|AMC|INPAT,,240,0.720833333333333,0.0567544163316666,0.664078917001667,0.777587749665,Amoxicillin + clavulanic acid,J01C,K. pneumoniae,KLEPNE|Poland|AMC,173,pays_dans_perimetre
2014,Poland,KLEPNE,COL,INPAT,219,2014|PL|KLEPNE|COL|INPAT,,232,0.0560344827586207,0.0295949647885241,0.0264395179700966,0.0856294475471448,Colistin,J01X,K. pneumoniae,KLEPNE|Poland|COL,13,pays_dans_perimetre
2014,Poland,KLEPNE,CRO,INPAT,6,2014|PL|KLEPNE|CRO|INPAT,,39,0.846153846153846,0.113237886749975,0.732915959403872,0.959391732903821,Ceftriaxone,J01D,K. pneumoniae,KLEPNE|Poland|CRO,33,pays_dans_perimetre
2014,Poland,KLEPNE,MEM,INPAT,403,2014|PL|KLEPNE|MEM|INPAT,,408,0.0122549019607843,0.0106758718489096,0.0015790301118747,0.0229307738096939,Meropenem,J01D,K. pneumoniae,KLEPNE|Poland|MEM,5,pays_dans_perimetre
2014,Poland,KLEPNE,TZP,INPAT,118,2014|PL|KLEPNE|TZP|INPAT,,370,0.681081081081081,0.047489189694288,0.633591891386793,0.728570270775369,Piperacillin + Tazobactam,J01C,K. pneumoniae,KLEPNE|Poland|TZP,252,pays_dans_perimetre
2014,Poland,PSEAER,COL,INPAT,132,2014|PL|PSEAER|COL|INPAT,,133,0.0075187969924812,0.0146813359114033,-0.0071625389189221,0.0222001329038845,Colistin,J01X,P. aeruginosa,PSEAER|Poland|COL,1,pays_dans_perimetre
2014,Poland,STAAUR,CIP,INPAT,469,2014|PL|STAAUR|CIP|INPAT,,551,0.148820326678766,0.0297181671201274,0.119102159558639,0.178538493798893,Ciprofloxacin,J01M,S. aureus,STAAUR|Poland|CIP,82,pays_dans_perimetre
2014,Poland,STAAUR,TEC,INPAT,416,2014|PL|STAAUR|TEC|INPAT,,416,0.0,0.0,0.0,0.0,Teicoplanin,J01X,S. aureus,STAAUR|Poland|TEC,0,pays_dans_perimetre
2014,Romania,ACISPP,CIP,INPAT,18,2014|RO|ACISPP|CIP|INPAT,,120,0.85,0.063888183570986,0.786111816429014,0.913888183570986,Ciprofloxacin,J01M,Acinetobaccter spp.,ACISPP|Romania|CIP,102,pays_dans_perimetre
2014,Romania,ACISPP,GEN,INPAT,22,2014|RO|ACISPP|GEN|INPAT,,120,0.816666666666667,0.0692322714303626,0.747434395236304,0.885898938097029,Gentamicin,J01G,Acinetobaccter spp.,ACISPP|Romania|GEN,98,pays_dans_perimetre
2014,Romania,ACISPP,IPM,INPAT,21,2014|RO|ACISPP|IPM|INPAT,,121,0.826446280991736,0.0674819561390943,0.758964324852641,0.89392823713083,Imipenem,J01D,Acinetobaccter spp.,ACISPP|Romania|IPM,100,pays_dans_perimetre
2014,Romania,ACISPP,LVX,INPAT,8,2014|RO|ACISPP|LVX|INPAT,,46,0.826086956521739,0.109535807857184,0.716551148664555,0.935622764378923,Levofloxacin,J01M,Acinetobaccter spp.,ACISPP|Romania|LVX,38,pays_dans_perimetre
2014,Romania,ACISPP,MEM,INPAT,18,2014|RO|ACISPP|MEM|INPAT,,85,0.788235294117647,0.086856302363903,0.701378991753744,0.87509159648155,Meropenem,J01D,Acinetobaccter spp.,ACISPP|Romania|MEM,67,pays_dans_perimetre
2014,Romania,ESCCOL,LVX,INPAT,91,2014|RO|ESCCOL|LVX|INPAT,,130,0.3,0.078776021341913,0.221223978658087,0.378776021341913,Levofloxacin,J01M,E. coli,ESCCOL|Romania|LVX,39,pays_dans_perimetre
2014,Romania,KLEPNE,LVX,INPAT,32,2014|RO|KLEPNE|LVX|INPAT,,88,0.636363636363636,0.100508100603893,0.535855535759743,0.736871736967529,Levofloxacin,J01M,K. pneumoniae,KLEPNE|Romania|LVX,56,pays_dans_perimetre
2014,Romania,KLEPNE,MEM,INPAT,150,2014|RO|KLEPNE|MEM|INPAT,,236,0.364406779661017,0.0614020572235302,0.303004722437487,0.425808836884547,Meropenem,J01D,K. pneumoniae,KLEPNE|Romania|MEM,86,pays_dans_perimetre
2014,Sweden,ENCFAE,AMP,INPAT,58,2014|SE|ENCFAE|AMP|INPAT,,58,0.0,0.0,0.0,0.0,Ampicillin,J01C,E. faecalis,ENCFAE|Sweden|AMP,0,pays_dans_perimetre
2014,Sweden,ENCFAE,GEH,INPAT,126,2014|SE|ENCFAE|GEH|INPAT,,190,0.336842105263158,0.0672048984947399,0.269637206768418,0.404047003757898,Gentamicin High,J01G,E. faecalis,ENCFAE|Sweden|GEH,64,pays_dans_perimetre
2014,Sweden,ENCFAE,LNZ,INPAT,127,2014|SE|ENCFAE|LNZ|INPAT,,131,0.0305343511450382,0.0294632726037892,0.0010710785412489,0.0599976237488274,Linezolid,J01X,E. faecalis,ENCFAE|Sweden|LNZ,4,pays_dans_perimetre
2014,Sweden,ENCFAI,AMP,INPAT,8,2014|SE|ENCFAI|AMP|INPAT,,41,0.804878048780488,0.121305990887016,0.683572057893472,0.926184039667504,Ampicillin,J01C,E. faecium,ENCFAI|Sweden|AMP,33,pays_dans_perimetre
2014,Sweden,ENCFAI,VAN,INPAT,135,2014|SE|ENCFAI|VAN|INPAT,,135,0.0,0.0,0.0,0.0,Vancomycin,J01X,E. faecium,ENCFAI|Sweden|VAN,0,pays_dans_perimetre
2014,Sweden,ESCCOL,GEN,INPAT,340,2014|SE|ESCCOL|GEN|INPAT,,367,0.0735694822888283,0.0267102723052468,0.0468592099835816,0.100279754594075,Gentamicin,J01G,E. coli,ESCCOL|Sweden|GEN,27,pays_dans_perimetre
2014,Sweden,KLEPNE,GEN,INPAT,40,2014|SE|KLEPNE|GEN|INPAT,,46,0.130434782608696,0.0973251192879578,0.0331096633207378,0.227759901896653,Gentamicin,J01G,K. pneumoniae,KLEPNE|Sweden|GEN,6,pays_dans_perimetre
2014,Sweden,KLEPNE,TOB,INPAT,82,2014|SE|KLEPNE|TOB|INPAT,,85,0.0352941176470588,0.0392279159707796,-0.0039337983237207,0.0745220336178384,Tobramycin,J01G,K. pneumoniae,KLEPNE|Sweden|TOB,3,pays_dans_perimetre
2014,Sweden,KLEPNE,TZP,INPAT,42,2014|SE|KLEPNE|TZP|INPAT,,46,0.0869565217391304,0.0814280368858949,0.0055284848532355,0.168384558625025,Piperacillin + Tazobactam,J01C,K. pneumoniae,KLEPNE|Sweden|TZP,4,pays_dans_perimetre
2014,Sweden,PSEAER,CAZ,INPAT,77,2014|SE|PSEAER|CAZ|INPAT,,86,0.104651162790698,0.0646956397507553,0.0399555230399424,0.169346802541453,Ceftazidime,J01D,P. aeruginosa,PSEAER|Sweden|CAZ,9,pays_dans_perimetre
2014,Sweden,PSEAER,CIP,INPAT,76,2014|SE|PSEAER|CIP|INPAT,,84,0.0952380952380952,0.0627753195192246,0.0324627757188706,0.15801341475732,Ciprofloxacin,J01M,P. aeruginosa,PSEAER|Sweden|CIP,8,pays_dans_perimetre
2014,Sweden,PSEAER,IPM,INPAT,80,2014|SE|PSEAER|IPM|INPAT,,86,0.0697674418604651,0.0538429706748136,0.0159244711856515,0.123610412535279,Imipenem,J01D,P. aeruginosa,PSEAER|Sweden|IPM,6,pays_dans_perimetre
2014,Sweden,STAAUR,RIF,INPAT,706,2014|SE|STAAUR|RIF|INPAT,,708,0.0028248587570621,0.0039095208460105,-0.0010846620889484,0.0067343796030727,Rifampicin,J04A,S. aureus,STAAUR|Sweden|RIF,2,pays_dans_perimetre
2015,Bulgaria,ACISPP,CIP,INPAT,28,2015|BG|ACISPP|CIP|INPAT,,131,0.786259541984733,0.0702015588499705,0.716057983134762,0.856461100834703,Ciprofloxacin,J01M,Acinetobaccter spp.,ACISPP|Bulgaria|CIP,103,pays_dans_perimetre
2015,Bulgaria,ACISPP,GEN,INPAT,27,2015|BG|ACISPP|GEN|INPAT,,109,0.752293577981651,0.0810410637035554,0.671252514278096,0.833334641685207,Gentamicin,J01G,Acinetobaccter spp.,ACISPP|Bulgaria|GEN,82,pays_dans_perimetre
2015,Bulgaria,ACISPP,IPM,INPAT,30,2015|BG|ACISPP|IPM|INPAT,,108,0.722222222222222,0.0844750323635405,0.637747189858682,0.806697254585763,Imipenem,J01D,Acinetobaccter spp.,ACISPP|Bulgaria|IPM,78,pays_dans_perimetre
2015,Bulgaria,ACISPP,MEM,INPAT,28,2015|BG|ACISPP|MEM|INPAT,,124,0.774193548387097,0.073593282753862,0.700600265633235,0.847786831140959,Meropenem,J01D,Acinetobaccter spp.,ACISPP|Bulgaria|MEM,96,pays_dans_perimetre
2015,Bulgaria,ACISPP,TOB,INPAT,30,2015|BG|ACISPP|TOB|INPAT,,60,0.5,0.126517455976109,0.373482544023891,0.626517455976109,Tobramycin,J01G,Acinetobaccter spp.,ACISPP|Bulgaria|TOB,30,pays_dans_perimetre
2015,Bulgaria,ESCCOL,AMK,INPAT,190,2015|BG|ESCCOL|AMK|INPAT,,195,0.0256410256410256,0.0221853332621425,0.0034556923788831,0.0478263589031681,Amikacin,J01G,E. coli,ESCCOL|Bulgaria|AMK,5,pays_dans_perimetre
2015,Bulgaria,ESCCOL,AMP,INPAT,46,2015|BG|ESCCOL|AMP|INPAT,,142,0.676056338028169,0.0769729421771314,0.599083395851038,0.7530292802053,Ampicillin,J01C,E. coli,ESCCOL|Bulgaria|AMP,96,pays_dans_perimetre
2015,Bulgaria,ESCCOL,CAZ,INPAT,114,2015|BG|ESCCOL|CAZ|INPAT,,174,0.344827586206897,0.0706252909222393,0.274202295284657,0.415452877129136,Ceftazidime,J01D,E. coli,ESCCOL|Bulgaria|CAZ,60,pays_dans_perimetre
2015,Bulgaria,ESCCOL,CIP,INPAT,126,2015|BG|ESCCOL|CIP|INPAT,,200,0.37,0.0669132632592373,0.303086736740763,0.436913263259237,Ciprofloxacin,J01M,E. coli,ESCCOL|Bulgaria|CIP,74,pays_dans_perimetre
2015,Bulgaria,ESCCOL,CRO,INPAT,81,2015|BG|ESCCOL|CRO|INPAT,,136,0.404411764705882,0.0824843512534938,0.321927413452389,0.486896115959376,Ceftriaxone,J01D,E. coli,ESCCOL|Bulgaria|CRO,55,pays_dans_perimetre
2015,Bulgaria,ESCCOL,CTX,INPAT,68,2015|BG|ESCCOL|CTX|INPAT,,117,0.418803418803419,0.0893984059667806,0.329405012836638,0.508201824770199,Cefotaxime,J01D,E. coli,ESCCOL|Bulgaria|CTX,49,pays_dans_perimetre
2015,Bulgaria,ESCCOL,GEN,INPAT,135,2015|BG|ESCCOL|GEN|INPAT,,178,0.241573033707865,0.0628821207097565,0.178690912998109,0.304455154417622,Gentamicin,J01G,E. coli,ESCCOL|Bulgaria|GEN,43,pays_dans_perimetre
2015,Bulgaria,STAAUR,CIP,INPAT,174,2015|BG|STAAUR|CIP|INPAT,,207,0.159420289855072,0.0498691708238383,0.109551119031234,0.209289460678911,Ciprofloxacin,J01M,S. aureus,STAAUR|Bulgaria|CIP,33,pays_dans_perimetre
2015,Bulgaria,STAAUR,RIF,INPAT,123,2015|BG|STAAUR|RIF|INPAT,,132,0.0681818181818182,0.0430000524172797,0.0251817657645384,0.111181870599098,Rifampicin,J04A,S. aureus,STAAUR|Bulgaria|RIF,9,pays_dans_perimetre
2015,Cyprus,ESCCOL,AMC,INPAT,80,2015|CY|ESCCOL|AMC|INPAT,,112,0.285714285714286,0.0836660026534076,0.202048283060878,0.369380288367693,Amoxicillin + clavulanic acid,J01C,E. coli,ESCCOL|Cyprus|AMC,32,pays_dans_perimetre
2015,Cyprus,ESCCOL,NOR,INPAT,22,2015|CY|ESCCOL|NOR|INPAT,,47,0.531914893617021,0.142656192729717,0.389258700887304,0.674571086346738,Norfloxacin,J01M,E. coli,ESCCOL|Cyprus|NOR,25,pays_dans_perimetre
2015,Cyprus,ESCCOL,TZP,INPAT,107,2015|CY|ESCCOL|TZP|INPAT,,115,0.0695652173913043,0.0464992762404447,0.0230659411508597,0.116064493631749,Piperacillin + Tazobactam,J01C,E. coli,ESCCOL|Cyprus|TZP,8,pays_dans_perimetre
2015,Cyprus,KLEPNE,AMC,INPAT,29,2015|CY|KLEPNE|AMC|INPAT,,57,0.491228070175439,0.12978419343612,0.361443876739318,0.621012263611559,Amoxicillin + clavulanic acid,J01C,K. pneumoniae,KLEPNE|Cyprus|AMC,28,pays_dans_perimetre
2015,Cyprus,KLEPNE,TZP,INPAT,35,2015|CY|KLEPNE|TZP|INPAT,,58,0.396551724137931,0.12589602591137,0.270655698226561,0.522447750049301,Piperacillin + Tazobactam,J01C,K. pneumoniae,KLEPNE|Cyprus|TZP,23,pays_dans_perimetre
2015,Cyprus,PSEAER,FEP,INPAT,37,2015|CY|PSEAER|FEP|INPAT,,42,0.119047619047619,0.0979417816490623,0.0211058373985568,0.216989400696681,Cefepime,J01D,P. aeruginosa,PSEAER|Cyprus|FEP,5,pays_dans_perimetre
2015,Cyprus,STAAUR,LVX,INPAT,37,2015|CY|STAAUR|LVX|INPAT,,59,0.372881355932203,0.123392924187235,0.249488431744968,0.496274280119439,Levofloxacin,J01M,S. aureus,STAAUR|Cyprus|LVX,22,pays_dans_perimetre
2015,Denmark,ENCFAE,AMP,INPAT,308,2015|DK|ENCFAE|AMP|INPAT,,309,0.0032362459546925,0.0063327699315482,-0.0030965239768557,0.0095690158862408,Ampicillin,J01C,E. faecalis,ENCFAE|Denmark|AMP,1,pays_dans_perimetre
2015,Denmark,ENCFAE,VAN,INPAT,264,2015|DK|ENCFAE|VAN|INPAT,,264,0.0,0.0,0.0,0.0,Vancomycin,J01X,E. faecalis,ENCFAE|Denmark|VAN,0,pays_dans_perimetre
2015,Denmark,ENCFAI,AMP,INPAT,16,2015|DK|ENCFAI|AMP|INPAT,,432,0.962962962962963,0.0178089005123483,0.945154062450615,0.980771863475311,Ampicillin,J01C,E. faecium,ENCFAI|Denmark|AMP,416,pays_dans_perimetre
2015,Denmark,ENCFAI,VAN,INPAT,445,2015|DK|ENCFAI|VAN|INPAT,,460,0.0326086956521739,0.0162309880817619,0.016377707570412,0.0488396837339359,Vancomycin,J01X,E. faecium,ENCFAI|Denmark|VAN,15,pays_dans_perimetre
2015,Denmark,ESCCOL,AMP,INPAT,919,2015|DK|ESCCOL|AMP|INPAT,,2001,0.540729635182409,0.0218351824167386,0.51889445276567,0.562564817599147,Ampicillin,J01C,E. coli,ESCCOL|Denmark|AMP,1082,pays_dans_perimetre
2015,Denmark,ESCCOL,CAZ,INPAT,1448,2015|DK|ESCCOL|CAZ|INPAT,,1571,0.0782940802036919,0.0132839927666736,0.0650100874370183,0.0915780729703655,Ceftazidime,J01D,E. coli,ESCCOL|Denmark|CAZ,123,pays_dans_perimetre
2015,Denmark,ESCCOL,CIP,INPAT,1683,2015|DK|ESCCOL|CIP|INPAT,,2001,0.158920539730135,0.0160192085866009,0.142901331143534,0.174939748316736,Ciprofloxacin,J01M,E. coli,ESCCOL|Denmark|CIP,318,pays_dans_perimetre
2015,Denmark,ESCCOL,CRO,INPAT,388,2015|DK|ESCCOL|CRO|INPAT,,438,0.114155251141553,0.0297814453159394,0.0843738058256131,0.143936696457492,Ceftriaxone,J01D,E. coli,ESCCOL|Denmark|CRO,50,pays_dans_perimetre
2015,Denmark,ESCCOL,CTX,INPAT,684,2015|DK|ESCCOL|CTX|INPAT,,758,0.0976253298153034,0.0211298383042741,0.0764954915110293,0.118755168119578,Cefotaxime,J01D,E. coli,ESCCOL|Denmark|CTX,74,pays_dans_perimetre
2015,Denmark,ESCCOL,GEN,INPAT,1699,2015|DK|ESCCOL|GEN|INPAT,,1823,0.068019747668678,0.0115580242250093,0.0564617234436687,0.0795777718936873,Gentamicin,J01G,E. coli,ESCCOL|Denmark|GEN,124,pays_dans_perimetre
2015,Denmark,ESCCOL,MEM,INPAT,1827,2015|DK|ESCCOL|MEM|INPAT,,1829,0.0010934937124111,0.0015146761414762,-0.0004211824290651,0.0026081698538874,Meropenem,J01D,E. coli,ESCCOL|Denmark|MEM,2,pays_dans_perimetre
2015,Denmark,KLEPNE,CAZ,INPAT,322,2015|DK|KLEPNE|CAZ|INPAT,,366,0.120218579234973,0.0333187513415766,0.086899827893396,0.153537330576549,Ceftazidime,J01D,K. pneumoniae,KLEPNE|Denmark|CAZ,44,pays_dans_perimetre
2015,Denmark,KLEPNE,CIP,INPAT,435,2015|DK|KLEPNE|CIP|INPAT,,473,0.080338266384778,0.0244963166368248,0.0558419497479532,0.104834583021603,Ciprofloxacin,J01M,K. pneumoniae,KLEPNE|Denmark|CIP,38,pays_dans_perimetre
2015,Denmark,KLEPNE,CRO,INPAT,101,2015|DK|KLEPNE|CRO|INPAT,,109,0.073394495412844,0.0489578125130003,0.0244366828998437,0.122352307925844,Ceftriaxone,J01D,K. pneumoniae,KLEPNE|Denmark|CRO,8,pays_dans_perimetre
2015,Denmark,KLEPNE,CTX,INPAT,158,2015|DK|KLEPNE|CTX|INPAT,,182,0.131868131868132,0.0491567490878213,0.0827113827803106,0.181024880955953,Cefotaxime,J01D,K. pneumoniae,KLEPNE|Denmark|CTX,24,pays_dans_perimetre
2015,Denmark,KLEPNE,GEN,INPAT,420,2015|DK|KLEPNE|GEN|INPAT,,432,0.0277777777777778,0.0154969317139512,0.0122808460638265,0.043274709491729,Gentamicin,J01G,K. pneumoniae,KLEPNE|Denmark|GEN,12,pays_dans_perimetre
2015,Denmark,KLEPNE,MEM,INPAT,431,2015|DK|KLEPNE|MEM|INPAT,,433,0.0046189376443418,0.0063867197508045,-0.0017677821064627,0.0110056573951463,Meropenem,J01D,K. pneumoniae,KLEPNE|Denmark|MEM,2,pays_dans_perimetre
2015,Denmark,PSEAER,CAZ,INPAT,212,2015|DK|PSEAER|CAZ|INPAT,,222,0.045045045045045,0.0272831518479357,0.0177618931971093,0.0723281968929808,Ceftazidime,J01D,P. aeruginosa,PSEAER|Denmark|CAZ,10,pays_dans_perimetre
2015,Denmark,PSEAER,CIP,INPAT,210,2015|DK|PSEAER|CIP|INPAT,,221,0.0497737556561086,0.0286730340718418,0.0211007215842668,0.0784467897279504,Ciprofloxacin,J01M,P. aeruginosa,PSEAER|Denmark|CIP,11,pays_dans_perimetre
2015,Denmark,PSEAER,GEN,INPAT,206,2015|DK|PSEAER|GEN|INPAT,,209,0.0143540669856459,0.0161261568542263,-0.0017720898685803,0.0304802238398722,Gentamicin,J01G,P. aeruginosa,PSEAER|Denmark|GEN,3,pays_dans_perimetre
2015,Denmark,PSEAER,MEM,INPAT,205,2015|DK|PSEAER|MEM|INPAT,,220,0.0681818181818182,0.0333076973796341,0.0348741208021841,0.101489515561452,Meropenem,J01D,P. aeruginosa,PSEAER|Denmark|MEM,15,pays_dans_perimetre
2015,Denmark,PSEAER,TZP,INPAT,215,2015|DK|PSEAER|TZP|INPAT,,224,0.0401785714285714,0.0257172501081473,0.0144613213204242,0.0658958215367187,Piperacillin + Tazobactam,J01C,P. aeruginosa,PSEAER|Denmark|TZP,9,pays_dans_perimetre
2015,Estonia,ESCCOL,CAZ,INPAT,133,2015|EE|ESCCOL|CAZ|INPAT,,153,0.130718954248366,0.0534145708456331,0.0773043834027329,0.184133525093999,Ceftazidime,J01D,E. coli,ESCCOL|Estonia|CAZ,20,pays_dans_perimetre
2015,Estonia,ESCCOL,FEP,INPAT,71,2015|EE|ESCCOL|FEP|INPAT,,76,0.0657894736842105,0.0557378046942898,0.0100516689899207,0.1215272783785,Cefepime,J01D,E. coli,ESCCOL|Estonia|FEP,5,pays_dans_perimetre
2015,Estonia,KLEPNE,CIP,INPAT,36,2015|EE|KLEPNE|CIP|INPAT,,58,0.379310344827586,0.124875336581464,0.254435008246122,0.504185681409051,Ciprofloxacin,J01M,K. pneumoniae,KLEPNE|Estonia|CIP,22,pays_dans_perimetre
2015,Estonia,KLEPNE,GEN,INPAT,44,2015|EE|KLEPNE|GEN|INPAT,,57,0.228070175438596,0.108928569983785,0.119141605454812,0.336998745422381,Gentamicin,J01G,K. pneumoniae,KLEPNE|Estonia|GEN,13,pays_dans_perimetre
2015,Estonia,STAAUR,CIP,INPAT,122,2015|EE|STAAUR|CIP|INPAT,,125,0.024,0.0268306747436586,-0.0028306747436586,0.0508306747436586,Ciprofloxacin,J01M,S. aureus,STAAUR|Estonia|CIP,3,pays_dans_perimetre
2015,Finland,ESCCOL,AMP,INPAT,424,2015|FI|ESCCOL|AMP|INPAT,,649,0.346687211093991,0.0366153519953657,0.310071859098625,0.383302563089356,Ampicillin,J01C,E. coli,ESCCOL|Finland|AMP,225,pays_dans_perimetre
2015,Finland,ESCCOL,CAZ,INPAT,797,2015|FI|ESCCOL|CAZ|INPAT,,848,0.0601415094339623,0.0160020838485562,0.0441394255854061,0.0761435932825184,Ceftazidime,J01D,E. coli,ESCCOL|Finland|CAZ,51,pays_dans_perimetre
2015,Finland,ESCCOL,CIP,INPAT,646,2015|FI|ESCCOL|CIP|INPAT,,750,0.138666666666667,0.0247341565313741,0.113932510135293,0.163400823198041,Ciprofloxacin,J01M,E. coli,ESCCOL|Finland|CIP,104,pays_dans_perimetre
2015,Finland,ESCCOL,CRO,INPAT,789,2015|FI|ESCCOL|CRO|INPAT,,838,0.058472553699284,0.0158864399334158,0.0425861137658682,0.0743589936326998,Ceftriaxone,J01D,E. coli,ESCCOL|Finland|CRO,49,pays_dans_perimetre
2015,Finland,ESCCOL,NET,INPAT,115,2015|FI|ESCCOL|NET|INPAT,,123,0.0650406504065041,0.0435805109641579,0.0214601394423462,0.108621161370662,Netilmicin,J01G,E. coli,ESCCOL|Finland|NET,8,pays_dans_perimetre
2015,Finland,ESCCOL,TOB,INPAT,782,2015|FI|ESCCOL|TOB|INPAT,,858,0.0885780885780886,0.0190123286187328,0.0695657599593558,0.107590417196821,Tobramycin,J01G,E. coli,ESCCOL|Finland|TOB,76,pays_dans_perimetre
2015,Finland,KLEPNE,CAZ,INPAT,116,2015|FI|KLEPNE|CAZ|INPAT,,128,0.09375,0.0504964368715135,0.0432535631284865,0.144246436871514,Ceftazidime,J01D,K. pneumoniae,KLEPNE|Finland|CAZ,12,pays_dans_perimetre
2015,Finland,KLEPNE,CIP,INPAT,104,2015|FI|KLEPNE|CIP|INPAT,,117,0.111111111111111,0.0569463147956801,0.054164796315431,0.168057425906791,Ciprofloxacin,J01M,K. pneumoniae,KLEPNE|Finland|CIP,13,pays_dans_perimetre
2015,Finland,KLEPNE,TOB,INPAT,121,2015|FI|KLEPNE|TOB|INPAT,,134,0.0970149253731343,0.0501144807787403,0.046900444594394,0.147129406151875,Tobramycin,J01G,K. pneumoniae,KLEPNE|Finland|TOB,13,pays_dans_perimetre
2015,Ireland,ENCFAE,AMP,INPAT,71,2015|IE|ENCFAE|AMP|INPAT,,72,0.0138888888888889,0.0270325180140202,-0.0131436291251313,0.0409214069029091,Ampicillin,J01C,E. faecalis,ENCFAE|Ireland|AMP,1,pays_dans_perimetre
2015,Ireland,ENCFAE,VAN,INPAT,96,2015|IE|ENCFAE|VAN|INPAT,,98,0.0204081632653061,0.0279941684889506,-0.0075860052236444,0.0484023317542567,Vancomycin,J01X,E. faecalis,ENCFAE|Ireland|VAN,2,pays_dans_perimetre
2015,Ireland,ENCFAI,AMP,INPAT,4,2015|IE|ENCFAI|AMP|INPAT,,71,0.943661971830986,0.0536334760833485,0.890028495747637,0.997295447914334,Ampicillin,J01C,E. faecium,ENCFAI|Ireland|AMP,67,pays_dans_perimetre
2015,Ireland,ENCFAI,VAN,INPAT,67,2015|IE|ENCFAI|VAN|INPAT,,131,0.488549618320611,0.0856005423333972,0.402949075987213,0.574150160654008,Vancomycin,J01X,E. faecium,ENCFAI|Ireland|VAN,64,pays_dans_perimetre
2015,Ireland,ESCCOL,AMC,INPAT,280,2015|IE|ESCCOL|AMC|INPAT,,544,0.485294117647059,0.0419989759187179,0.443295141728341,0.527293093565777,Amoxicillin + clavulanic acid,J01C,E. coli,ESCCOL|Ireland|AMC,264,pays_dans_perimetre
2015,Ireland,ESCCOL,AMK,INPAT,573,2015|IE|ESCCOL|AMK|INPAT,,591,0.0304568527918782,0.0138544220521972,0.016602430739681,0.0443112748440754,Amikacin,J01G,E. coli,ESCCOL|Ireland|AMK,18,pays_dans_perimetre
2015,Ireland,ESCCOL,AMP,INPAT,162,2015|IE|ESCCOL|AMP|INPAT,,515,0.685436893203883,0.0401042212684387,0.645332671935445,0.725541114472322,Ampicillin,J01C,E. coli,ESCCOL|Ireland|AMP,353,pays_dans_perimetre
2015,Ireland,ESCCOL,CAZ,INPAT,503,2015|IE|ESCCOL|CAZ|INPAT,,555,0.0936936936936937,0.0242438875531087,0.069449806140585,0.117937581246802,Ceftazidime,J01D,E. coli,ESCCOL|Ireland|CAZ,52,pays_dans_perimetre
2015,Ireland,ESCCOL,CIP,INPAT,574,2015|IE|ESCCOL|CIP|INPAT,,751,0.235685752330226,0.0303555946737119,0.205330157656514,0.266041347003938,Ciprofloxacin,J01M,E. coli,ESCCOL|Ireland|CIP,177,pays_dans_perimetre
2015,Ireland,ESCCOL,CRO,INPAT,154,2015|IE|ESCCOL|CRO|INPAT,,178,0.134831460674157,0.0501755393081242,0.0846559213660331,0.185006999982282,Ceftriaxone,J01D,E. coli,ESCCOL|Ireland|CRO,24,pays_dans_perimetre
2015,Ireland,ESCCOL,CTX,INPAT,515,2015|IE|ESCCOL|CTX|INPAT,,584,0.118150684931507,0.0261797177845498,0.091970967146957,0.144330402716057,Cefotaxime,J01D,E. coli,ESCCOL|Ireland|CTX,69,pays_dans_perimetre
2015,Ireland,ESCCOL,ETP,INPAT,513,2015|IE|ESCCOL|ETP|INPAT,,516,0.005813953488372,0.0065599545260123,-0.0007460010376402,0.0123739080143844,Ertapenem,J01D,E. coli,ESCCOL|Ireland|ETP,3,pays_dans_perimetre
2015,Ireland,ESCCOL,GEN,INPAT,670,2015|IE|ESCCOL|GEN|INPAT,,750,0.106666666666667,0.0220925868579049,0.0845740798087617,0.128759253524572,Gentamicin,J01G,E. coli,ESCCOL|Ireland|GEN,80,pays_dans_perimetre
2015,Ireland,KLEPNE,AMC,INPAT,53,2015|IE|KLEPNE|AMC|INPAT,,90,0.411111111111111,0.101655552249521,0.309455558861591,0.512766663360632,Amoxicillin + clavulanic acid,J01C,K. pneumoniae,KLEPNE|Ireland|AMC,37,pays_dans_perimetre
2015,Ireland,STAAUR,OXA,INPAT,175,2015|IE|STAAUR|OXA|INPAT,,218,0.197247706422018,0.0528231849297073,0.144424521492311,0.250070891351726,Oxacillin,J01C,S. aureus,STAAUR|Ireland|OXA,43,pays_dans_perimetre
2015,Lithuania,ACISPP,AMK,INPAT,9,2015|LT|ACISPP|AMK|INPAT,,73,0.876712328767123,0.075419391289123,0.801292937478,0.952131720056246,Amikacin,J01G,Acinetobaccter spp.,ACISPP|Lithuania|AMK,64,pays_dans_perimetre
2015,Lithuania,ACISPP,CIP,INPAT,5,2015|LT|ACISPP|CIP|INPAT,,73,0.931506849315068,0.0579443692443365,0.873562480070732,0.989451218559405,Ciprofloxacin,J01M,Acinetobaccter spp.,ACISPP|Lithuania|CIP,68,pays_dans_perimetre
2015,Lithuania,ACISPP,COL,INPAT,61,2015|LT|ACISPP|COL|INPAT,,61,0.0,0.0,0.0,0.0,Colistin,J01X,Acinetobaccter spp.,ACISPP|Lithuania|COL,0,pays_dans_perimetre
2015,Lithuania,ACISPP,GEN,INPAT,7,2015|LT|ACISPP|GEN|INPAT,,73,0.904109589041096,0.0675449320241782,0.836564657016918,0.971654521065274,Gentamicin,J01G,Acinetobaccter spp.,ACISPP|Lithuania|GEN,66,pays_dans_perimetre
2015,Lithuania,ACISPP,IPM,INPAT,13,2015|LT|ACISPP|IPM|INPAT,,63,0.793650793650794,0.0999313893572744,0.693719404293519,0.893582183008068,Imipenem,J01D,Acinetobaccter spp.,ACISPP|Lithuania|IPM,50,pays_dans_perimetre
2015,Lithuania,ACISPP,MEM,INPAT,13,2015|LT|ACISPP|MEM|INPAT,,71,0.816901408450704,0.089960988987484,0.72694041946322,0.906862397438188,Meropenem,J01D,Acinetobaccter spp.,ACISPP|Lithuania|MEM,58,pays_dans_perimetre
2015,Lithuania,ESCCOL,AMC,INPAT,380,2015|LT|ESCCOL|AMC|INPAT,,567,0.329805996472663,0.0386984958138212,0.291107500658842,0.368504492286484,Amoxicillin + clavulanic acid,J01C,E. coli,ESCCOL|Lithuania|AMC,187,pays_dans_perimetre
2015,Lithuania,ESCCOL,AMP,INPAT,235,2015|LT|ESCCOL|AMP|INPAT,,581,0.59552495697074,0.0399083574374581,0.555616599533282,0.635433314408198,Ampicillin,J01C,E. coli,ESCCOL|Lithuania|AMP,346,pays_dans_perimetre
2015,Lithuania,ESCCOL,CAZ,INPAT,470,2015|LT|ESCCOL|CAZ|INPAT,,551,0.147005444646098,0.0295678748603336,0.117437569785764,0.176573319506432,Ceftazidime,J01D,E. coli,ESCCOL|Lithuania|CAZ,81,pays_dans_perimetre
2015,Lithuania,ESCCOL,CIP,INPAT,459,2015|LT|ESCCOL|CIP|INPAT,,582,0.211340206185567,0.0331688559991962,0.178171350186371,0.244509062184763,Ciprofloxacin,J01M,E. coli,ESCCOL|Lithuania|CIP,123,pays_dans_perimetre
2015,Lithuania,ESCCOL,CRO,INPAT,164,2015|LT|ESCCOL|CRO|INPAT,,200,0.18,0.053245664612248,0.126754335387752,0.233245664612248,Ceftriaxone,J01D,E. coli,ESCCOL|Lithuania|CRO,36,pays_dans_perimetre
2015,Lithuania,ESCCOL,CTX,INPAT,365,2015|LT|ESCCOL|CTX|INPAT,,450,0.188888888888889,0.0361653935790801,0.152723495309809,0.225054282467969,Cefotaxime,J01D,E. coli,ESCCOL|Lithuania|CTX,85,pays_dans_perimetre
2015,Lithuania,ESCCOL,GEN,INPAT,520,2015|LT|ESCCOL|GEN|INPAT,,582,0.106529209621993,0.0250650809155206,0.0814641287064725,0.131594290537514,Gentamicin,J01G,E. coli,ESCCOL|Lithuania|GEN,62,pays_dans_perimetre
2015,Lithuania,KLEPNE,AMC,INPAT,77,2015|LT|KLEPNE|AMC|INPAT,,173,0.554913294797688,0.0740573036469203,0.480855991150768,0.628970598444608,Amoxicillin + clavulanic acid,J01C,K. pneumoniae,KLEPNE|Lithuania|AMC,96,pays_dans_perimetre
2015,Lithuania,KLEPNE,CAZ,INPAT,81,2015|LT|KLEPNE|CAZ|INPAT,,170,0.523529411764706,0.0750792977900409,0.448450113974665,0.598608709554747,Ceftazidime,J01D,K. pneumoniae,KLEPNE|Lithuania|CAZ,89,pays_dans_perimetre
2015,Lithuania,KLEPNE,CIP,INPAT,92,2015|LT|KLEPNE|CIP|INPAT,,179,0.486033519553073,0.0732200573769097,0.412813462176163,0.559253576929982,Ciprofloxacin,J01M,K. pneumoniae,KLEPNE|Lithuania|CIP,87,pays_dans_perimetre
2015,Lithuania,KLEPNE,GEN,INPAT,95,2015|LT|KLEPNE|GEN|INPAT,,179,0.46927374301676,0.0731101997645845,0.396163543252175,0.542383942781344,Gentamicin,J01G,K. pneumoniae,KLEPNE|Lithuania|GEN,84,pays_dans_perimetre
2015,Lithuania,KLEPNE,TZP,INPAT,97,2015|LT|KLEPNE|TZP|INPAT,,176,0.448863636363636,0.073482932998451,0.375380703365185,0.522346569362087,Piperacillin + Tazobactam,J01C,K. pneumoniae,KLEPNE|Lithuania|TZP,79,pays_dans_perimetre
2015,Lithuania,STAAUR,FOX,INPAT,337,2015|LT|STAAUR|FOX|INPAT,,371,0.091644204851752,0.0293595649482511,0.0622846399035009,0.121003769800003,Cefoxitin,J01D,S. aureus,STAAUR|Lithuania|FOX,34,pays_dans_perimetre
2015,Lithuania,STAAUR,RIF,INPAT,227,2015|LT|STAAUR|RIF|INPAT,,249,0.0883534136546185,0.0352518018035882,0.0531016118510303,0.123605215458207,Rifampicin,J04A,S. aureus,STAAUR|Lithuania|RIF,22,pays_dans_perimetre
2015,Lithuania,STRPNE,ERY,INPAT,63,2015|LT|STRPNE|ERY|INPAT,,72,0.125,0.0763921716466346,0.0486078283533654,0.201392171646635,Erythromycin,J01F,S. pneumoniae,STRPNE|Lithuania|ERY,9,pays_dans_perimetre
2015,Lithuania,STRPNE,OXA,INPAT,72,2015|LT|STRPNE|OXA|INPAT,,87,0.172413793103448,0.0793759744999185,0.0930378186035297,0.251789767603367,Oxacillin,J01C,S. pneumoniae,STRPNE|Lithuania|OXA,15,pays_dans_perimetre
2015,Luxembourg,ESCCOL,TZP,INPAT,171,2015|LU|ESCCOL|TZP|INPAT,,199,0.14070351758794,0.0483118343611984,0.0923916832267413,0.189015351949138,Piperacillin + Tazobactam,J01C,E. coli,ESCCOL|Luxembourg|TZP,28,pays_dans_perimetre
2015,Luxembourg,KLEPNE,TZP,INPAT,33,2015|LU|KLEPNE|TZP|INPAT,,46,0.282608695652174,0.130121173082601,0.152487522569573,0.412729868734775,Piperacillin + Tazobactam,J01C,K. pneumoniae,KLEPNE|Luxembourg|TZP,13,pays_dans_perimetre
2015,Latvia,ACISPP,AMK,INPAT,19,2015|LV|ACISPP|AMK|INPAT,,58,0.672413793103448,0.120787831650022,0.551625961453426,0.79320162475347,Amikacin,J01G,Acinetobaccter spp.,ACISPP|Latvia|AMK,39,pays_dans_perimetre
2015,Latvia,ACISPP,GEN,INPAT,22,2015|LV|ACISPP|GEN|INPAT,,57,0.614035087719298,0.126383142673826,0.487651945045472,0.740418230393124,Gentamicin,J01G,Acinetobaccter spp.,ACISPP|Latvia|GEN,35,pays_dans_perimetre
2015,Latvia,ACISPP,IPM,INPAT,13,2015|LV|ACISPP|IPM|INPAT,,57,0.771929824561403,0.108928569983785,0.663001254577619,0.880858394545188,Imipenem,J01D,Acinetobaccter spp.,ACISPP|Latvia|IPM,44,pays_dans_perimetre
2015,Latvia,ESCCOL,AMK,INPAT,151,2015|LV|ESCCOL|AMK|INPAT,,162,0.0679012345679012,0.0387407804717964,0.0291604540961049,0.106642015039698,Amikacin,J01G,E. coli,ESCCOL|Latvia|AMK,11,pays_dans_perimetre
2015,Latvia,ESCCOL,AMP,INPAT,88,2015|LV|ESCCOL|AMP|INPAT,,192,0.541666666666667,0.0704794058113327,0.471187260855334,0.612146072477999,Ampicillin,J01C,E. coli,ESCCOL|Latvia|AMP,104,pays_dans_perimetre
2015,Latvia,ESCCOL,CAZ,INPAT,157,2015|LV|ESCCOL|CAZ|INPAT,,193,0.186528497409326,0.0549567680543617,0.131571729354965,0.241485265463688,Ceftazidime,J01D,E. coli,ESCCOL|Latvia|CAZ,36,pays_dans_perimetre
2015,Latvia,ESCCOL,CIP,INPAT,137,2015|LV|ESCCOL|CIP|INPAT,,193,0.290155440414508,0.0640286588172174,0.22612678159729,0.354184099231725,Ciprofloxacin,J01M,E. coli,ESCCOL|Latvia|CIP,56,pays_dans_perimetre
2015,Latvia,ESCCOL,CRO,INPAT,97,2015|LV|ESCCOL|CRO|INPAT,,125,0.224,0.0730896588253085,0.150910341174691,0.297089658825309,Ceftriaxone,J01D,E. coli,ESCCOL|Latvia|CRO,28,pays_dans_perimetre
2015,Latvia,ESCCOL,CTX,INPAT,162,2015|LV|ESCCOL|CTX|INPAT,,197,0.177664974619289,0.0533762749267236,0.124288699692566,0.231041249546013,Cefotaxime,J01D,E. coli,ESCCOL|Latvia|CTX,35,pays_dans_perimetre
2015,Latvia,ESCCOL,GEN,INPAT,168,2015|LV|ESCCOL|GEN|INPAT,,191,0.120418848167539,0.0461556189601795,0.0742632292073598,0.166574467127719,Gentamicin,J01G,E. coli,ESCCOL|Latvia|GEN,23,pays_dans_perimetre
2015,Latvia,ESCCOL,TOB,INPAT,72,2015|LV|ESCCOL|TOB|INPAT,,93,0.225806451612903,0.0849782032169809,0.140828248395922,0.310784654829884,Tobramycin,J01G,E. coli,ESCCOL|Latvia|TOB,21,pays_dans_perimetre
2015,Latvia,STAAUR,CIP,INPAT,222,2015|LV|STAAUR|CIP|INPAT,,243,0.0864197530864197,0.0353291180201893,0.0510906350662305,0.121748871106609,Ciprofloxacin,J01M,S. aureus,STAAUR|Latvia|CIP,21,pays_dans_perimetre
2015,Latvia,STAAUR,FOX,INPAT,233,2015|LV|STAAUR|FOX|INPAT,,247,0.0566801619433198,0.0288371688139766,0.0278429931293433,0.0855173307572964,Cefoxitin,J01D,S. aureus,STAAUR|Latvia|FOX,14,pays_dans_perimetre
2015,Latvia,STAAUR,LVX,INPAT,75,2015|LV|STAAUR|LVX|INPAT,,77,0.025974025974026,0.0355275789424871,-0.009553552968461,0.061501604916513,Levofloxacin,J01M,S. aureus,STAAUR|Latvia|LVX,2,pays_dans_perimetre
2015,Latvia,STAAUR,RIF,INPAT,202,2015|LV|STAAUR|RIF|INPAT,,202,0.0,0.0,0.0,0.0,Rifampicin,J04A,S. aureus,STAAUR|Latvia|RIF,0,pays_dans_perimetre
2015,Malta,ESCCOL,AMC,INPAT,53,2015|MT|ESCCOL|AMC|INPAT,,70,0.242857142857143,0.100454965034089,0.142402177823054,0.343312107891232,Amoxicillin + clavulanic acid,J01C,E. coli,ESCCOL|Malta|AMC,17,pays_dans_perimetre
2015,Malta,ESCCOL,AMK,INPAT,66,2015|MT|ESCCOL|AMK|INPAT,,70,0.0571428571428571,0.0543764654974926,0.0027663916453645,0.11151932264035,Amikacin,J01G,E. coli,ESCCOL|Malta|AMK,4,pays_dans_perimetre
2015,Malta,ESCCOL,AMP,INPAT,29,2015|MT|ESCCOL|AMP|INPAT,,70,0.585714285714286,0.115398440197431,0.470315845516855,0.701112725911716,Ampicillin,J01C,E. coli,ESCCOL|Malta|AMP,41,pays_dans_perimetre
2015,Malta,ESCCOL,CAZ,INPAT,61,2015|MT|ESCCOL|CAZ|INPAT,,70,0.128571428571429,0.0784142844129818,0.0501571441584468,0.20698571298441,Ceftazidime,J01D,E. coli,ESCCOL|Malta|CAZ,9,pays_dans_perimetre
2015,Malta,ESCCOL,CIP,INPAT,41,2015|MT|ESCCOL|CIP|INPAT,,70,0.414285714285714,0.115398440197431,0.298887274088284,0.529684154483145,Ciprofloxacin,J01M,E. coli,ESCCOL|Malta|CIP,29,pays_dans_perimetre
2015,Malta,ESCCOL,FEP,INPAT,61,2015|MT|ESCCOL|FEP|INPAT,,70,0.128571428571429,0.0784142844129818,0.0501571441584468,0.20698571298441,Cefepime,J01D,E. coli,ESCCOL|Malta|FEP,9,pays_dans_perimetre
2015,Malta,ESCCOL,GEN,INPAT,64,2015|MT|ESCCOL|GEN|INPAT,,70,0.0857142857142857,0.0655804849021414,0.0201338008121443,0.151294770616427,Gentamicin,J01G,E. coli,ESCCOL|Malta|GEN,6,pays_dans_perimetre
2015,Malta,ESCCOL,TZP,INPAT,63,2015|MT|ESCCOL|TZP|INPAT,,70,0.1,0.0702794422288623,0.0297205577711377,0.170279442228862,Piperacillin + Tazobactam,J01C,E. coli,ESCCOL|Malta|TZP,7,pays_dans_perimetre
2015,Norway,ENCFAE,AMP,INPAT,370,2015|NO|ENCFAE|AMP|INPAT,,372,0.0053763440860215,0.0074311755575064,-0.0020548314714849,0.0128075196435279,Ampicillin,J01C,E. faecalis,ENCFAE|Norway|AMP,2,pays_dans_perimetre
2015,Norway,ENCFAE,VAN,INPAT,368,2015|NO|ENCFAE|VAN|INPAT,,368,0.0,0.0,0.0,0.0,Vancomycin,J01X,E. faecalis,ENCFAE|Norway|VAN,0,pays_dans_perimetre
2015,Norway,ESCCOL,AMC,INPAT,631,2015|NO|ESCCOL|AMC|INPAT,,815,0.225766871165644,0.0287040547260073,0.197062816439637,0.254470925891651,Amoxicillin + clavulanic acid,J01C,E. coli,ESCCOL|Norway|AMC,184,pays_dans_perimetre
2015,Norway,ESCCOL,AMP,INPAT,1481,2015|NO|ESCCOL|AMP|INPAT,,2592,0.428626543209877,0.0190518930239189,0.409574650185958,0.447678436233795,Ampicillin,J01C,E. coli,ESCCOL|Norway|AMP,1111,pays_dans_perimetre
2015,Norway,ESCCOL,CAZ,INPAT,2241,2015|NO|ESCCOL|CAZ|INPAT,,2380,0.0584033613445378,0.0094214763908028,0.048981884953735,0.0678248377353406,Ceftazidime,J01D,E. coli,ESCCOL|Norway|CAZ,139,pays_dans_perimetre
2015,Norway,ESCCOL,CIP,INPAT,2307,2015|NO|ESCCOL|CIP|INPAT,,2591,0.109610189116171,0.0120292325052179,0.0975809566109535,0.121639421621389,Ciprofloxacin,J01M,E. coli,ESCCOL|Norway|CIP,284,pays_dans_perimetre
2015,Norway,ESCCOL,CTX,INPAT,2172,2015|NO|ESCCOL|CTX|INPAT,,2302,0.0564726324934839,0.0094297391453952,0.0470428933480887,0.0659023716388791,Cefotaxime,J01D,E. coli,ESCCOL|Norway|CTX,130,pays_dans_perimetre
2015,Norway,ESCCOL,GEN,INPAT,2232,2015|NO|ESCCOL|GEN|INPAT,,2385,0.0641509433962264,0.0098336853238985,0.0543172580723278,0.073984628720125,Gentamicin,J01G,E. coli,ESCCOL|Norway|GEN,153,pays_dans_perimetre
2015,Norway,ESCCOL,IPM,INPAT,471,2015|NO|ESCCOL|IPM|INPAT,,471,0.0,0.0,0.0,0.0,Imipenem,J01D,E. coli,ESCCOL|Norway|IPM,0,pays_dans_perimetre
2015,Norway,ESCCOL,MEM,INPAT,2513,2015|NO|ESCCOL|MEM|INPAT,,2513,0.0,0.0,0.0,0.0,Meropenem,J01D,E. coli,ESCCOL|Norway|MEM,0,pays_dans_perimetre
2015,Norway,ESCCOL,NAL,INPAT,425,2015|NO|ESCCOL|NAL|INPAT,,509,0.165029469548134,0.0322487960667905,0.132780673481343,0.197278265614924,Nalidixic acid,J01M,E. coli,ESCCOL|Norway|NAL,84,pays_dans_perimetre
2015,Norway,ESCCOL,TOB,INPAT,872,2015|NO|ESCCOL|TOB|INPAT,,941,0.0733262486716259,0.016655375332215,0.0566708733394109,0.0899816240038409,Tobramycin,J01G,E. coli,ESCCOL|Norway|TOB,69,pays_dans_perimetre
2015,Norway,ESCCOL,TZP,INPAT,2130,2015|NO|ESCCOL|TZP|INPAT,,2233,0.0461262875055979,0.0087002433621556,0.0374260441434422,0.0548265308677535,Piperacillin + Tazobactam,J01C,E. coli,ESCCOL|Norway|TZP,103,pays_dans_perimetre
2015,Norway,KLEPNE,FEP,INPAT,87,2015|NO|KLEPNE|FEP|INPAT,,89,0.0224719101123595,0.0307925521440672,-0.0083206420317076,0.0532644622564268,Cefepime,J01D,K. pneumoniae,KLEPNE|Norway|FEP,2,pays_dans_perimetre
2015,Norway,KLEPNE,TGC,INPAT,46,2015|NO|KLEPNE|TGC|INPAT,,55,0.163636363636364,0.0977714841374686,0.065864879498895,0.261407847773832,Tigecycline,J01A,K. pneumoniae,KLEPNE|Norway|TGC,9,pays_dans_perimetre
2015,Norway,KLEPNE,TZP,INPAT,421,2015|NO|KLEPNE|TZP|INPAT,,459,0.0827886710239651,0.0252098283869957,0.0575788426369695,0.107998499410961,Piperacillin + Tazobactam,J01C,K. pneumoniae,KLEPNE|Norway|TZP,38,pays_dans_perimetre
2015,Norway,STAAUR,CIP,INPAT,756,2015|NO|STAAUR|CIP|INPAT,,779,0.0295250320924262,0.0118870667275562,0.01763796536487,0.0414120988199824,Ciprofloxacin,J01M,S. aureus,STAAUR|Norway|CIP,23,pays_dans_perimetre
2015,Norway,STAAUR,OXA,INPAT,762,2015|NO|STAAUR|OXA|INPAT,,774,0.0155038759689922,0.0087038768781229,0.0067999990908693,0.0242077528471152,Oxacillin,J01C,S. aureus,STAAUR|Norway|OXA,12,pays_dans_perimetre
2015,Norway,STRPNE,CTX,INPAT,263,2015|NO|STRPNE|CTX|INPAT,,265,0.0075471698113207,0.0104202978421266,-0.0028731280308058,0.0179674676534473,Cefotaxime,J01D,S. pneumoniae,STRPNE|Norway|CTX,2,pays_dans_perimetre
2015,Norway,STRPNE,ERY,INPAT,290,2015|NO|STRPNE|ERY|INPAT,,331,0.123867069486405,0.0354899189885947,0.0883771504978101,0.159356988475,Erythromycin,J01F,S. pneumoniae,STRPNE|Norway|ERY,41,pays_dans_perimetre
2015,Norway,STRPNE,PEN,INPAT,328,2015|NO|STRPNE|PEN|INPAT,,349,0.0601719197707736,0.0249496524433614,0.0352222673274123,0.085121572214135,Penicillin,J01C,S. pneumoniae,STRPNE|Norway|PEN,21,pays_dans_perimetre
2015,Poland,ACISPP,AMK,INPAT,76,2015|PL|ACISPP|AMK|INPAT,,172,0.558139534883721,0.0742174132738995,0.483922121609821,0.63235694815762,Amikacin,J01G,Acinetobaccter spp.,ACISPP|Poland|AMK,96,pays_dans_perimetre
2015,Poland,ACISPP,CIP,INPAT,25,2015|PL|ACISPP|CIP|INPAT,,229,0.890829694323144,0.0403913097346016,0.850438384588542,0.931221004057746,Ciprofloxacin,J01M,Acinetobaccter spp.,ACISPP|Poland|CIP,204,pays_dans_perimetre
2015,Poland,ACISPP,GEN,INPAT,96,2015|PL|ACISPP|GEN|INPAT,,233,0.587982832618026,0.0632001472164301,0.524782685401596,0.651182979834456,Gentamicin,J01G,Acinetobaccter spp.,ACISPP|Poland|GEN,137,pays_dans_perimetre
2015,Poland,ACISPP,IPM,INPAT,76,2015|PL|ACISPP|IPM|INPAT,,233,0.67381974248927,0.0601975494510674,0.613622193038203,0.734017291940338,Imipenem,J01D,Acinetobaccter spp.,ACISPP|Poland|IPM,157,pays_dans_perimetre
2015,Poland,ACISPP,LVX,INPAT,13,2015|PL|ACISPP|LVX|INPAT,,144,0.909722222222222,0.0468079538803798,0.862914268341842,0.956530176102602,Levofloxacin,J01M,Acinetobaccter spp.,ACISPP|Poland|LVX,131,pays_dans_perimetre
2015,Poland,ACISPP,MEM,INPAT,69,2015|PL|ACISPP|MEM|INPAT,,234,0.705128205128205,0.0584250109846027,0.646703194143603,0.763553216112808,Meropenem,J01D,Acinetobaccter spp.,ACISPP|Poland|MEM,165,pays_dans_perimetre
2015,Poland,ACISPP,NET,INPAT,32,2015|PL|ACISPP|NET|INPAT,,61,0.475409836065574,0.125324305602183,0.350085530463391,0.600734141667756,Netilmicin,J01G,Acinetobaccter spp.,ACISPP|Poland|NET,29,pays_dans_perimetre
2015,Poland,ACISPP,TOB,INPAT,82,2015|PL|ACISPP|TOB|INPAT,,179,0.541899441340782,0.0729910007642625,0.46890844057652,0.614890442105045,Tobramycin,J01G,Acinetobaccter spp.,ACISPP|Poland|TOB,97,pays_dans_perimetre
2015,Poland,ENCFAI,LNZ,INPAT,168,2015|PL|ENCFAI|LNZ|INPAT,,169,0.0059171597633136,0.0115632697031219,-0.0056461099398082,0.0174804294664355,Linezolid,J01X,E. faecium,ENCFAI|Poland|LNZ,1,pays_dans_perimetre
2015,Poland,ESCCOL,AMC,INPAT,279,2015|PL|ESCCOL|AMC|INPAT,,438,0.363013698630137,0.0450345232370186,0.317979175393118,0.408048221867156,Amoxicillin + clavulanic acid,J01C,E. coli,ESCCOL|Poland|AMC,159,pays_dans_perimetre
2015,Poland,ESCCOL,AMP,INPAT,119,2015|PL|ESCCOL|AMP|INPAT,,338,0.64792899408284,0.050918612284685,0.597010381798155,0.698847606367525,Ampicillin,J01C,E. coli,ESCCOL|Poland|AMP,219,pays_dans_perimetre
2015,Poland,ESCCOL,CAZ,INPAT,1135,2015|PL|ESCCOL|CAZ|INPAT,,1274,0.109105180533752,0.0171201379678266,0.0919850425659254,0.126225318501579,Ceftazidime,J01D,E. coli,ESCCOL|Poland|CAZ,139,pays_dans_perimetre
2015,Poland,ESCCOL,CIP,INPAT,1060,2015|PL|ESCCOL|CIP|INPAT,,1498,0.292389853137517,0.0230344761085647,0.269355377028952,0.315424329246081,Ciprofloxacin,J01M,E. coli,ESCCOL|Poland|CIP,438,pays_dans_perimetre
2015,Poland,ESCCOL,CTX,INPAT,1261,2015|PL|ESCCOL|CTX|INPAT,,1438,0.123087621696801,0.016980947479687,0.106106674217114,0.140068569176488,Cefotaxime,J01D,E. coli,ESCCOL|Poland|CTX,177,pays_dans_perimetre
2015,Poland,ESCCOL,ETP,INPAT,466,2015|PL|ESCCOL|ETP|INPAT,,467,0.0021413276231263,0.004192506154883,-0.0020511785317566,0.0063338337780093,Ertapenem,J01D,E. coli,ESCCOL|Poland|ETP,1,pays_dans_perimetre
2015,Poland,ESCCOL,GEN,INPAT,1370,2015|PL|ESCCOL|GEN|INPAT,,1508,0.0915119363395226,0.0145530454553654,0.0769588908841572,0.106064981794888,Gentamicin,J01G,E. coli,ESCCOL|Poland|GEN,138,pays_dans_perimetre
2015,Poland,ESCCOL,MEM,INPAT,1384,2015|PL|ESCCOL|MEM|INPAT,,1386,0.0014430014430014,0.0019984545182535,-0.000555453075252,0.0034414559612549,Meropenem,J01D,E. coli,ESCCOL|Poland|MEM,2,pays_dans_perimetre
2015,Poland,ESCCOL,NET,INPAT,171,2015|PL|ESCCOL|NET|INPAT,,178,0.0393258426966292,0.0285544068459553,0.0107714358506739,0.0678802495425845,Netilmicin,J01G,E. coli,ESCCOL|Poland|NET,7,pays_dans_perimetre
2015,Poland,ESCCOL,PIP,INPAT,132,2015|PL|ESCCOL|PIP|INPAT,,300,0.56,0.0561714708133349,0.503828529186665,0.616171470813335,Piperacillin,J01C,E. coli,ESCCOL|Poland|PIP,168,pays_dans_perimetre
2015,Poland,ESCCOL,TZP,INPAT,1154,2015|PL|ESCCOL|TZP|INPAT,,1265,0.0877470355731225,0.0155913843225423,0.0721556512505802,0.103338419895665,Piperacillin + Tazobactam,J01C,E. coli,ESCCOL|Poland|TZP,111,pays_dans_perimetre
2015,Poland,KLEPNE,AMC,INPAT,49,2015|PL|KLEPNE|AMC|INPAT,,190,0.742105263157895,0.0622061418368615,0.679899121321033,0.804311404994756,Amoxicillin + clavulanic acid,J01C,K. pneumoniae,KLEPNE|Poland|AMC,141,pays_dans_perimetre
2015,Poland,KLEPNE,COL,INPAT,164,2015|PL|KLEPNE|COL|INPAT,,176,0.0681818181818182,0.0372391377574267,0.0309426804243915,0.105420955939245,Colistin,J01X,K. pneumoniae,KLEPNE|Poland|COL,12,pays_dans_perimetre
2015,Poland,KLEPNE,CRO,INPAT,21,2015|PL|KLEPNE|CRO|INPAT,,67,0.686567164179104,0.111079120006151,0.575488044172953,0.797646284185256,Ceftriaxone,J01D,K. pneumoniae,KLEPNE|Poland|CRO,46,pays_dans_perimetre
2015,Poland,KLEPNE,MEM,INPAT,621,2015|PL|KLEPNE|MEM|INPAT,,629,0.0127186009538951,0.0087573134925544,0.0039612874613406,0.0214759144464495,Meropenem,J01D,K. pneumoniae,KLEPNE|Poland|MEM,8,pays_dans_perimetre
2015,Poland,KLEPNE,TZP,INPAT,214,2015|PL|KLEPNE|TZP|INPAT,,549,0.610200364298725,0.0407968700245876,0.569403494274137,0.650997234323312,Piperacillin + Tazobactam,J01C,K. pneumoniae,KLEPNE|Poland|TZP,335,pays_dans_perimetre
2015,Poland,PSEAER,COL,INPAT,110,2015|PL|PSEAER|COL|INPAT,,110,0.0,0.0,0.0,0.0,Colistin,J01X,P. aeruginosa,PSEAER|Poland|COL,0,pays_dans_perimetre
2015,Poland,STAAUR,CIP,INPAT,724,2015|PL|STAAUR|CIP|INPAT,,848,0.14622641509434,0.0237816738443946,0.122444741249945,0.170008088938734,Ciprofloxacin,J01M,S. aureus,STAAUR|Poland|CIP,124,pays_dans_perimetre
2015,Poland,STAAUR,TEC,INPAT,584,2015|PL|STAAUR|TEC|INPAT,,587,0.0051107325383304,0.005768540822927,-0.0006578082845965,0.0108792733612575,Teicoplanin,J01X,S. aureus,STAAUR|Poland|TEC,3,pays_dans_perimetre
2015,Romania,ACISPP,CIP,INPAT,26,2015|RO|ACISPP|CIP|INPAT,,181,0.856353591160221,0.0510964504917554,0.805257140668466,0.907450041651976,Ciprofloxacin,J01M,Acinetobaccter spp.,ACISPP|Romania|CIP,155,pays_dans_perimetre
2015,Romania,ACISPP,GEN,INPAT,30,2015|RO|ACISPP|GEN|INPAT,,182,0.835164835164835,0.0539052929675985,0.781259542197237,0.889070128132434,Gentamicin,J01G,Acinetobaccter spp.,ACISPP|Romania|GEN,152,pays_dans_perimetre
2015,Romania,ACISPP,IPM,INPAT,25,2015|RO|ACISPP|IPM|INPAT,,173,0.855491329479769,0.052394750750617,0.803096578729152,0.907886080230386,Imipenem,J01D,Acinetobaccter spp.,ACISPP|Romania|IPM,148,pays_dans_perimetre
2015,Romania,ACISPP,LVX,INPAT,12,2015|RO|ACISPP|LVX|INPAT,,96,0.875,0.0661575612962469,0.808842438703753,0.941157561296247,Levofloxacin,J01M,Acinetobaccter spp.,ACISPP|Romania|LVX,84,pays_dans_perimetre
2015,Romania,ACISPP,MEM,INPAT,22,2015|RO|ACISPP|MEM|INPAT,,167,0.868263473053892,0.0512951974835243,0.816968275570368,0.919558670537416,Meropenem,J01D,Acinetobaccter spp.,ACISPP|Romania|MEM,145,pays_dans_perimetre
2015,Romania,ESCCOL,LVX,INPAT,133,2015|RO|ESCCOL|LVX|INPAT,,185,0.281081081081081,0.0647777667004155,0.216303314380666,0.345858847781497,Levofloxacin,J01M,E. coli,ESCCOL|Romania|LVX,52,pays_dans_perimetre
2015,Romania,KLEPNE,LVX,INPAT,50,2015|RO|KLEPNE|LVX|INPAT,,114,0.56140350877193,0.0910906463104381,0.470312862461492,0.652494155082368,Levofloxacin,J01M,K. pneumoniae,KLEPNE|Romania|LVX,64,pays_dans_perimetre
2015,Romania,KLEPNE,MEM,INPAT,153,2015|RO|KLEPNE|MEM|INPAT,,234,0.346153846153846,0.0609565684047221,0.285197277749124,0.407110414558568,Meropenem,J01D,K. pneumoniae,KLEPNE|Romania|MEM,81,pays_dans_perimetre
2015,Sweden,ENCFAE,AMP,INPAT,89,2015|SE|ENCFAE|AMP|INPAT,,90,0.0111111111111111,0.0216564521664782,-0.0105453410553671,0.0327675632775893,Ampicillin,J01C,E. faecalis,ENCFAE|Sweden|AMP,1,pays_dans_perimetre
2015,Sweden,ENCFAE,GEH,INPAT,36,2015|SE|ENCFAE|GEH|INPAT,,41,0.121951219512195,0.100165125344515,0.02178609416768,0.22211634485671,Gentamicin High,J01G,E. faecalis,ENCFAE|Sweden|GEH,5,pays_dans_perimetre
2015,Sweden,ENCFAE,LNZ,INPAT,41,2015|SE|ENCFAE|LNZ|INPAT,,41,0.0,0.0,0.0,0.0,Linezolid,J01X,E. faecalis,ENCFAE|Sweden|LNZ,0,pays_dans_perimetre
2015,Sweden,ENCFAI,AMP,INPAT,6,2015|SE|ENCFAI|AMP|INPAT,,36,0.833333333333333,0.121741478774989,0.711591854558345,0.955074812108322,Ampicillin,J01C,E. faecium,ENCFAI|Sweden|AMP,30,pays_dans_perimetre
2015,Sweden,ENCFAI,VAN,INPAT,39,2015|SE|ENCFAI|VAN|INPAT,,39,0.0,0.0,0.0,0.0,Vancomycin,J01X,E. faecium,ENCFAI|Sweden|VAN,0,pays_dans_perimetre
2015,Sweden,ESCCOL,GEN,INPAT,381,2015|SE|ESCCOL|GEN|INPAT,,399,0.0451127819548872,0.0203655183427028,0.0247472636121844,0.06547830029759,Gentamicin,J01G,E. coli,ESCCOL|Sweden|GEN,18,pays_dans_perimetre
2015,Sweden,KLEPNE,GEN,INPAT,73,2015|SE|KLEPNE|GEN|INPAT,,74,0.0135135135135135,0.0263069150160887,-0.0127934015025752,0.0398204285296022,Gentamicin,J01G,K. pneumoniae,KLEPNE|Sweden|GEN,1,pays_dans_perimetre
2015,Sweden,KLEPNE,TZP,INPAT,62,2015|SE|KLEPNE|TZP|INPAT,,76,0.184210526315789,0.0871556498700558,0.0970548764457337,0.271366176185845,Piperacillin + Tazobactam,J01C,K. pneumoniae,KLEPNE|Sweden|TZP,14,pays_dans_perimetre
2015,Sweden,PSEAER,CAZ,INPAT,37,2015|SE|PSEAER|CAZ|INPAT,,40,0.075,0.0816258231198927,-0.0066258231198926,0.156625823119893,Ceftazidime,J01D,P. aeruginosa,PSEAER|Sweden|CAZ,3,pays_dans_perimetre
2015,Sweden,PSEAER,CIP,INPAT,33,2015|SE|PSEAER|CIP|INPAT,,35,0.0571428571428571,0.0768999349804667,-0.0197570778376095,0.134042792123324,Ciprofloxacin,J01M,P. aeruginosa,PSEAER|Sweden|CIP,2,pays_dans_perimetre
2015,Sweden,PSEAER,IPM,INPAT,32,2015|SE|PSEAER|IPM|INPAT,,35,0.0857142857142857,0.0927448111756124,-0.0070305254613266,0.178459096889898,Imipenem,J01D,P. aeruginosa,PSEAER|Sweden|IPM,3,pays_dans_perimetre
2015,Sweden,STAAUR,RIF,INPAT,80,2015|SE|STAAUR|RIF|INPAT,,81,0.0123456790123457,0.0240476995111088,-0.0117020204987632,0.0363933785234545,Rifampicin,J04A,S. aureus,STAAUR|Sweden|RIF,1,pays_dans_perimetre
2016,Bulgaria,ACISPP,CIP,INPAT,33,2016|BG|ACISPP|CIP|INPAT,,100,0.67,0.0921616926927886,0.577838307307211,0.762161692692789,Ciprofloxacin,J01M,Acinetobaccter spp.,ACISPP|Bulgaria|CIP,67,pays_dans_perimetre
2016,Bulgaria,ACISPP,GEN,INPAT,15,2016|BG|ACISPP|GEN|INPAT,,69,0.782608695652174,0.0973251192879578,0.685283576364216,0.879933814940132,Gentamicin,J01G,Acinetobaccter spp.,ACISPP|Bulgaria|GEN,54,pays_dans_perimetre
2016,Bulgaria,ACISPP,IPM,INPAT,23,2016|BG|ACISPP|IPM|INPAT,,93,0.752688172043011,0.0876888928061001,0.664999279236911,0.840377064849111,Imipenem,J01D,Acinetobaccter spp.,ACISPP|Bulgaria|IPM,70,pays_dans_perimetre
2016,Bulgaria,ACISPP,MEM,INPAT,29,2016|BG|ACISPP|MEM|INPAT,,98,0.704081632653061,0.0903733751653412,0.61370825748772,0.794455007818402,Meropenem,J01D,Acinetobaccter spp.,ACISPP|Bulgaria|MEM,69,pays_dans_perimetre
2016,Bulgaria,ACISPP,TOB,INPAT,27,2016|BG|ACISPP|TOB|INPAT,,59,0.542372881355932,0.127126158927542,0.41524672242839,0.669499040283474,Tobramycin,J01G,Acinetobaccter spp.,ACISPP|Bulgaria|TOB,32,pays_dans_perimetre
2016,Bulgaria,ESCCOL,AMK,INPAT,211,2016|BG|ESCCOL|AMK|INPAT,,233,0.0944206008583691,0.0375469580881876,0.0568736427701815,0.131967558946557,Amikacin,J01G,E. coli,ESCCOL|Bulgaria|AMK,22,pays_dans_perimetre
2016,Bulgaria,ESCCOL,AMP,INPAT,41,2016|BG|ESCCOL|AMP|INPAT,,186,0.779569892473118,0.0595747988294097,0.719995093643709,0.839144691302528,Ampicillin,J01C,E. coli,ESCCOL|Bulgaria|AMP,145,pays_dans_perimetre
2016,Bulgaria,ESCCOL,CAZ,INPAT,116,2016|BG|ESCCOL|CAZ|INPAT,,191,0.392670157068063,0.0692573143917959,0.323412842676267,0.461927471459859,Ceftazidime,J01D,E. coli,ESCCOL|Bulgaria|CAZ,75,pays_dans_perimetre
2016,Bulgaria,ESCCOL,CIP,INPAT,130,2016|BG|ESCCOL|CIP|INPAT,,233,0.44206008583691,0.0637694216655697,0.37829066417134,0.50582950750248,Ciprofloxacin,J01M,E. coli,ESCCOL|Bulgaria|CIP,103,pays_dans_perimetre
2016,Bulgaria,ESCCOL,CRO,INPAT,71,2016|BG|ESCCOL|CRO|INPAT,,132,0.462121212121212,0.0850529274807755,0.377068284640437,0.547174139601988,Ceftriaxone,J01D,E. coli,ESCCOL|Bulgaria|CRO,61,pays_dans_perimetre
2016,Bulgaria,ESCCOL,CTX,INPAT,62,2016|BG|ESCCOL|CTX|INPAT,,122,0.491803278688525,0.0887131081180369,0.403090170570488,0.580516386806561,Cefotaxime,J01D,E. coli,ESCCOL|Bulgaria|CTX,60,pays_dans_perimetre
2016,Bulgaria,ESCCOL,GEN,INPAT,138,2016|BG|ESCCOL|GEN|INPAT,,209,0.339712918660287,0.064210397690403,0.275502520969884,0.40392331635069,Gentamicin,J01G,E. coli,ESCCOL|Bulgaria|GEN,71,pays_dans_perimetre
2016,Bulgaria,STAAUR,CIP,INPAT,157,2016|BG|STAAUR|CIP|INPAT,,173,0.092485549132948,0.0431714598054769,0.0493140893274711,0.135657008938425,Ciprofloxacin,J01M,S. aureus,STAAUR|Bulgaria|CIP,16,pays_dans_perimetre
2016,Bulgaria,STAAUR,RIF,INPAT,128,2016|BG|STAAUR|RIF|INPAT,,148,0.135135135135135,0.0550786745958741,0.080056460539261,0.190213809731009,Rifampicin,J04A,S. aureus,STAAUR|Bulgaria|RIF,20,pays_dans_perimetre
2016,Cyprus,ESCCOL,AMC,INPAT,104,2016|CY|ESCCOL|AMC|INPAT,,139,0.251798561151079,0.0721580125309524,0.179640548620127,0.323956573682032,Amoxicillin + clavulanic acid,J01C,E. coli,ESCCOL|Cyprus|AMC,35,pays_dans_perimetre
2016,Cyprus,ESCCOL,NOR,INPAT,30,2016|CY|ESCCOL|NOR|INPAT,,63,0.523809523809524,0.12332832822677,0.400481195582754,0.647137852036294,Norfloxacin,J01M,E. coli,ESCCOL|Cyprus|NOR,33,pays_dans_perimetre
2016,Cyprus,ESCCOL,TZP,INPAT,129,2016|CY|ESCCOL|TZP|INPAT,,140,0.0785714285714286,0.0445712912085795,0.034000137362849,0.123142719780008,Piperacillin + Tazobactam,J01C,E. coli,ESCCOL|Cyprus|TZP,11,pays_dans_perimetre
2016,Cyprus,KLEPNE,AMC,INPAT,43,2016|CY|KLEPNE|AMC|INPAT,,70,0.385714285714286,0.114031574574764,0.271682711139522,0.49974586028905,Amoxicillin + clavulanic acid,J01C,K. pneumoniae,KLEPNE|Cyprus|AMC,27,pays_dans_perimetre
2016,Cyprus,KLEPNE,TZP,INPAT,46,2016|CY|KLEPNE|TZP|INPAT,,71,0.352112676056338,0.111100872215711,0.241011803840627,0.463213548272049,Piperacillin + Tazobactam,J01C,K. pneumoniae,KLEPNE|Cyprus|TZP,25,pays_dans_perimetre
2016,Cyprus,PSEAER,FEP,INPAT,54,2016|CY|PSEAER|FEP|INPAT,,62,0.129032258064516,0.0834469389992475,0.0455853190652686,0.212479197063764,Cefepime,J01D,P. aeruginosa,PSEAER|Cyprus|FEP,8,pays_dans_perimetre
2016,Cyprus,STAAUR,LVX,INPAT,38,2016|CY|STAAUR|LVX|INPAT,,68,0.441176470588235,0.118017151447674,0.323159319140561,0.55919362203591,Levofloxacin,J01M,S. aureus,STAAUR|Cyprus|LVX,30,pays_dans_perimetre
2016,Denmark,ENCFAE,AMP,INPAT,245,2016|DK|ENCFAE|AMP|INPAT,,246,0.0040650406504065,0.0079512691194993,-0.0038862284690928,0.0120163097699059,Ampicillin,J01C,E. faecalis,ENCFAE|Denmark|AMP,1,pays_dans_perimetre
2016,Denmark,ENCFAE,VAN,INPAT,203,2016|DK|ENCFAE|VAN|INPAT,,203,0.0,0.0,0.0,0.0,Vancomycin,J01X,E. faecalis,ENCFAE|Denmark|VAN,0,pays_dans_perimetre
2016,Denmark,ENCFAI,AMP,INPAT,21,2016|DK|ENCFAI|AMP|INPAT,,382,0.945026178010471,0.0228572656269432,0.922168912383528,0.967883443637414,Ampicillin,J01C,E. faecium,ENCFAI|Denmark|AMP,361,pays_dans_perimetre
2016,Denmark,ENCFAI,VAN,INPAT,366,2016|DK|ENCFAI|VAN|INPAT,,391,0.0639386189258312,0.0242494270762148,0.0396891918496164,0.088188046002046,Vancomycin,J01X,E. faecium,ENCFAI|Denmark|VAN,25,pays_dans_perimetre
2016,Denmark,ESCCOL,AMP,INPAT,1012,2016|DK|ESCCOL|AMP|INPAT,,1897,0.466526093832367,0.0224500321161275,0.444076061716239,0.488976125948494,Ampicillin,J01C,E. coli,ESCCOL|Denmark|AMP,885,pays_dans_perimetre
2016,Denmark,ESCCOL,CAZ,INPAT,1506,2016|DK|ESCCOL|CAZ|INPAT,,1656,0.0905797101449275,0.013823680516856,0.0767560296280716,0.104403390661784,Ceftazidime,J01D,E. coli,ESCCOL|Denmark|CAZ,150,pays_dans_perimetre
2016,Denmark,ESCCOL,CIP,INPAT,1736,2016|DK|ESCCOL|CIP|INPAT,,1996,0.130260521042084,0.0147664738396592,0.115494047202425,0.145026994881743,Ciprofloxacin,J01M,E. coli,ESCCOL|Denmark|CIP,260,pays_dans_perimetre
2016,Denmark,ESCCOL,CRO,INPAT,189,2016|DK|ESCCOL|CRO|INPAT,,210,0.1,0.0405758548893304,0.0594241451106696,0.14057585488933,Ceftriaxone,J01D,E. coli,ESCCOL|Denmark|CRO,21,pays_dans_perimetre
2016,Denmark,ESCCOL,GEN,INPAT,1869,2016|DK|ESCCOL|GEN|INPAT,,1996,0.063627254509018,0.0107083307561296,0.0529189237528884,0.0743355852651477,Gentamicin,J01G,E. coli,ESCCOL|Denmark|GEN,127,pays_dans_perimetre
2016,Denmark,ESCCOL,MEM,INPAT,1924,2016|DK|ESCCOL|MEM|INPAT,,1924,0.0,0.0,0.0,0.0,Meropenem,J01D,E. coli,ESCCOL|Denmark|MEM,0,pays_dans_perimetre
2016,Denmark,KLEPNE,CAZ,INPAT,374,2016|DK|KLEPNE|CAZ|INPAT,,421,0.111638954869359,0.0300827585281035,0.0815561963412551,0.141721713397462,Ceftazidime,J01D,K. pneumoniae,KLEPNE|Denmark|CAZ,47,pays_dans_perimetre
2016,Denmark,KLEPNE,CIP,INPAT,456,2016|DK|KLEPNE|CIP|INPAT,,504,0.0952380952380952,0.0256279168770462,0.069610178361049,0.120866012115141,Ciprofloxacin,J01M,K. pneumoniae,KLEPNE|Denmark|CIP,48,pays_dans_perimetre
2016,Denmark,KLEPNE,CRO,INPAT,54,2016|DK|KLEPNE|CRO|INPAT,,58,0.0689655172413793,0.0652140176363404,0.0037514996050389,0.13417953487772,Ceftriaxone,J01D,K. pneumoniae,KLEPNE|Denmark|CRO,4,pays_dans_perimetre
2016,Denmark,KLEPNE,GEN,INPAT,485,2016|DK|KLEPNE|GEN|INPAT,,502,0.0338645418326693,0.0158232549493024,0.0180412868833669,0.0496877967819717,Gentamicin,J01G,K. pneumoniae,KLEPNE|Denmark|GEN,17,pays_dans_perimetre
2016,Denmark,KLEPNE,MEM,INPAT,483,2016|DK|KLEPNE|MEM|INPAT,,486,0.0061728395061728,0.0069636327675179,-0.000790793261345,0.0131364722736907,Meropenem,J01D,K. pneumoniae,KLEPNE|Denmark|MEM,3,pays_dans_perimetre
2016,Denmark,PSEAER,CAZ,INPAT,183,2016|DK|PSEAER|CAZ|INPAT,,194,0.0567010309278351,0.0325443321647426,0.0241566987630925,0.0892453630925776,Ceftazidime,J01D,P. aeruginosa,PSEAER|Denmark|CAZ,11,pays_dans_perimetre
2016,Denmark,PSEAER,CIP,INPAT,196,2016|DK|PSEAER|CIP|INPAT,,204,0.0392156862745098,0.0266369103718431,0.0125787759026667,0.0658525966463529,Ciprofloxacin,J01M,P. aeruginosa,PSEAER|Denmark|CIP,8,pays_dans_perimetre
2016,Denmark,PSEAER,GEN,INPAT,199,2016|DK|PSEAER|GEN|INPAT,,204,0.0245098039215686,0.0212188753029995,0.0032909286185691,0.0457286792245682,Gentamicin,J01G,P. aeruginosa,PSEAER|Denmark|GEN,5,pays_dans_perimetre
2016,Denmark,PSEAER,MEM,INPAT,192,2016|DK|PSEAER|MEM|INPAT,,202,0.0495049504950495,0.0299143541957188,0.0195905962993307,0.0794193046907683,Meropenem,J01D,P. aeruginosa,PSEAER|Denmark|MEM,10,pays_dans_perimetre
2016,Denmark,PSEAER,TZP,INPAT,195,2016|DK|PSEAER|TZP|INPAT,,204,0.0441176470588235,0.0281805445256449,0.0159371025331786,0.0722981915844685,Piperacillin + Tazobactam,J01C,P. aeruginosa,PSEAER|Denmark|TZP,9,pays_dans_perimetre
2016,Estonia,ESCCOL,CAZ,INPAT,390,2016|EE|ESCCOL|CAZ|INPAT,,430,0.0930232558139535,0.0274546358140678,0.0655686199998856,0.120477891628021,Ceftazidime,J01D,E. coli,ESCCOL|Estonia|CAZ,40,pays_dans_perimetre
2016,Estonia,ESCCOL,FEP,INPAT,290,2016|EE|ESCCOL|FEP|INPAT,,308,0.0584415584415584,0.0261978256850371,0.0322437327565213,0.0846393841265956,Cefepime,J01D,E. coli,ESCCOL|Estonia|FEP,18,pays_dans_perimetre
2016,Estonia,KLEPNE,CIP,INPAT,110,2016|EE|KLEPNE|CIP|INPAT,,166,0.337349397590361,0.0719257328127406,0.265423664777621,0.409275130403102,Ciprofloxacin,J01M,K. pneumoniae,KLEPNE|Estonia|CIP,56,pays_dans_perimetre
2016,Estonia,KLEPNE,GEN,INPAT,130,2016|EE|KLEPNE|GEN|INPAT,,166,0.216867469879518,0.0626926843717861,0.154174785507732,0.279560154251304,Gentamicin,J01G,K. pneumoniae,KLEPNE|Estonia|GEN,36,pays_dans_perimetre
2016,Estonia,STAAUR,CIP,INPAT,258,2016|EE|STAAUR|CIP|INPAT,,269,0.0408921933085502,0.0236664897189648,0.0172257035895853,0.064558683027515,Ciprofloxacin,J01M,S. aureus,STAAUR|Estonia|CIP,11,pays_dans_perimetre
2016,Finland,ESCCOL,AMP,INPAT,537,2016|FI|ESCCOL|AMP|INPAT,,831,0.353790613718412,0.0325098783006471,0.321280735417764,0.386300492019059,Ampicillin,J01C,E. coli,ESCCOL|Finland|AMP,294,pays_dans_perimetre
2016,Finland,ESCCOL,CAZ,INPAT,995,2016|FI|ESCCOL|CAZ|INPAT,,1072,0.0718283582089552,0.0154568430212734,0.0563715151876818,0.0872852012302286,Ceftazidime,J01D,E. coli,ESCCOL|Finland|CAZ,77,pays_dans_perimetre
2016,Finland,ESCCOL,CIP,INPAT,737,2016|FI|ESCCOL|CIP|INPAT,,829,0.110977080820265,0.0213821776327613,0.0895949031875041,0.132359258453027,Ciprofloxacin,J01M,E. coli,ESCCOL|Finland|CIP,92,pays_dans_perimetre
2016,Finland,ESCCOL,CRO,INPAT,1015,2016|FI|ESCCOL|CRO|INPAT,,1110,0.0855855855855856,0.0164575971315187,0.0691279884540669,0.102043182717104,Ceftriaxone,J01D,E. coli,ESCCOL|Finland|CRO,95,pays_dans_perimetre
2016,Finland,ESCCOL,NET,INPAT,120,2016|FI|ESCCOL|NET|INPAT,,124,0.032258064516129,0.0310988380194326,0.0011592264966964,0.0633569025355616,Netilmicin,J01G,E. coli,ESCCOL|Finland|NET,4,pays_dans_perimetre
2016,Finland,ESCCOL,TOB,INPAT,985,2016|FI|ESCCOL|TOB|INPAT,,1061,0.0716305372290292,0.0155170052436832,0.056113531985346,0.0871475424727124,Tobramycin,J01G,E. coli,ESCCOL|Finland|TOB,76,pays_dans_perimetre
2016,Finland,KLEPNE,CAZ,INPAT,205,2016|FI|KLEPNE|CAZ|INPAT,,222,0.0765765765765766,0.0349806601286053,0.0415959164479713,0.111557236705182,Ceftazidime,J01D,K. pneumoniae,KLEPNE|Finland|CAZ,17,pays_dans_perimetre
2016,Finland,KLEPNE,CIP,INPAT,158,2016|FI|KLEPNE|CIP|INPAT,,173,0.0867052023121387,0.0419334977938515,0.0447717045182872,0.12863870010599,Ciprofloxacin,J01M,K. pneumoniae,KLEPNE|Finland|CIP,15,pays_dans_perimetre
2016,Finland,KLEPNE,TOB,INPAT,210,2016|FI|KLEPNE|TOB|INPAT,,223,0.0582959641255605,0.030752476854542,0.0275434872710186,0.0890484409801025,Tobramycin,J01G,K. pneumoniae,KLEPNE|Finland|TOB,13,pays_dans_perimetre
2016,Ireland,ENCFAE,AMP,INPAT,55,2016|IE|ENCFAE|AMP|INPAT,,55,0.0,0.0,0.0,0.0,Ampicillin,J01C,E. faecalis,ENCFAE|Ireland|AMP,0,pays_dans_perimetre
2016,Ireland,ENCFAE,VAN,INPAT,81,2016|IE|ENCFAE|VAN|INPAT,,81,0.0,0.0,0.0,0.0,Vancomycin,J01X,E. faecalis,ENCFAE|Ireland|VAN,0,pays_dans_perimetre
2016,Ireland,ENCFAI,AMP,INPAT,5,2016|IE|ENCFAI|AMP|INPAT,,89,0.943820224719101,0.0478404996255182,0.895979725093583,0.991660724344619,Ampicillin,J01C,E. faecium,ENCFAI|Ireland|AMP,84,pays_dans_perimetre
2016,Ireland,ENCFAI,VAN,INPAT,77,2016|IE|ENCFAI|VAN|INPAT,,134,0.425373134328358,0.0837108331254386,0.34166230120292,0.509083967453797,Vancomycin,J01X,E. faecium,ENCFAI|Ireland|VAN,57,pays_dans_perimetre
2016,Ireland,ESCCOL,AMC,INPAT,332,2016|IE|ESCCOL|AMC|INPAT,,555,0.401801801801802,0.0407885315237701,0.361013270278032,0.442590333325572,Amoxicillin + clavulanic acid,J01C,E. coli,ESCCOL|Ireland|AMC,223,pays_dans_perimetre
2016,Ireland,ESCCOL,AMK,INPAT,533,2016|IE|ESCCOL|AMK|INPAT,,551,0.0326678765880218,0.0148432338664222,0.0178246427215996,0.047511110454444,Amikacin,J01G,E. coli,ESCCOL|Ireland|AMK,18,pays_dans_perimetre
2016,Ireland,ESCCOL,AMP,INPAT,149,2016|IE|ESCCOL|AMP|INPAT,,498,0.700803212851406,0.0402177624795338,0.660585450371872,0.741020975330939,Ampicillin,J01C,E. coli,ESCCOL|Ireland|AMP,349,pays_dans_perimetre
2016,Ireland,ESCCOL,CAZ,INPAT,449,2016|IE|ESCCOL|CAZ|INPAT,,497,0.096579476861167,0.0259696010189439,0.0706098758422231,0.122549077880111,Ceftazidime,J01D,E. coli,ESCCOL|Ireland|CAZ,48,pays_dans_perimetre
2016,Ireland,ESCCOL,CIP,INPAT,547,2016|IE|ESCCOL|CIP|INPAT,,709,0.228490832157969,0.0309056504996842,0.197585181658285,0.259396482657653,Ciprofloxacin,J01M,E. coli,ESCCOL|Ireland|CIP,162,pays_dans_perimetre
2016,Ireland,ESCCOL,CRO,INPAT,140,2016|IE|ESCCOL|CRO|INPAT,,151,0.0728476821192053,0.0414525269985453,0.03139515512066,0.114300209117751,Ceftriaxone,J01D,E. coli,ESCCOL|Ireland|CRO,11,pays_dans_perimetre
2016,Ireland,ESCCOL,CTX,INPAT,493,2016|IE|ESCCOL|CTX|INPAT,,568,0.132042253521127,0.0278411813449202,0.104201072176207,0.159883434866047,Cefotaxime,J01D,E. coli,ESCCOL|Ireland|CTX,75,pays_dans_perimetre
2016,Ireland,ESCCOL,ETP,INPAT,462,2016|IE|ESCCOL|ETP|INPAT,,463,0.0021598272138228,0.0042286873114588,-0.0020688600976359,0.0063885145252817,Ertapenem,J01D,E. coli,ESCCOL|Ireland|ETP,1,pays_dans_perimetre
2016,Ireland,ESCCOL,GEN,INPAT,622,2016|IE|ESCCOL|GEN|INPAT,,709,0.122708039492243,0.0241513569789184,0.0985566825133242,0.146859396471161,Gentamicin,J01G,E. coli,ESCCOL|Ireland|GEN,87,pays_dans_perimetre
2016,Ireland,KLEPNE,AMC,INPAT,60,2016|IE|KLEPNE|AMC|INPAT,,88,0.318181818181818,0.0973165499494542,0.220865268232364,0.415498368131272,Amoxicillin + clavulanic acid,J01C,K. pneumoniae,KLEPNE|Ireland|AMC,28,pays_dans_perimetre
2016,Ireland,STAAUR,OXA,INPAT,192,2016|IE|STAAUR|OXA|INPAT,,222,0.135135135135135,0.044971549489562,0.0901635856455731,0.180106684624697,Oxacillin,J01C,S. aureus,STAAUR|Ireland|OXA,30,pays_dans_perimetre
2016,Lithuania,ACISPP,AMK,INPAT,18,2016|LT|ACISPP|AMK|INPAT,,86,0.790697674418605,0.0859803291589217,0.704717345259683,0.876678003577526,Amikacin,J01G,Acinetobaccter spp.,ACISPP|Lithuania|AMK,68,pays_dans_perimetre
2016,Lithuania,ACISPP,CIP,INPAT,11,2016|LT|ACISPP|CIP|INPAT,,87,0.873563218390805,0.069836156758427,0.803727061632378,0.943399375149232,Ciprofloxacin,J01M,Acinetobaccter spp.,ACISPP|Lithuania|CIP,76,pays_dans_perimetre
2016,Lithuania,ACISPP,COL,INPAT,60,2016|LT|ACISPP|COL|INPAT,,60,0.0,0.0,0.0,0.0,Colistin,J01X,Acinetobaccter spp.,ACISPP|Lithuania|COL,0,pays_dans_perimetre
2016,Lithuania,ACISPP,GEN,INPAT,15,2016|LT|ACISPP|GEN|INPAT,,87,0.827586206896552,0.0793759744999185,0.748210232396633,0.90696218139647,Gentamicin,J01G,Acinetobaccter spp.,ACISPP|Lithuania|GEN,72,pays_dans_perimetre
2016,Lithuania,ACISPP,IPM,INPAT,13,2016|LT|ACISPP|IPM|INPAT,,84,0.845238095238095,0.077346023862946,0.767892071375149,0.922584119101041,Imipenem,J01D,Acinetobaccter spp.,ACISPP|Lithuania|IPM,71,pays_dans_perimetre
2016,Lithuania,ACISPP,MEM,INPAT,11,2016|LT|ACISPP|MEM|INPAT,,79,0.860759493670886,0.0763424746160315,0.784417019054855,0.937101968286918,Meropenem,J01D,Acinetobaccter spp.,ACISPP|Lithuania|MEM,68,pays_dans_perimetre
2016,Lithuania,ESCCOL,AMC,INPAT,537,2016|LT|ESCCOL|AMC|INPAT,,786,0.316793893129771,0.0325243831584576,0.284269509971313,0.349318276288229,Amoxicillin + clavulanic acid,J01C,E. coli,ESCCOL|Lithuania|AMC,249,pays_dans_perimetre
2016,Lithuania,ESCCOL,AMP,INPAT,324,2016|LT|ESCCOL|AMP|INPAT,,794,0.591939546599496,0.0341858790524706,0.557753667547026,0.626125425651967,Ampicillin,J01C,E. coli,ESCCOL|Lithuania|AMP,470,pays_dans_perimetre
2016,Lithuania,ESCCOL,CAZ,INPAT,661,2016|LT|ESCCOL|CAZ|INPAT,,767,0.138200782268579,0.0244239941803227,0.113776788088256,0.162624776448902,Ceftazidime,J01D,E. coli,ESCCOL|Lithuania|CAZ,106,pays_dans_perimetre
2016,Lithuania,ESCCOL,CIP,INPAT,630,2016|LT|ESCCOL|CIP|INPAT,,790,0.20253164556962,0.0280250051113244,0.174506640458296,0.230556650680945,Ciprofloxacin,J01M,E. coli,ESCCOL|Lithuania|CIP,160,pays_dans_perimetre
2016,Lithuania,ESCCOL,CRO,INPAT,181,2016|LT|ESCCOL|CRO|INPAT,,214,0.154205607476636,0.0483873311353797,0.105818276341256,0.202592938612015,Ceftriaxone,J01D,E. coli,ESCCOL|Lithuania|CRO,33,pays_dans_perimetre
2016,Lithuania,ESCCOL,CTX,INPAT,547,2016|LT|ESCCOL|CTX|INPAT,,643,0.149300155520995,0.0275466563826652,0.12175349913833,0.176846811903661,Cefotaxime,J01D,E. coli,ESCCOL|Lithuania|CTX,96,pays_dans_perimetre
2016,Lithuania,ESCCOL,GEN,INPAT,721,2016|LT|ESCCOL|GEN|INPAT,,791,0.0884955752212389,0.0197928347370896,0.0687027404841494,0.108288409958329,Gentamicin,J01G,E. coli,ESCCOL|Lithuania|GEN,70,pays_dans_perimetre
2016,Lithuania,KLEPNE,AMC,INPAT,116,2016|LT|KLEPNE|AMC|INPAT,,319,0.636363636363636,0.0527894406552132,0.583574195708423,0.68915307701885,Amoxicillin + clavulanic acid,J01C,K. pneumoniae,KLEPNE|Lithuania|AMC,203,pays_dans_perimetre
2016,Lithuania,KLEPNE,CAZ,INPAT,132,2016|LT|KLEPNE|CAZ|INPAT,,316,0.582278481012658,0.0543777613703473,0.527900719642311,0.636656242383006,Ceftazidime,J01D,K. pneumoniae,KLEPNE|Lithuania|CAZ,184,pays_dans_perimetre
2016,Lithuania,KLEPNE,CIP,INPAT,143,2016|LT|KLEPNE|CIP|INPAT,,323,0.557275541795666,0.0541697160576292,0.503105825738036,0.611445257853295,Ciprofloxacin,J01M,K. pneumoniae,KLEPNE|Lithuania|CIP,180,pays_dans_perimetre
2016,Lithuania,KLEPNE,GEN,INPAT,161,2016|LT|KLEPNE|GEN|INPAT,,324,0.503086419753086,0.0544434071604349,0.448643012592651,0.557529826913521,Gentamicin,J01G,K. pneumoniae,KLEPNE|Lithuania|GEN,163,pays_dans_perimetre
2016,Lithuania,KLEPNE,TZP,INPAT,153,2016|LT|KLEPNE|TZP|INPAT,,317,0.517350157728707,0.0550091352017166,0.46234102252699,0.572359292930423,Piperacillin + Tazobactam,J01C,K. pneumoniae,KLEPNE|Lithuania|TZP,164,pays_dans_perimetre
2016,Lithuania,STAAUR,FOX,INPAT,444,2016|LT|STAAUR|FOX|INPAT,,502,0.115537848605578,0.0279644303839964,0.0875734182215813,0.143502278989574,Cefoxitin,J01D,S. aureus,STAAUR|Lithuania|FOX,58,pays_dans_perimetre
2016,Lithuania,STAAUR,RIF,INPAT,319,2016|LT|STAAUR|RIF|INPAT,,329,0.0303951367781155,0.0185505831267922,0.0118445536513233,0.0489457199049077,Rifampicin,J04A,S. aureus,STAAUR|Lithuania|RIF,10,pays_dans_perimetre
2016,Lithuania,STRPNE,ERY,INPAT,77,2016|LT|STRPNE|ERY|INPAT,,94,0.180851063829787,0.0778097668929236,0.103041296936864,0.258660830722711,Erythromycin,J01F,S. pneumoniae,STRPNE|Lithuania|ERY,17,pays_dans_perimetre
2016,Lithuania,STRPNE,OXA,INPAT,83,2016|LT|STRPNE|OXA|INPAT,,98,0.153061224489796,0.0712855711421408,0.0817756533476551,0.224346795631937,Oxacillin,J01C,S. pneumoniae,STRPNE|Lithuania|OXA,15,pays_dans_perimetre
2016,Luxembourg,ESCCOL,TZP,INPAT,190,2016|LU|ESCCOL|TZP|INPAT,,224,0.151785714285714,0.04698944362833,0.104796270657384,0.198775157914044,Piperacillin + Tazobactam,J01C,E. coli,ESCCOL|Luxembourg|TZP,34,pays_dans_perimetre
2016,Luxembourg,KLEPNE,TZP,INPAT,28,2016|LU|KLEPNE|TZP|INPAT,,50,0.44,0.137591441594309,0.302408558405691,0.577591441594309,Piperacillin + Tazobactam,J01C,K. pneumoniae,KLEPNE|Luxembourg|TZP,22,pays_dans_perimetre
2016,Latvia,ACISPP,AMK,INPAT,21,2016|LV|ACISPP|AMK|INPAT,,81,0.740740740740741,0.0954363487644053,0.645304391976335,0.836177089505146,Amikacin,J01G,Acinetobaccter spp.,ACISPP|Latvia|AMK,60,pays_dans_perimetre
2016,Latvia,ACISPP,GEN,INPAT,15,2016|LV|ACISPP|GEN|INPAT,,79,0.810126582278481,0.0864870434276422,0.723639538850839,0.896613625706123,Gentamicin,J01G,Acinetobaccter spp.,ACISPP|Latvia|GEN,64,pays_dans_perimetre
2016,Latvia,ACISPP,IPM,INPAT,20,2016|LV|ACISPP|IPM|INPAT,,80,0.75,0.0948880919820817,0.655111908017918,0.844888091982082,Imipenem,J01D,Acinetobaccter spp.,ACISPP|Latvia|IPM,60,pays_dans_perimetre
2016,Latvia,ESCCOL,AMK,INPAT,209,2016|LV|ESCCOL|AMK|INPAT,,216,0.0324074074074074,0.02361552515291,0.0087918822544973,0.0560229325603174,Amikacin,J01G,E. coli,ESCCOL|Latvia|AMK,7,pays_dans_perimetre
2016,Latvia,ESCCOL,AMP,INPAT,106,2016|LV|ESCCOL|AMP|INPAT,,247,0.57085020242915,0.0617267100713878,0.509123492357762,0.632576912500537,Ampicillin,J01C,E. coli,ESCCOL|Latvia|AMP,141,pays_dans_perimetre
2016,Latvia,ESCCOL,CAZ,INPAT,189,2016|LV|ESCCOL|CAZ|INPAT,,246,0.231707317073171,0.0527256255019117,0.178981691571259,0.284432942575082,Ceftazidime,J01D,E. coli,ESCCOL|Latvia|CAZ,57,pays_dans_perimetre
2016,Latvia,ESCCOL,CIP,INPAT,171,2016|LV|ESCCOL|CIP|INPAT,,243,0.296296296296296,0.0574130956762178,0.238883200620079,0.353709391972514,Ciprofloxacin,J01M,E. coli,ESCCOL|Latvia|CIP,72,pays_dans_perimetre
2016,Latvia,ESCCOL,CRO,INPAT,112,2016|LV|ESCCOL|CRO|INPAT,,140,0.2,0.0662600935707157,0.133739906429284,0.266260093570716,Ceftriaxone,J01D,E. coli,ESCCOL|Latvia|CRO,28,pays_dans_perimetre
2016,Latvia,ESCCOL,CTX,INPAT,186,2016|LV|ESCCOL|CTX|INPAT,,248,0.25,0.0538928147703473,0.196107185229653,0.303892814770347,Cefotaxime,J01D,E. coli,ESCCOL|Latvia|CTX,62,pays_dans_perimetre
2016,Latvia,ESCCOL,GEN,INPAT,219,2016|LV|ESCCOL|GEN|INPAT,,244,0.102459016393443,0.0380507650911957,0.0644082513022469,0.140509781484638,Gentamicin,J01G,E. coli,ESCCOL|Latvia|GEN,25,pays_dans_perimetre
2016,Latvia,ESCCOL,TOB,INPAT,71,2016|LV|ESCCOL|TOB|INPAT,,87,0.183908045977011,0.0814078636910175,0.102500182285994,0.265315909668029,Tobramycin,J01G,E. coli,ESCCOL|Latvia|TOB,16,pays_dans_perimetre
2016,Latvia,STAAUR,CIP,INPAT,258,2016|LV|STAAUR|CIP|INPAT,,273,0.0549450549450549,0.0270313405096126,0.0279137144354423,0.0819763954546676,Ciprofloxacin,J01M,S. aureus,STAAUR|Latvia|CIP,15,pays_dans_perimetre
2016,Latvia,STAAUR,FOX,INPAT,265,2016|LV|STAAUR|FOX|INPAT,,276,0.0398550724637681,0.0230787205126073,0.0167763519511608,0.0629337929763754,Cefoxitin,J01D,S. aureus,STAAUR|Latvia|FOX,11,pays_dans_perimetre
2016,Latvia,STAAUR,LVX,INPAT,84,2016|LV|STAAUR|LVX|INPAT,,87,0.0344827586206897,0.0383422383691415,-0.0038594797484518,0.0728249969898312,Levofloxacin,J01M,S. aureus,STAAUR|Latvia|LVX,3,pays_dans_perimetre
2016,Latvia,STAAUR,RIF,INPAT,236,2016|LV|STAAUR|RIF|INPAT,,237,0.0042194092827004,0.0082525764043874,-0.004033167121687,0.0124719856870879,Rifampicin,J04A,S. aureus,STAAUR|Latvia|RIF,1,pays_dans_perimetre
2016,Malta,ESCCOL,AMC,INPAT,90,2016|MT|ESCCOL|AMC|INPAT,,128,0.296875,0.0791505924436431,0.217724407556357,0.376025592443643,Amoxicillin + clavulanic acid,J01C,E. coli,ESCCOL|Malta|AMC,38,pays_dans_perimetre
2016,Malta,ESCCOL,AMK,INPAT,110,2016|MT|ESCCOL|AMK|INPAT,,128,0.140625,0.0602245705785204,0.0804004294214796,0.20084957057852,Amikacin,J01G,E. coli,ESCCOL|Malta|AMK,18,pays_dans_perimetre
2016,Malta,ESCCOL,AMP,INPAT,52,2016|MT|ESCCOL|AMP|INPAT,,126,0.587301587301587,0.0859642315638756,0.501337355737712,0.673265818865463,Ampicillin,J01C,E. coli,ESCCOL|Malta|AMP,74,pays_dans_perimetre
2016,Malta,ESCCOL,CAZ,INPAT,110,2016|MT|ESCCOL|CAZ|INPAT,,128,0.140625,0.0602245705785204,0.0804004294214796,0.20084957057852,Ceftazidime,J01D,E. coli,ESCCOL|Malta|CAZ,18,pays_dans_perimetre
2016,Malta,ESCCOL,CIP,INPAT,81,2016|MT|ESCCOL|CIP|INPAT,,128,0.3671875,0.0835088600437735,0.283678639956227,0.450696360043773,Ciprofloxacin,J01M,E. coli,ESCCOL|Malta|CIP,47,pays_dans_perimetre
2016,Malta,ESCCOL,FEP,INPAT,110,2016|MT|ESCCOL|FEP|INPAT,,128,0.140625,0.0602245705785204,0.0804004294214796,0.20084957057852,Cefepime,J01D,E. coli,ESCCOL|Malta|FEP,18,pays_dans_perimetre
2016,Malta,ESCCOL,GEN,INPAT,114,2016|MT|ESCCOL|GEN|INPAT,,128,0.109375,0.0540701482577696,0.0553048517422304,0.16344514825777,Gentamicin,J01G,E. coli,ESCCOL|Malta|GEN,14,pays_dans_perimetre
2016,Malta,ESCCOL,TZP,INPAT,107,2016|MT|ESCCOL|TZP|INPAT,,128,0.1640625,0.0641567939330175,0.0999057060669825,0.228219293933018,Piperacillin + Tazobactam,J01C,E. coli,ESCCOL|Malta|TZP,21,pays_dans_perimetre
2016,Norway,ENCFAE,AMP,INPAT,405,2016|NO|ENCFAE|AMP|INPAT,,406,0.0024630541871921,0.0048216372382696,-0.0023585830510775,0.0072846914254617,Ampicillin,J01C,E. faecalis,ENCFAE|Norway|AMP,1,pays_dans_perimetre
2016,Norway,ENCFAE,VAN,INPAT,397,2016|NO|ENCFAE|VAN|INPAT,,397,0.0,0.0,0.0,0.0,Vancomycin,J01X,E. faecalis,ENCFAE|Norway|VAN,0,pays_dans_perimetre
2016,Norway,ESCCOL,AMC,INPAT,642,2016|NO|ESCCOL|AMC|INPAT,,809,0.206427688504326,0.0278906758679756,0.178537012636351,0.234318364372302,Amoxicillin + clavulanic acid,J01C,E. coli,ESCCOL|Norway|AMC,167,pays_dans_perimetre
2016,Norway,ESCCOL,AMP,INPAT,1667,2016|NO|ESCCOL|AMP|INPAT,,2881,0.421381464769177,0.0180309382978191,0.403350526471358,0.439412403066996,Ampicillin,J01C,E. coli,ESCCOL|Norway|AMP,1214,pays_dans_perimetre
2016,Norway,ESCCOL,CAZ,INPAT,2466,2016|NO|ESCCOL|CAZ|INPAT,,2618,0.0580595874713522,0.0089581831662774,0.0491014043050747,0.0670177706376297,Ceftazidime,J01D,E. coli,ESCCOL|Norway|CAZ,152,pays_dans_perimetre
2016,Norway,ESCCOL,CIP,INPAT,2523,2016|NO|ESCCOL|CIP|INPAT,,2877,0.123044838373306,0.0120034623553599,0.111041376017946,0.135048300728665,Ciprofloxacin,J01M,E. coli,ESCCOL|Norway|CIP,354,pays_dans_perimetre
2016,Norway,ESCCOL,CTX,INPAT,2393,2016|NO|ESCCOL|CTX|INPAT,,2534,0.0556432517758485,0.0089253871068908,0.0467178646689576,0.0645686388827393,Cefotaxime,J01D,E. coli,ESCCOL|Norway|CTX,141,pays_dans_perimetre
2016,Norway,ESCCOL,GEN,INPAT,2567,2016|NO|ESCCOL|GEN|INPAT,,2724,0.0576358296622614,0.0087520174930823,0.048883812169179,0.0663878471553437,Gentamicin,J01G,E. coli,ESCCOL|Norway|GEN,157,pays_dans_perimetre
2016,Norway,ESCCOL,IPM,INPAT,679,2016|NO|ESCCOL|IPM|INPAT,,680,0.0014705882352941,0.0028802327842576,-0.0014096445489634,0.0043508210195517,Imipenem,J01D,E. coli,ESCCOL|Norway|IPM,1,pays_dans_perimetre
2016,Norway,ESCCOL,MEM,INPAT,2779,2016|NO|ESCCOL|MEM|INPAT,,2782,0.001078360891445,0.0012196220951723,-0.0001412612037273,0.0022979829866173,Meropenem,J01D,E. coli,ESCCOL|Norway|MEM,3,pays_dans_perimetre
2016,Norway,ESCCOL,NAL,INPAT,279,2016|NO|ESCCOL|NAL|INPAT,,331,0.157099697885196,0.0392028692535095,0.117896828631687,0.196302567138706,Nalidixic acid,J01M,E. coli,ESCCOL|Norway|NAL,52,pays_dans_perimetre
2016,Norway,ESCCOL,TOB,INPAT,892,2016|NO|ESCCOL|TOB|INPAT,,947,0.058078141499472,0.0148968647500691,0.0431812767494029,0.0729750062495411,Tobramycin,J01G,E. coli,ESCCOL|Norway|TOB,55,pays_dans_perimetre
2016,Norway,ESCCOL,TZP,INPAT,2307,2016|NO|ESCCOL|TZP|INPAT,,2416,0.0451158940397351,0.0082765191197788,0.0368393749199563,0.053392413159514,Piperacillin + Tazobactam,J01C,E. coli,ESCCOL|Norway|TZP,109,pays_dans_perimetre
2016,Norway,KLEPNE,FEP,INPAT,106,2016|NO|KLEPNE|FEP|INPAT,,109,0.0275229357798165,0.0307135406315655,-0.0031906048517489,0.058236476411382,Cefepime,J01D,K. pneumoniae,KLEPNE|Norway|FEP,3,pays_dans_perimetre
2016,Norway,KLEPNE,TGC,INPAT,43,2016|NO|KLEPNE|TGC|INPAT,,53,0.188679245283019,0.105335920490957,0.0833433247920615,0.294015165773976,Tigecycline,J01A,K. pneumoniae,KLEPNE|Norway|TGC,10,pays_dans_perimetre
2016,Norway,KLEPNE,TZP,INPAT,505,2016|NO|KLEPNE|TZP|INPAT,,559,0.0966010733452594,0.0244895569663804,0.0721115163788789,0.12109063031164,Piperacillin + Tazobactam,J01C,K. pneumoniae,KLEPNE|Norway|TZP,54,pays_dans_perimetre
2016,Norway,STAAUR,CIP,INPAT,783,2016|NO|STAAUR|CIP|INPAT,,819,0.043956043956044,0.0140398461936358,0.0299161977624082,0.0579958901496798,Ciprofloxacin,J01M,S. aureus,STAAUR|Norway|CIP,36,pays_dans_perimetre
2016,Norway,STAAUR,OXA,INPAT,719,2016|NO|STAAUR|OXA|INPAT,,727,0.0110041265474553,0.0075833987694093,0.0034207277780459,0.0185875253168647,Oxacillin,J01C,S. aureus,STAAUR|Norway|OXA,8,pays_dans_perimetre
2016,Norway,STRPNE,CTX,INPAT,319,2016|NO|STRPNE|CTX|INPAT,,322,0.0093167701863354,0.010493690057675,-0.0011769198713396,0.0198104602440104,Cefotaxime,J01D,S. pneumoniae,STRPNE|Norway|CTX,3,pays_dans_perimetre
2016,Norway,STRPNE,ERY,INPAT,343,2016|NO|STRPNE|ERY|INPAT,,378,0.0925925925925926,0.0292212946733861,0.0633712979192065,0.121813887265979,Erythromycin,J01F,S. pneumoniae,STRPNE|Norway|ERY,35,pays_dans_perimetre
2016,Norway,STRPNE,PEN,INPAT,389,2016|NO|STRPNE|PEN|INPAT,,404,0.0371287128712871,0.0184376027624878,0.0186911101087993,0.0555663156337749,Penicillin,J01C,S. pneumoniae,STRPNE|Norway|PEN,15,pays_dans_perimetre
2016,Poland,ACISPP,AMK,INPAT,102,2016|PL|ACISPP|AMK|INPAT,,274,0.627737226277372,0.0572393293230249,0.570497896954347,0.684976555600397,Amikacin,J01G,Acinetobaccter spp.,ACISPP|Poland|AMK,172,pays_dans_perimetre
2016,Poland,ACISPP,CIP,INPAT,66,2016|PL|ACISPP|CIP|INPAT,,382,0.827225130890052,0.0379119860656775,0.789313144824375,0.86513711695573,Ciprofloxacin,J01M,Acinetobaccter spp.,ACISPP|Poland|CIP,316,pays_dans_perimetre
2016,Poland,ACISPP,GEN,INPAT,133,2016|PL|ACISPP|GEN|INPAT,,376,0.646276595744681,0.0483284939187644,0.597948101825917,0.694605089663445,Gentamicin,J01G,Acinetobaccter spp.,ACISPP|Poland|GEN,243,pays_dans_perimetre
2016,Poland,ACISPP,IPM,INPAT,120,2016|PL|ACISPP|IPM|INPAT,,383,0.68668407310705,0.0464543521356652,0.640229720971384,0.733138425242715,Imipenem,J01D,Acinetobaccter spp.,ACISPP|Poland|IPM,263,pays_dans_perimetre
2016,Poland,ACISPP,LVX,INPAT,24,2016|PL|ACISPP|LVX|INPAT,,222,0.891891891891892,0.0408474383209156,0.851044453570976,0.932739330212808,Levofloxacin,J01M,Acinetobaccter spp.,ACISPP|Poland|LVX,198,pays_dans_perimetre
2016,Poland,ACISPP,MEM,INPAT,116,2016|PL|ACISPP|MEM|INPAT,,382,0.696335078534031,0.0461137923825262,0.650221286151505,0.742448870916558,Meropenem,J01D,Acinetobaccter spp.,ACISPP|Poland|MEM,266,pays_dans_perimetre
2016,Poland,ACISPP,NET,INPAT,23,2016|PL|ACISPP|NET|INPAT,,78,0.705128205128205,0.101195087458102,0.603933117670104,0.806323292586307,Netilmicin,J01G,Acinetobaccter spp.,ACISPP|Poland|NET,55,pays_dans_perimetre
2016,Poland,ACISPP,TOB,INPAT,135,2016|PL|ACISPP|TOB|INPAT,,345,0.608695652173913,0.0514996123911264,0.557196039782787,0.66019526456504,Tobramycin,J01G,Acinetobaccter spp.,ACISPP|Poland|TOB,210,pays_dans_perimetre
2016,Poland,ENCFAI,LNZ,INPAT,357,2016|PL|ENCFAI|LNZ|INPAT,,360,0.0083333333333333,0.0093906803024706,-0.0010573469691373,0.017724013635804,Linezolid,J01X,E. faecium,ENCFAI|Poland|LNZ,3,pays_dans_perimetre
2016,Poland,ESCCOL,AMC,INPAT,1061,2016|PL|ESCCOL|AMC|INPAT,,2187,0.514860539551898,0.020946418872143,0.493914120679755,0.535806958424041,Amoxicillin + clavulanic acid,J01C,E. coli,ESCCOL|Poland|AMC,1126,pays_dans_perimetre
2016,Poland,ESCCOL,AMP,INPAT,280,2016|PL|ESCCOL|AMP|INPAT,,936,0.700854700854701,0.0293341314383299,0.671520569416371,0.730188832293031,Ampicillin,J01C,E. coli,ESCCOL|Poland|AMP,656,pays_dans_perimetre
2016,Poland,ESCCOL,CAZ,INPAT,1912,2016|PL|ESCCOL|CAZ|INPAT,,2222,0.13951395139514,0.0144067088791239,0.125107242516016,0.153920660274263,Ceftazidime,J01D,E. coli,ESCCOL|Poland|CAZ,310,pays_dans_perimetre
2016,Poland,ESCCOL,CIP,INPAT,1597,2016|PL|ESCCOL|CIP|INPAT,,2517,0.365514501390544,0.0188138475150459,0.346700653875498,0.38432834890559,Ciprofloxacin,J01M,E. coli,ESCCOL|Poland|CIP,920,pays_dans_perimetre
2016,Poland,ESCCOL,CTX,INPAT,2037,2016|PL|ESCCOL|CTX|INPAT,,2341,0.129859034600598,0.0136171511177057,0.116241883482892,0.143476185718304,Cefotaxime,J01D,E. coli,ESCCOL|Poland|CTX,304,pays_dans_perimetre
2016,Poland,ESCCOL,ETP,INPAT,1066,2016|PL|ESCCOL|ETP|INPAT,,1068,0.0018726591760299,0.0025929419408665,-0.0007202827648366,0.0044656011168965,Ertapenem,J01D,E. coli,ESCCOL|Poland|ETP,2,pays_dans_perimetre
2016,Poland,ESCCOL,GEN,INPAT,2157,2016|PL|ESCCOL|GEN|INPAT,,2451,0.119951040391677,0.0128629281050316,0.107088112286645,0.132813968496708,Gentamicin,J01G,E. coli,ESCCOL|Poland|GEN,294,pays_dans_perimetre
2016,Poland,ESCCOL,MEM,INPAT,2422,2016|PL|ESCCOL|MEM|INPAT,,2423,0.0004127115146512,0.0008087476273115,-0.0003960361126603,0.0012214591419628,Meropenem,J01D,E. coli,ESCCOL|Poland|MEM,1,pays_dans_perimetre
2016,Poland,ESCCOL,NET,INPAT,423,2016|PL|ESCCOL|NET|INPAT,,477,0.113207547169811,0.0284344980680632,0.0847730491017482,0.141642045237874,Netilmicin,J01G,E. coli,ESCCOL|Poland|NET,54,pays_dans_perimetre
2016,Poland,ESCCOL,PIP,INPAT,194,2016|PL|ESCCOL|PIP|INPAT,,473,0.58985200845666,0.0443268966172903,0.545525111839369,0.63417890507395,Piperacillin,J01C,E. coli,ESCCOL|Poland|PIP,279,pays_dans_perimetre
2016,Poland,ESCCOL,TZP,INPAT,2146,2016|PL|ESCCOL|TZP|INPAT,,2376,0.0968013468013468,0.0118895438709551,0.0849118029303917,0.108690890672302,Piperacillin + Tazobactam,J01C,E. coli,ESCCOL|Poland|TZP,230,pays_dans_perimetre
2016,Poland,KLEPNE,AMC,INPAT,234,2016|PL|KLEPNE|AMC|INPAT,,907,0.742006615214994,0.0284747947022496,0.713531820512745,0.770481409917244,Amoxicillin + clavulanic acid,J01C,K. pneumoniae,KLEPNE|Poland|AMC,673,pays_dans_perimetre
2016,Poland,KLEPNE,COL,INPAT,575,2016|PL|KLEPNE|COL|INPAT,,605,0.0495867768595041,0.0172988629932101,0.032287913866294,0.0668856398527142,Colistin,J01X,K. pneumoniae,KLEPNE|Poland|COL,30,pays_dans_perimetre
2016,Poland,KLEPNE,CRO,INPAT,73,2016|PL|KLEPNE|CRO|INPAT,,243,0.699588477366255,0.0576411386999234,0.641947338666332,0.757229616066179,Ceftriaxone,J01D,K. pneumoniae,KLEPNE|Poland|CRO,170,pays_dans_perimetre
2016,Poland,KLEPNE,MEM,INPAT,1046,2016|PL|KLEPNE|MEM|INPAT,,1085,0.0359447004608295,0.011076680013411,0.0248680204474185,0.0470213804742405,Meropenem,J01D,K. pneumoniae,KLEPNE|Poland|MEM,39,pays_dans_perimetre
2016,Poland,KLEPNE,TZP,INPAT,373,2016|PL|KLEPNE|TZP|INPAT,,1033,0.63891577928364,0.0292908498627808,0.609624929420859,0.668206629146421,Piperacillin + Tazobactam,J01C,K. pneumoniae,KLEPNE|Poland|TZP,660,pays_dans_perimetre
2016,Poland,PSEAER,COL,INPAT,241,2016|PL|PSEAER|COL|INPAT,,243,0.0082304526748971,0.0113597867855479,-0.0031293341106507,0.019590239460445,Colistin,J01X,P. aeruginosa,PSEAER|Poland|COL,2,pays_dans_perimetre
2016,Poland,STAAUR,CIP,INPAT,1335,2016|PL|STAAUR|CIP|INPAT,,1622,0.176942046855734,0.0185721155804314,0.158369931275302,0.195514162436165,Ciprofloxacin,J01M,S. aureus,STAAUR|Poland|CIP,287,pays_dans_perimetre
2016,Poland,STAAUR,TEC,INPAT,1070,2016|PL|STAAUR|TEC|INPAT,,1073,0.0027958993476234,0.0031594319422884,-0.0003635325946649,0.0059553312899119,Teicoplanin,J01X,S. aureus,STAAUR|Poland|TEC,3,pays_dans_perimetre
2016,Romania,ACISPP,CIP,INPAT,14,2016|RO|ACISPP|CIP|INPAT,,154,0.909090909090909,0.0454049316008067,0.863685977490102,0.954495840691716,Ciprofloxacin,J01M,Acinetobaccter spp.,ACISPP|Romania|CIP,140,pays_dans_perimetre
2016,Romania,ACISPP,GEN,INPAT,16,2016|RO|ACISPP|GEN|INPAT,,149,0.89261744966443,0.0497121424691513,0.842905307195278,0.942329592133581,Gentamicin,J01G,Acinetobaccter spp.,ACISPP|Romania|GEN,133,pays_dans_perimetre
2016,Romania,ACISPP,IPM,INPAT,22,2016|RO|ACISPP|IPM|INPAT,,157,0.859872611464968,0.0542981230530599,0.805574488411908,0.914170734518028,Imipenem,J01D,Acinetobaccter spp.,ACISPP|Romania|IPM,135,pays_dans_perimetre
2016,Romania,ACISPP,LVX,INPAT,8,2016|RO|ACISPP|LVX|INPAT,,64,0.875,0.0810261339013531,0.793973866098647,0.956026133901353,Levofloxacin,J01M,Acinetobaccter spp.,ACISPP|Romania|LVX,56,pays_dans_perimetre
2016,Romania,ACISPP,MEM,INPAT,25,2016|RO|ACISPP|MEM|INPAT,,153,0.836601307189543,0.0585860090421468,0.778015298147396,0.895187316231689,Meropenem,J01D,Acinetobaccter spp.,ACISPP|Romania|MEM,128,pays_dans_perimetre
2016,Romania,ESCCOL,LVX,INPAT,175,2016|RO|ESCCOL|LVX|INPAT,,238,0.264705882352941,0.0560505572718636,0.208655325081078,0.320756439624805,Levofloxacin,J01M,E. coli,ESCCOL|Romania|LVX,63,pays_dans_perimetre
2016,Romania,KLEPNE,LVX,INPAT,60,2016|RO|KLEPNE|LVX|INPAT,,167,0.640718562874252,0.0727694141734721,0.567949148700779,0.713487977047724,Levofloxacin,J01M,K. pneumoniae,KLEPNE|Romania|LVX,107,pays_dans_perimetre
2016,Romania,KLEPNE,MEM,INPAT,191,2016|RO|KLEPNE|MEM|INPAT,,307,0.37785016286645,0.0542368160312434,0.323613346835206,0.432086978897693,Meropenem,J01D,K. pneumoniae,KLEPNE|Romania|MEM,116,pays_dans_perimetre
2017,Bulgaria,ACISPP,CIP,INPAT,4,2017|BG|ACISPP|CIP|INPAT,,92,0.956521739130435,0.0416721264333382,0.914849612697097,0.998193865563773,Ciprofloxacin,J01M,Acinetobaccter spp.,ACISPP|Bulgaria|CIP,88,pays_dans_perimetre
2017,Bulgaria,ACISPP,GEN,INPAT,14,2017|BG|ACISPP|GEN|INPAT,,92,0.847826086956522,0.0733982405631168,0.774427846393405,0.921224327519638,Gentamicin,J01G,Acinetobaccter spp.,ACISPP|Bulgaria|GEN,78,pays_dans_perimetre
2017,Bulgaria,ACISPP,IPM,INPAT,17,2017|BG|ACISPP|IPM|INPAT,,91,0.813186813186813,0.0800818879941427,0.73310492519267,0.893268701180956,Imipenem,J01D,Acinetobaccter spp.,ACISPP|Bulgaria|IPM,74,pays_dans_perimetre
2017,Bulgaria,ACISPP,MEM,INPAT,15,2017|BG|ACISPP|MEM|INPAT,,92,0.83695652173913,0.0754858104950429,0.761470711244088,0.912442332234173,Meropenem,J01D,Acinetobaccter spp.,ACISPP|Bulgaria|MEM,77,pays_dans_perimetre
2017,Bulgaria,ACISPP,TOB,INPAT,17,2017|BG|ACISPP|TOB|INPAT,,67,0.746268656716418,0.104196547761248,0.64207210895517,0.850465204477666,Tobramycin,J01G,Acinetobaccter spp.,ACISPP|Bulgaria|TOB,50,pays_dans_perimetre
2017,Bulgaria,ESCCOL,AMK,INPAT,219,2017|BG|ESCCOL|AMK|INPAT,,243,0.0987654320987654,0.0375123558220891,0.0612530762766763,0.136277787920855,Amikacin,J01G,E. coli,ESCCOL|Bulgaria|AMK,24,pays_dans_perimetre
2017,Bulgaria,ESCCOL,AMP,INPAT,51,2017|BG|ESCCOL|AMP|INPAT,,201,0.746268656716418,0.0601579048985864,0.686110751817832,0.806426561615004,Ampicillin,J01C,E. coli,ESCCOL|Bulgaria|AMP,150,pays_dans_perimetre
2017,Bulgaria,ESCCOL,CAZ,INPAT,135,2017|BG|ESCCOL|CAZ|INPAT,,231,0.415584415584416,0.0635536652731129,0.352030750311303,0.479138080857529,Ceftazidime,J01D,E. coli,ESCCOL|Bulgaria|CAZ,96,pays_dans_perimetre
2017,Bulgaria,ESCCOL,CIP,INPAT,141,2017|BG|ESCCOL|CIP|INPAT,,245,0.424489795918367,0.0618918081685076,0.36259798774986,0.486381604086875,Ciprofloxacin,J01M,E. coli,ESCCOL|Bulgaria|CIP,104,pays_dans_perimetre
2017,Bulgaria,ESCCOL,CRO,INPAT,79,2017|BG|ESCCOL|CRO|INPAT,,150,0.473333333333333,0.079902782411109,0.393430550922224,0.553236115744442,Ceftriaxone,J01D,E. coli,ESCCOL|Bulgaria|CRO,71,pays_dans_perimetre
2017,Bulgaria,ESCCOL,CTX,INPAT,92,2017|BG|ESCCOL|CTX|INPAT,,155,0.406451612903226,0.07732549565444,0.329126117248786,0.483777108557666,Cefotaxime,J01D,E. coli,ESCCOL|Bulgaria|CTX,63,pays_dans_perimetre
2017,Bulgaria,ESCCOL,GEN,INPAT,146,2017|BG|ESCCOL|GEN|INPAT,,227,0.356828193832599,0.0623212596638542,0.294506934168745,0.419149453496453,Gentamicin,J01G,E. coli,ESCCOL|Bulgaria|GEN,81,pays_dans_perimetre
2017,Bulgaria,STAAUR,CIP,INPAT,200,2017|BG|STAAUR|CIP|INPAT,,224,0.107142857142857,0.0405046293650491,0.066638227777808,0.147647486507906,Ciprofloxacin,J01M,S. aureus,STAAUR|Bulgaria|CIP,24,pays_dans_perimetre
2017,Bulgaria,STAAUR,RIF,INPAT,94,2017|BG|STAAUR|RIF|INPAT,,99,0.0505050505050505,0.0431372254716929,0.0073678250333575,0.0936422759767434,Rifampicin,J04A,S. aureus,STAAUR|Bulgaria|RIF,5,pays_dans_perimetre
2017,Cyprus,ESCCOL,AMC,INPAT,98,2017|CY|ESCCOL|AMC|INPAT,,137,0.284671532846715,0.0755649783022993,0.209106554544416,0.360236511149015,Amoxicillin + clavulanic acid,J01C,E. coli,ESCCOL|Cyprus|AMC,39,pays_dans_perimetre
2017,Cyprus,ESCCOL,NOR,INPAT,29,2017|CY|ESCCOL|NOR|INPAT,,65,0.553846153846154,0.120847114674578,0.432999039171576,0.674693268520732,Norfloxacin,J01M,E. coli,ESCCOL|Cyprus|NOR,36,pays_dans_perimetre
2017,Cyprus,ESCCOL,TZP,INPAT,124,2017|CY|ESCCOL|TZP|INPAT,,139,0.107913669064748,0.0515810695445139,0.0563325995202343,0.159494738609262,Piperacillin + Tazobactam,J01C,E. coli,ESCCOL|Cyprus|TZP,15,pays_dans_perimetre
2017,Cyprus,KLEPNE,AMC,INPAT,37,2017|CY|KLEPNE|AMC|INPAT,,61,0.39344262295082,0.122593600932325,0.270849022018495,0.516036223883145,Amoxicillin + clavulanic acid,J01C,K. pneumoniae,KLEPNE|Cyprus|AMC,24,pays_dans_perimetre
2017,Cyprus,KLEPNE,TZP,INPAT,37,2017|CY|KLEPNE|TZP|INPAT,,62,0.403225806451613,0.122106674448819,0.281119132002794,0.525332480900432,Piperacillin + Tazobactam,J01C,K. pneumoniae,KLEPNE|Cyprus|TZP,25,pays_dans_perimetre
2017,Cyprus,PSEAER,FEP,INPAT,49,2017|CY|PSEAER|FEP|INPAT,,53,0.0754716981132075,0.0711164882028684,0.0043552099103391,0.146588186316076,Cefepime,J01D,P. aeruginosa,PSEAER|Cyprus|FEP,4,pays_dans_perimetre
2017,Cyprus,STAAUR,LVX,INPAT,50,2017|CY|STAAUR|LVX|INPAT,,67,0.253731343283582,0.104196547761248,0.149534795522334,0.35792789104483,Levofloxacin,J01M,S. aureus,STAAUR|Cyprus|LVX,17,pays_dans_perimetre
2017,Denmark,ENCFAE,AMP,INPAT,288,2017|DK|ENCFAE|AMP|INPAT,,290,0.0068965517241379,0.0095251169399902,-0.0026285652158522,0.0164216686641282,Ampicillin,J01C,E. faecalis,ENCFAE|Denmark|AMP,2,pays_dans_perimetre
2017,Denmark,ENCFAE,VAN,INPAT,295,2017|DK|ENCFAE|VAN|INPAT,,295,0.0,0.0,0.0,0.0,Vancomycin,J01X,E. faecalis,ENCFAE|Denmark|VAN,0,pays_dans_perimetre
2017,Denmark,ENCFAI,AMP,INPAT,27,2017|DK|ENCFAI|AMP|INPAT,,497,0.945674044265594,0.0199274762088489,0.925746568056745,0.965601520474442,Ampicillin,J01C,E. faecium,ENCFAI|Denmark|AMP,470,pays_dans_perimetre
2017,Denmark,ENCFAI,VAN,INPAT,480,2017|DK|ENCFAI|VAN|INPAT,,512,0.0625,0.0209675041544946,0.0415324958455054,0.0834675041544946,Vancomycin,J01X,E. faecium,ENCFAI|Denmark|VAN,32,pays_dans_perimetre
2017,Denmark,ESCCOL,AMP,INPAT,996,2017|DK|ESCCOL|AMP|INPAT,,1893,0.473851030110935,0.0224934484145285,0.451357581696407,0.496344478525464,Ampicillin,J01C,E. coli,ESCCOL|Denmark|AMP,897,pays_dans_perimetre
2017,Denmark,ESCCOL,CAZ,INPAT,1604,2017|DK|ESCCOL|CAZ|INPAT,,1752,0.0844748858447489,0.0130223078601356,0.0714525779846133,0.0974971937048845,Ceftazidime,J01D,E. coli,ESCCOL|Denmark|CAZ,148,pays_dans_perimetre
2017,Denmark,ESCCOL,CIP,INPAT,1736,2017|DK|ESCCOL|CIP|INPAT,,2058,0.156462585034014,0.0156960658478861,0.140766519186127,0.1721586508819,Ciprofloxacin,J01M,E. coli,ESCCOL|Denmark|CIP,322,pays_dans_perimetre
2017,Denmark,ESCCOL,CRO,INPAT,125,2017|DK|ESCCOL|CRO|INPAT,,143,0.125874125874126,0.0543679896126909,0.071506136261435,0.180242115486817,Ceftriaxone,J01D,E. coli,ESCCOL|Denmark|CRO,18,pays_dans_perimetre
2017,Denmark,ESCCOL,CTX,INPAT,792,2017|DK|ESCCOL|CTX|INPAT,,865,0.084393063583815,0.0185249025055157,0.0658681610782993,0.102917966089331,Cefotaxime,J01D,E. coli,ESCCOL|Denmark|CTX,73,pays_dans_perimetre
2017,Denmark,ESCCOL,GEN,INPAT,1919,2017|DK|ESCCOL|GEN|INPAT,,2057,0.0670879922216821,0.0108113932466491,0.0562765989750329,0.0778993854683312,Gentamicin,J01G,E. coli,ESCCOL|Denmark|GEN,138,pays_dans_perimetre
2017,Denmark,ESCCOL,MEM,INPAT,2053,2017|DK|ESCCOL|MEM|INPAT,,2054,0.0004868549172346,0.0009540033223442,-0.0004671484051096,0.0014408582395789,Meropenem,J01D,E. coli,ESCCOL|Denmark|MEM,1,pays_dans_perimetre
2017,Denmark,KLEPNE,CAZ,INPAT,406,2017|DK|KLEPNE|CAZ|INPAT,,450,0.0977777777777778,0.027442688482836,0.0703350892949418,0.125220466260614,Ceftazidime,J01D,K. pneumoniae,KLEPNE|Denmark|CAZ,44,pays_dans_perimetre
2017,Denmark,KLEPNE,CIP,INPAT,464,2017|DK|KLEPNE|CIP|INPAT,,529,0.122873345935728,0.0279761682967641,0.0948971776389637,0.150849514232492,Ciprofloxacin,J01M,K. pneumoniae,KLEPNE|Denmark|CIP,65,pays_dans_perimetre
2017,Denmark,KLEPNE,CRO,INPAT,39,2017|DK|KLEPNE|CRO|INPAT,,41,0.0487804878048781,0.0659367576694192,-0.0171562698645412,0.114717245474297,Ceftriaxone,J01D,K. pneumoniae,KLEPNE|Denmark|CRO,2,pays_dans_perimetre
2017,Denmark,KLEPNE,CTX,INPAT,207,2017|DK|KLEPNE|CTX|INPAT,,227,0.0881057268722467,0.0368737626709953,0.0512319642012514,0.124979489543242,Cefotaxime,J01D,K. pneumoniae,KLEPNE|Denmark|CTX,20,pays_dans_perimetre
2017,Denmark,KLEPNE,GEN,INPAT,511,2017|DK|KLEPNE|GEN|INPAT,,529,0.0340264650283554,0.0154496720794439,0.0185767929489114,0.0494761371077993,Gentamicin,J01G,K. pneumoniae,KLEPNE|Denmark|GEN,18,pays_dans_perimetre
2017,Denmark,KLEPNE,MEM,INPAT,529,2017|DK|KLEPNE|MEM|INPAT,,529,0.0,0.0,0.0,0.0,Meropenem,J01D,K. pneumoniae,KLEPNE|Denmark|MEM,0,pays_dans_perimetre
2017,Denmark,PSEAER,CAZ,INPAT,215,2017|DK|PSEAER|CAZ|INPAT,,225,0.0444444444444444,0.026927840372106,0.0175166040723384,0.0713722848165505,Ceftazidime,J01D,P. aeruginosa,PSEAER|Denmark|CAZ,10,pays_dans_perimetre
2017,Denmark,PSEAER,CIP,INPAT,228,2017|DK|PSEAER|CIP|INPAT,,243,0.0617283950617284,0.0302593583096689,0.0314690367520595,0.0919877533713973,Ciprofloxacin,J01M,P. aeruginosa,PSEAER|Denmark|CIP,15,pays_dans_perimetre
2017,Denmark,PSEAER,GEN,INPAT,240,2017|DK|PSEAER|GEN|INPAT,,243,0.0123456790123457,0.0138839457861299,-0.0015382667737842,0.0262296247984756,Gentamicin,J01G,P. aeruginosa,PSEAER|Denmark|GEN,3,pays_dans_perimetre
2017,Denmark,PSEAER,MEM,INPAT,230,2017|DK|PSEAER|MEM|INPAT,,243,0.0534979423868313,0.0282932120901095,0.0252047302967217,0.0817911544769408,Meropenem,J01D,P. aeruginosa,PSEAER|Denmark|MEM,13,pays_dans_perimetre
2017,Denmark,PSEAER,TZP,INPAT,236,2017|DK|PSEAER|TZP|INPAT,,243,0.0288065843621399,0.0210306009311533,0.0077759834309866,0.0498371852932932,Piperacillin + Tazobactam,J01C,P. aeruginosa,PSEAER|Denmark|TZP,7,pays_dans_perimetre
2017,Estonia,ESCCOL,CAZ,INPAT,443,2017|EE|ESCCOL|CAZ|INPAT,,494,0.103238866396761,0.0268319724367498,0.0764068939600114,0.130070838833511,Ceftazidime,J01D,E. coli,ESCCOL|Estonia|CAZ,51,pays_dans_perimetre
2017,Estonia,ESCCOL,FEP,INPAT,326,2017|EE|ESCCOL|FEP|INPAT,,357,0.0868347338935574,0.0292107961609872,0.0576239377325702,0.116045530054545,Cefepime,J01D,E. coli,ESCCOL|Estonia|FEP,31,pays_dans_perimetre
2017,Estonia,KLEPNE,CIP,INPAT,103,2017|EE|KLEPNE|CIP|INPAT,,148,0.304054054054054,0.0741119716942531,0.229942082359801,0.378166025748307,Ciprofloxacin,J01M,K. pneumoniae,KLEPNE|Estonia|CIP,45,pays_dans_perimetre
2017,Estonia,KLEPNE,GEN,INPAT,132,2017|EE|KLEPNE|GEN|INPAT,,148,0.108108108108108,0.0500276905930256,0.0580804175150825,0.158135798701134,Gentamicin,J01G,K. pneumoniae,KLEPNE|Estonia|GEN,16,pays_dans_perimetre
2017,Estonia,STAAUR,CIP,INPAT,223,2017|EE|STAAUR|CIP|INPAT,,229,0.0262008733624454,0.0206885905516874,0.005512282810758,0.0468894639141328,Ciprofloxacin,J01M,S. aureus,STAAUR|Estonia|CIP,6,pays_dans_perimetre
2017,Finland,ESCCOL,AMP,INPAT,603,2017|FI|ESCCOL|AMP|INPAT,,919,0.343852013057671,0.0307103666610201,0.313141646396651,0.374562379718691,Ampicillin,J01C,E. coli,ESCCOL|Finland|AMP,316,pays_dans_perimetre
2017,Finland,ESCCOL,CAZ,INPAT,1212,2017|FI|ESCCOL|CAZ|INPAT,,1331,0.0894064613072878,0.0153289983953346,0.0740774629119531,0.104735459702622,Ceftazidime,J01D,E. coli,ESCCOL|Finland|CAZ,119,pays_dans_perimetre
2017,Finland,ESCCOL,CIP,INPAT,868,2017|FI|ESCCOL|CIP|INPAT,,1061,0.181903864278982,0.0232124783986289,0.158691385880353,0.205116342677611,Ciprofloxacin,J01M,E. coli,ESCCOL|Finland|CIP,193,pays_dans_perimetre
2017,Finland,ESCCOL,CRO,INPAT,1254,2017|FI|ESCCOL|CRO|INPAT,,1374,0.0873362445414847,0.0149284721940445,0.0724077723474402,0.102264716735529,Ceftriaxone,J01D,E. coli,ESCCOL|Finland|CRO,120,pays_dans_perimetre
2017,Finland,ESCCOL,NET,INPAT,108,2017|FI|ESCCOL|NET|INPAT,,114,0.0526315789473684,0.0409907908396971,0.0116407881076713,0.0936223697870656,Netilmicin,J01G,E. coli,ESCCOL|Finland|NET,6,pays_dans_perimetre
2017,Finland,ESCCOL,TOB,INPAT,1247,2017|FI|ESCCOL|TOB|INPAT,,1339,0.0687079910380881,0.0135491592177824,0.0551588318203058,0.0822571502558705,Tobramycin,J01G,E. coli,ESCCOL|Finland|TOB,92,pays_dans_perimetre
2017,Finland,KLEPNE,CAZ,INPAT,197,2017|FI|KLEPNE|CAZ|INPAT,,213,0.0751173708920188,0.0353980852307255,0.0397192856612933,0.110515456122744,Ceftazidime,J01D,K. pneumoniae,KLEPNE|Finland|CAZ,16,pays_dans_perimetre
2017,Finland,KLEPNE,CIP,INPAT,120,2017|FI|KLEPNE|CIP|INPAT,,161,0.254658385093168,0.0672976359836773,0.18736074910949,0.321956021076845,Ciprofloxacin,J01M,K. pneumoniae,KLEPNE|Finland|CIP,41,pays_dans_perimetre
2017,Finland,KLEPNE,TOB,INPAT,207,2017|FI|KLEPNE|TOB|INPAT,,222,0.0675675675675676,0.0330185054861471,0.0345490620814205,0.100586073053715,Tobramycin,J01G,K. pneumoniae,KLEPNE|Finland|TOB,15,pays_dans_perimetre
2017,Ireland,ENCFAE,AMP,INPAT,42,2017|IE|ENCFAE|AMP|INPAT,,42,0.0,0.0,0.0,0.0,Ampicillin,J01C,E. faecalis,ENCFAE|Ireland|AMP,0,pays_dans_perimetre
2017,Ireland,ENCFAE,VAN,INPAT,69,2017|IE|ENCFAE|VAN|INPAT,,69,0.0,0.0,0.0,0.0,Vancomycin,J01X,E. faecalis,ENCFAE|Ireland|VAN,0,pays_dans_perimetre
2017,Ireland,ENCFAI,AMP,INPAT,3,2017|IE|ENCFAI|AMP|INPAT,,63,0.952380952380952,0.0525873758497744,0.899793576531178,1.00496832823073,Ampicillin,J01C,E. faecium,ENCFAI|Ireland|AMP,60,pays_dans_perimetre
2017,Ireland,ENCFAI,VAN,INPAT,77,2017|IE|ENCFAI|VAN|INPAT,,115,0.330434782608696,0.0859699099278485,0.244464872680847,0.416404692536544,Vancomycin,J01X,E. faecium,ENCFAI|Ireland|VAN,38,pays_dans_perimetre
2017,Ireland,ESCCOL,AMC,INPAT,160,2017|IE|ESCCOL|AMC|INPAT,,359,0.554317548746518,0.0514163126823324,0.502901236064186,0.60573386142885,Amoxicillin + clavulanic acid,J01C,E. coli,ESCCOL|Ireland|AMC,199,pays_dans_perimetre
2017,Ireland,ESCCOL,AMK,INPAT,386,2017|IE|ESCCOL|AMK|INPAT,,402,0.0398009950248756,0.0191104377557993,0.0206905572690763,0.058911432780675,Amikacin,J01G,E. coli,ESCCOL|Ireland|AMK,16,pays_dans_perimetre
2017,Ireland,ESCCOL,AMP,INPAT,123,2017|IE|ESCCOL|AMP|INPAT,,410,0.7,0.0443581872993905,0.65564181270061,0.74435818729939,Ampicillin,J01C,E. coli,ESCCOL|Ireland|AMP,287,pays_dans_perimetre
2017,Ireland,ESCCOL,CAZ,INPAT,348,2017|IE|ESCCOL|CAZ|INPAT,,391,0.10997442455243,0.0310109295966152,0.0789634949558144,0.140985354149045,Ceftazidime,J01D,E. coli,ESCCOL|Ireland|CAZ,43,pays_dans_perimetre
2017,Ireland,ESCCOL,CIP,INPAT,387,2017|IE|ESCCOL|CIP|INPAT,,496,0.219758064516129,0.0364420070748122,0.183316057441317,0.256200071590941,Ciprofloxacin,J01M,E. coli,ESCCOL|Ireland|CIP,109,pays_dans_perimetre
2017,Ireland,ESCCOL,CRO,INPAT,112,2017|IE|ESCCOL|CRO|INPAT,,131,0.145038167938931,0.0603024475615755,0.0847357203773557,0.205340615500507,Ceftriaxone,J01D,E. coli,ESCCOL|Ireland|CRO,19,pays_dans_perimetre
2017,Ireland,ESCCOL,CTX,INPAT,382,2017|IE|ESCCOL|CTX|INPAT,,437,0.125858123569794,0.0310990370754199,0.0947590864943742,0.156957160645214,Cefotaxime,J01D,E. coli,ESCCOL|Ireland|CTX,55,pays_dans_perimetre
2017,Ireland,ESCCOL,ETP,INPAT,373,2017|IE|ESCCOL|ETP|INPAT,,376,0.0079787234042553,0.0089926843005506,-0.0010139608962953,0.016971407704806,Ertapenem,J01D,E. coli,ESCCOL|Ireland|ETP,3,pays_dans_perimetre
2017,Ireland,ESCCOL,GEN,INPAT,449,2017|IE|ESCCOL|GEN|INPAT,,498,0.0983935742971888,0.0261597306325215,0.0722338436646672,0.12455330492971,Gentamicin,J01G,E. coli,ESCCOL|Ireland|GEN,49,pays_dans_perimetre
2017,Ireland,STAAUR,OXA,INPAT,135,2017|IE|STAAUR|OXA|INPAT,,159,0.150943396226415,0.0556458639989444,0.0952975322274707,0.206589260225359,Oxacillin,J01C,S. aureus,STAAUR|Ireland|OXA,24,pays_dans_perimetre
2017,Lithuania,ACISPP,AMK,INPAT,8,2017|LT|ACISPP|AMK|INPAT,,86,0.906976744186046,0.061390431977756,0.845586312208291,0.968367176163802,Amikacin,J01G,Acinetobaccter spp.,ACISPP|Lithuania|AMK,78,pays_dans_perimetre
2017,Lithuania,ACISPP,CIP,INPAT,7,2017|LT|ACISPP|CIP|INPAT,,86,0.918604651162791,0.0577924305988705,0.86081222056392,0.976397081761661,Ciprofloxacin,J01M,Acinetobaccter spp.,ACISPP|Lithuania|CIP,79,pays_dans_perimetre
2017,Lithuania,ACISPP,COL,INPAT,65,2017|LT|ACISPP|COL|INPAT,,67,0.0298507462686567,0.0407488675194072,-0.0108981212507505,0.070599613788064,Colistin,J01X,Acinetobaccter spp.,ACISPP|Lithuania|COL,2,pays_dans_perimetre
2017,Lithuania,ACISPP,GEN,INPAT,16,2017|LT|ACISPP|GEN|INPAT,,86,0.813953488372093,0.0822464962528736,0.731706992119219,0.896199984624967,Gentamicin,J01G,Acinetobaccter spp.,ACISPP|Lithuania|GEN,70,pays_dans_perimetre
2017,Lithuania,ACISPP,IPM,INPAT,10,2017|LT|ACISPP|IPM|INPAT,,85,0.882352941176471,0.0684949123847394,0.813858028791731,0.95084785356121,Imipenem,J01D,Acinetobaccter spp.,ACISPP|Lithuania|IPM,75,pays_dans_perimetre
2017,Lithuania,ACISPP,MEM,INPAT,9,2017|LT|ACISPP|MEM|INPAT,,86,0.895348837209302,0.0646956397507553,0.830653197458547,0.960044476960058,Meropenem,J01D,Acinetobaccter spp.,ACISPP|Lithuania|MEM,77,pays_dans_perimetre
2017,Lithuania,ESCCOL,AMC,INPAT,615,2017|LT|ESCCOL|AMC|INPAT,,831,0.259927797833935,0.029820777964749,0.230107019869186,0.289748575798684,Amoxicillin + clavulanic acid,J01C,E. coli,ESCCOL|Lithuania|AMC,216,pays_dans_perimetre
2017,Lithuania,ESCCOL,AMP,INPAT,354,2017|LT|ESCCOL|AMP|INPAT,,834,0.575539568345324,0.0335451119126617,0.541994456432662,0.609084680257985,Ampicillin,J01C,E. coli,ESCCOL|Lithuania|AMP,480,pays_dans_perimetre
2017,Lithuania,ESCCOL,CAZ,INPAT,673,2017|LT|ESCCOL|CAZ|INPAT,,808,0.167079207920792,0.0257225160306958,0.141356691890096,0.192801723951488,Ceftazidime,J01D,E. coli,ESCCOL|Lithuania|CAZ,135,pays_dans_perimetre
2017,Lithuania,ESCCOL,CIP,INPAT,603,2017|LT|ESCCOL|CIP|INPAT,,838,0.280429594272076,0.0304146365175085,0.250014957754568,0.310844230789585,Ciprofloxacin,J01M,E. coli,ESCCOL|Lithuania|CIP,235,pays_dans_perimetre
2017,Lithuania,ESCCOL,CRO,INPAT,178,2017|LT|ESCCOL|CRO|INPAT,,226,0.212389380530973,0.0533241611808156,0.159065219350158,0.265713541711789,Ceftriaxone,J01D,E. coli,ESCCOL|Lithuania|CRO,48,pays_dans_perimetre
2017,Lithuania,ESCCOL,CTX,INPAT,568,2017|LT|ESCCOL|CTX|INPAT,,671,0.153502235469449,0.02727501959773,0.126227215871719,0.180777255067179,Cefotaxime,J01D,E. coli,ESCCOL|Lithuania|CTX,103,pays_dans_perimetre
2017,Lithuania,ESCCOL,GEN,INPAT,755,2017|LT|ESCCOL|GEN|INPAT,,837,0.0979689366786141,0.0201394815518485,0.0778294551267656,0.118108418230463,Gentamicin,J01G,E. coli,ESCCOL|Lithuania|GEN,82,pays_dans_perimetre
2017,Lithuania,KLEPNE,AMC,INPAT,104,2017|LT|KLEPNE|AMC|INPAT,,319,0.67398119122257,0.0514405906247367,0.622540600597834,0.725421781847307,Amoxicillin + clavulanic acid,J01C,K. pneumoniae,KLEPNE|Lithuania|AMC,215,pays_dans_perimetre
2017,Lithuania,KLEPNE,CAZ,INPAT,113,2017|LT|KLEPNE|CAZ|INPAT,,311,0.636655948553055,0.0534548733221536,0.583201075230901,0.690110821875208,Ceftazidime,J01D,K. pneumoniae,KLEPNE|Lithuania|CAZ,198,pays_dans_perimetre
2017,Lithuania,KLEPNE,CIP,INPAT,108,2017|LT|KLEPNE|CIP|INPAT,,321,0.663551401869159,0.051689246610219,0.61186215525894,0.715240648479378,Ciprofloxacin,J01M,K. pneumoniae,KLEPNE|Lithuania|CIP,213,pays_dans_perimetre
2017,Lithuania,KLEPNE,GEN,INPAT,142,2017|LT|KLEPNE|GEN|INPAT,,317,0.55205047318612,0.0547432244757577,0.497307248710362,0.606793697661878,Gentamicin,J01G,K. pneumoniae,KLEPNE|Lithuania|GEN,175,pays_dans_perimetre
2017,Lithuania,KLEPNE,TZP,INPAT,139,2017|LT|KLEPNE|TZP|INPAT,,319,0.564263322884012,0.0544143817897843,0.509848941094228,0.618677704673797,Piperacillin + Tazobactam,J01C,K. pneumoniae,KLEPNE|Lithuania|TZP,180,pays_dans_perimetre
2017,Lithuania,STAAUR,FOX,INPAT,465,2017|LT|STAAUR|FOX|INPAT,,510,0.0882352941176471,0.0246169101517286,0.0636183839659185,0.112852204269376,Cefoxitin,J01D,S. aureus,STAAUR|Lithuania|FOX,45,pays_dans_perimetre
2017,Lithuania,STAAUR,RIF,INPAT,309,2017|LT|STAAUR|RIF|INPAT,,313,0.012779552715655,0.0124436790284288,0.0003358736872261,0.0252232317440838,Rifampicin,J04A,S. aureus,STAAUR|Lithuania|RIF,4,pays_dans_perimetre
2017,Lithuania,STRPNE,ERY,INPAT,86,2017|LT|STRPNE|ERY|INPAT,,102,0.156862745098039,0.070577298482053,0.0862854466159862,0.227440043580092,Erythromycin,J01F,S. pneumoniae,STRPNE|Lithuania|ERY,16,pays_dans_perimetre
2017,Lithuania,STRPNE,OXA,INPAT,88,2017|LT|STRPNE|OXA|INPAT,,104,0.153846153846154,0.0693437605221265,0.0845023933240274,0.22318991436828,Oxacillin,J01C,S. pneumoniae,STRPNE|Lithuania|OXA,16,pays_dans_perimetre
2017,Luxembourg,ESCCOL,TZP,INPAT,211,2017|LU|ESCCOL|TZP|INPAT,,242,0.128099173553719,0.0421070772377583,0.0859920963159607,0.170206250791477,Piperacillin + Tazobactam,J01C,E. coli,ESCCOL|Luxembourg|TZP,31,pays_dans_perimetre
2017,Luxembourg,KLEPNE,TZP,INPAT,52,2017|LU|KLEPNE|TZP|INPAT,,73,0.287671232876712,0.103844404539555,0.183826828337157,0.391515637416267,Piperacillin + Tazobactam,J01C,K. pneumoniae,KLEPNE|Luxembourg|TZP,21,pays_dans_perimetre
2017,Latvia,ACISPP,AMK,INPAT,20,2017|LV|ACISPP|AMK|INPAT,,63,0.682539682539683,0.114946161429753,0.56759352110993,0.797485843969436,Amikacin,J01G,Acinetobaccter spp.,ACISPP|Latvia|AMK,43,pays_dans_perimetre
2017,Latvia,ACISPP,GEN,INPAT,8,2017|LV|ACISPP|GEN|INPAT,,56,0.857142857142857,0.0916515138991168,0.76549134324374,0.948794371041974,Gentamicin,J01G,Acinetobaccter spp.,ACISPP|Latvia|GEN,48,pays_dans_perimetre
2017,Latvia,ACISPP,IPM,INPAT,13,2017|LV|ACISPP|IPM|INPAT,,64,0.796875,0.0985695728577504,0.69830542714225,0.89544457285775,Imipenem,J01D,Acinetobaccter spp.,ACISPP|Latvia|IPM,51,pays_dans_perimetre
2017,Latvia,ESCCOL,AMK,INPAT,338,2017|LV|ESCCOL|AMK|INPAT,,346,0.023121387283237,0.0158359917490585,0.0072853955341785,0.0389573790322955,Amikacin,J01G,E. coli,ESCCOL|Latvia|AMK,8,pays_dans_perimetre
2017,Latvia,ESCCOL,AMP,INPAT,153,2017|LV|ESCCOL|AMP|INPAT,,379,0.596306068601583,0.0493966152644878,0.546909453337095,0.645702683866071,Ampicillin,J01C,E. coli,ESCCOL|Latvia|AMP,226,pays_dans_perimetre
2017,Latvia,ESCCOL,CAZ,INPAT,304,2017|LV|ESCCOL|CAZ|INPAT,,381,0.202099737532808,0.0403228074745599,0.161776930058249,0.242422545007368,Ceftazidime,J01D,E. coli,ESCCOL|Latvia|CAZ,77,pays_dans_perimetre
2017,Latvia,ESCCOL,CIP,INPAT,258,2017|LV|ESCCOL|CIP|INPAT,,377,0.315649867374005,0.0469166916130827,0.268733175760923,0.362566558987088,Ciprofloxacin,J01M,E. coli,ESCCOL|Latvia|CIP,119,pays_dans_perimetre
2017,Latvia,ESCCOL,CRO,INPAT,190,2017|LV|ESCCOL|CRO|INPAT,,243,0.218106995884774,0.0519231935766587,0.166183802308115,0.270030189461432,Ceftriaxone,J01D,E. coli,ESCCOL|Latvia|CRO,53,pays_dans_perimetre
2017,Latvia,ESCCOL,CTX,INPAT,295,2017|LV|ESCCOL|CTX|INPAT,,373,0.20911528150134,0.0412715835812899,0.167843697920051,0.25038686508263,Cefotaxime,J01D,E. coli,ESCCOL|Latvia|CTX,78,pays_dans_perimetre
2017,Latvia,ESCCOL,GEN,INPAT,339,2017|LV|ESCCOL|GEN|INPAT,,381,0.110236220472441,0.0314480051652357,0.0787882153072052,0.141684225637677,Gentamicin,J01G,E. coli,ESCCOL|Latvia|GEN,42,pays_dans_perimetre
2017,Latvia,ESCCOL,TOB,INPAT,154,2017|LV|ESCCOL|TOB|INPAT,,184,0.16304347826087,0.0533765284844075,0.109666949776462,0.216420006745277,Tobramycin,J01G,E. coli,ESCCOL|Latvia|TOB,30,pays_dans_perimetre
2017,Latvia,STAAUR,CIP,INPAT,372,2017|LV|STAAUR|CIP|INPAT,,403,0.0769230769230769,0.0260166167248703,0.0509064601982066,0.102939693647947,Ciprofloxacin,J01M,S. aureus,STAAUR|Latvia|CIP,31,pays_dans_perimetre
2017,Latvia,STAAUR,FOX,INPAT,331,2017|LV|STAAUR|FOX|INPAT,,351,0.056980056980057,0.0242507062698988,0.0327293507101582,0.0812307632499558,Cefoxitin,J01D,S. aureus,STAAUR|Latvia|FOX,20,pays_dans_perimetre
2017,Latvia,STAAUR,LVX,INPAT,146,2017|LV|STAAUR|LVX|INPAT,,156,0.0641025641025641,0.0384366564266224,0.0256659076759417,0.102539220529187,Levofloxacin,J01M,S. aureus,STAAUR|Latvia|LVX,10,pays_dans_perimetre
2017,Latvia,STAAUR,RIF,INPAT,378,2017|LV|STAAUR|RIF|INPAT,,378,0.0,0.0,0.0,0.0,Rifampicin,J04A,S. aureus,STAAUR|Latvia|RIF,0,pays_dans_perimetre
2017,Malta,ESCCOL,AMC,INPAT,98,2017|MT|ESCCOL|AMC|INPAT,,150,0.346666666666667,0.0761612200338009,0.270505446632866,0.422827886700468,Amoxicillin + clavulanic acid,J01C,E. coli,ESCCOL|Malta|AMC,52,pays_dans_perimetre
2017,Malta,ESCCOL,AMK,INPAT,107,2017|MT|ESCCOL|AMK|INPAT,,150,0.286666666666667,0.0723677882097441,0.214298878456923,0.359034454876411,Amikacin,J01G,E. coli,ESCCOL|Malta|AMK,43,pays_dans_perimetre
2017,Malta,ESCCOL,CAZ,INPAT,123,2017|MT|ESCCOL|CAZ|INPAT,,150,0.18,0.0614827975941238,0.118517202405876,0.241482797594124,Ceftazidime,J01D,E. coli,ESCCOL|Malta|CAZ,27,pays_dans_perimetre
2017,Malta,ESCCOL,CIP,INPAT,78,2017|MT|ESCCOL|CIP|INPAT,,150,0.48,0.0799526259731349,0.400047374026865,0.559952625973135,Ciprofloxacin,J01M,E. coli,ESCCOL|Malta|CIP,72,pays_dans_perimetre
2017,Malta,ESCCOL,FEP,INPAT,126,2017|MT|ESCCOL|FEP|INPAT,,150,0.16,0.0586691878246154,0.101330812175385,0.218669187824615,Cefepime,J01D,E. coli,ESCCOL|Malta|FEP,24,pays_dans_perimetre
2017,Malta,ESCCOL,GEN,INPAT,130,2017|MT|ESCCOL|GEN|INPAT,,150,0.133333333333333,0.0544008714527149,0.0789324618806184,0.187734204786048,Gentamicin,J01G,E. coli,ESCCOL|Malta|GEN,20,pays_dans_perimetre
2017,Malta,ESCCOL,TZP,INPAT,131,2017|MT|ESCCOL|TZP|INPAT,,150,0.126666666666667,0.0532269561337041,0.0734397105329626,0.179893622800371,Piperacillin + Tazobactam,J01C,E. coli,ESCCOL|Malta|TZP,19,pays_dans_perimetre
2017,Norway,ENCFAE,AMP,INPAT,453,2017|NO|ENCFAE|AMP|INPAT,,453,0.0,0.0,0.0,0.0,Ampicillin,J01C,E. faecalis,ENCFAE|Norway|AMP,0,pays_dans_perimetre
2017,Norway,ENCFAE,VAN,INPAT,433,2017|NO|ENCFAE|VAN|INPAT,,433,0.0,0.0,0.0,0.0,Vancomycin,J01X,E. faecalis,ENCFAE|Norway|VAN,0,pays_dans_perimetre
2017,Norway,ESCCOL,AMC,INPAT,766,2017|NO|ESCCOL|AMC|INPAT,,1013,0.243830207305035,0.0264426370998459,0.217387570205189,0.27027284440488,Amoxicillin + clavulanic acid,J01C,E. coli,ESCCOL|Norway|AMC,247,pays_dans_perimetre
2017,Norway,ESCCOL,AMP,INPAT,1787,2017|NO|ESCCOL|AMP|INPAT,,3118,0.426876202694035,0.0173617384365933,0.409514464257441,0.444237941130628,Ampicillin,J01C,E. coli,ESCCOL|Norway|AMP,1331,pays_dans_perimetre
2017,Norway,ESCCOL,CAZ,INPAT,2582,2017|NO|ESCCOL|CAZ|INPAT,,2729,0.0538658849395383,0.0084700808176592,0.045395804121879,0.0623359657571975,Ceftazidime,J01D,E. coli,ESCCOL|Norway|CAZ,147,pays_dans_perimetre
2017,Norway,ESCCOL,CIP,INPAT,2624,2017|NO|ESCCOL|CIP|INPAT,,3117,0.158164902149503,0.012810209813099,0.145354692336404,0.170975111962602,Ciprofloxacin,J01M,E. coli,ESCCOL|Norway|CIP,493,pays_dans_perimetre
2017,Norway,ESCCOL,CTX,INPAT,2660,2017|NO|ESCCOL|CTX|INPAT,,2805,0.0516934046345811,0.0081937289327294,0.0434996757018516,0.0598871335673106,Cefotaxime,J01D,E. coli,ESCCOL|Norway|CTX,145,pays_dans_perimetre
2017,Norway,ESCCOL,GEN,INPAT,2766,2017|NO|ESCCOL|GEN|INPAT,,2982,0.0724346076458753,0.0093035260102631,0.0631310816356122,0.0817381336561384,Gentamicin,J01G,E. coli,ESCCOL|Norway|GEN,216,pays_dans_perimetre
2017,Norway,ESCCOL,IPM,INPAT,775,2017|NO|ESCCOL|IPM|INPAT,,777,0.0025740025740025,0.0035627913746646,-0.000988788800662,0.0061367939486671,Imipenem,J01D,E. coli,ESCCOL|Norway|IPM,2,pays_dans_perimetre
2017,Norway,ESCCOL,MEM,INPAT,3011,2017|NO|ESCCOL|MEM|INPAT,,3012,0.0003320053120849,0.0006506223797423,-0.0003186170676573,0.0009826276918273,Meropenem,J01D,E. coli,ESCCOL|Norway|MEM,1,pays_dans_perimetre
2017,Norway,ESCCOL,NAL,INPAT,350,2017|NO|ESCCOL|NAL|INPAT,,426,0.178403755868545,0.0363565354532525,0.142047220415292,0.214760291321797,Nalidixic acid,J01M,E. coli,ESCCOL|Norway|NAL,76,pays_dans_perimetre
2017,Norway,ESCCOL,TOB,INPAT,961,2017|NO|ESCCOL|TOB|INPAT,,1061,0.0942507068803016,0.0175810451537293,0.0766696617265723,0.111831752034031,Tobramycin,J01G,E. coli,ESCCOL|Norway|TOB,100,pays_dans_perimetre
2017,Norway,ESCCOL,TZP,INPAT,2591,2017|NO|ESCCOL|TZP|INPAT,,2716,0.0460235640648012,0.0078804339971914,0.0381431300676097,0.0539039980619926,Piperacillin + Tazobactam,J01C,E. coli,ESCCOL|Norway|TZP,125,pays_dans_perimetre
2017,Norway,KLEPNE,FEP,INPAT,90,2017|NO|KLEPNE|FEP|INPAT,,94,0.0425531914893617,0.0408052028675983,0.0017479886217634,0.08335839435696,Cefepime,J01D,K. pneumoniae,KLEPNE|Norway|FEP,4,pays_dans_perimetre
2017,Norway,KLEPNE,TGC,INPAT,51,2017|NO|KLEPNE|TGC|INPAT,,56,0.0892857142857143,0.0746868462314483,0.014598868054266,0.163972560517163,Tigecycline,J01A,K. pneumoniae,KLEPNE|Norway|TGC,5,pays_dans_perimetre
2017,Norway,KLEPNE,TZP,INPAT,511,2017|NO|KLEPNE|TZP|INPAT,,567,0.0987654320987654,0.0245576014358344,0.074207830662931,0.1233230335346,Piperacillin + Tazobactam,J01C,K. pneumoniae,KLEPNE|Norway|TZP,56,pays_dans_perimetre
2017,Norway,STAAUR,CIP,INPAT,849,2017|NO|STAAUR|CIP|INPAT,,874,0.028604118993135,0.0110512848180475,0.0175528341750875,0.0396554038111825,Ciprofloxacin,J01M,S. aureus,STAAUR|Norway|CIP,25,pays_dans_perimetre
2017,Norway,STAAUR,OXA,INPAT,691,2017|NO|STAAUR|OXA|INPAT,,697,0.0086083213773314,0.0068583801394687,0.0017499412378626,0.0154667015168002,Oxacillin,J01C,S. aureus,STAAUR|Norway|OXA,6,pays_dans_perimetre
2017,Norway,STRPNE,CTX,INPAT,305,2017|NO|STRPNE|CTX|INPAT,,305,0.0,0.0,0.0,0.0,Cefotaxime,J01D,S. pneumoniae,STRPNE|Norway|CTX,0,pays_dans_perimetre
2017,Norway,STRPNE,ERY,INPAT,346,2017|NO|STRPNE|ERY|INPAT,,368,0.0597826086956522,0.0242233237219708,0.0355592849736814,0.084005932417623,Erythromycin,J01F,S. pneumoniae,STRPNE|Norway|ERY,22,pays_dans_perimetre
2017,Norway,STRPNE,PEN,INPAT,386,2017|NO|STRPNE|PEN|INPAT,,405,0.0469135802469136,0.0205941555809639,0.0263194246659497,0.0675077358278775,Penicillin,J01C,S. pneumoniae,STRPNE|Norway|PEN,19,pays_dans_perimetre
2017,Poland,ACISPP,AMK,INPAT,95,2017|PL|ACISPP|AMK|INPAT,,249,0.618473895582329,0.0603363749301903,0.558137520652139,0.67881027051252,Amikacin,J01G,Acinetobaccter spp.,ACISPP|Poland|AMK,154,pays_dans_perimetre
2017,Poland,ACISPP,CIP,INPAT,57,2017|PL|ACISPP|CIP|INPAT,,340,0.832352941176471,0.0397071157055659,0.792645825470905,0.872060056882037,Ciprofloxacin,J01M,Acinetobaccter spp.,ACISPP|Poland|CIP,283,pays_dans_perimetre
2017,Poland,ACISPP,GEN,INPAT,130,2017|PL|ACISPP|GEN|INPAT,,332,0.608433734939759,0.0525044733575533,0.555929261582206,0.660938208297312,Gentamicin,J01G,Acinetobaccter spp.,ACISPP|Poland|GEN,202,pays_dans_perimetre
2017,Poland,ACISPP,IPM,INPAT,103,2017|PL|ACISPP|IPM|INPAT,,333,0.690690690690691,0.0496446269363421,0.641046063754349,0.740335317627033,Imipenem,J01D,Acinetobaccter spp.,ACISPP|Poland|IPM,230,pays_dans_perimetre
2017,Poland,ACISPP,LVX,INPAT,11,2017|PL|ACISPP|LVX|INPAT,,97,0.88659793814433,0.0631021327812284,0.823495805363101,0.949700070925558,Levofloxacin,J01M,Acinetobaccter spp.,ACISPP|Poland|LVX,86,pays_dans_perimetre
2017,Poland,ACISPP,MEM,INPAT,97,2017|PL|ACISPP|MEM|INPAT,,336,0.711309523809524,0.0484542608396673,0.662855262969857,0.759763784649191,Meropenem,J01D,Acinetobaccter spp.,ACISPP|Poland|MEM,239,pays_dans_perimetre
2017,Poland,ACISPP,NET,INPAT,9,2017|PL|ACISPP|NET|INPAT,,46,0.804347826086957,0.114641389326134,0.689706436760823,0.91898921541309,Netilmicin,J01G,Acinetobaccter spp.,ACISPP|Poland|NET,37,pays_dans_perimetre
2017,Poland,ACISPP,TOB,INPAT,125,2017|PL|ACISPP|TOB|INPAT,,302,0.586092715231788,0.0555504135721053,0.530542301659683,0.641643128803893,Tobramycin,J01G,Acinetobaccter spp.,ACISPP|Poland|TOB,177,pays_dans_perimetre
2017,Poland,ENCFAI,LNZ,INPAT,354,2017|PL|ENCFAI|LNZ|INPAT,,359,0.0139275766016713,0.0121227467230094,0.0018048298786619,0.0260503233246807,Linezolid,J01X,E. faecium,ENCFAI|Poland|LNZ,5,pays_dans_perimetre
2017,Poland,ESCCOL,AMC,INPAT,1120,2017|PL|ESCCOL|AMC|INPAT,,2325,0.518279569892473,0.0203106662745282,0.497968903617945,0.538590236167001,Amoxicillin + clavulanic acid,J01C,E. coli,ESCCOL|Poland|AMC,1205,pays_dans_perimetre
2017,Poland,ESCCOL,AMP,INPAT,236,2017|PL|ESCCOL|AMP|INPAT,,832,0.716346153846154,0.0306302268525484,0.685715926993606,0.746976380698702,Ampicillin,J01C,E. coli,ESCCOL|Poland|AMP,596,pays_dans_perimetre
2017,Poland,ESCCOL,CAZ,INPAT,1911,2017|PL|ESCCOL|CAZ|INPAT,,2264,0.155918727915194,0.0149437341835768,0.140974993731618,0.170862462098771,Ceftazidime,J01D,E. coli,ESCCOL|Poland|CAZ,353,pays_dans_perimetre
2017,Poland,ESCCOL,CIP,INPAT,1005,2017|PL|ESCCOL|CIP|INPAT,,1601,0.372267332916927,0.0236796475611758,0.348587685355751,0.395946980478103,Ciprofloxacin,J01M,E. coli,ESCCOL|Poland|CIP,596,pays_dans_perimetre
2017,Poland,ESCCOL,CTX,INPAT,2018,2017|PL|ESCCOL|CTX|INPAT,,2404,0.160565723793677,0.0146760306352731,0.145889693158404,0.17524175442895,Cefotaxime,J01D,E. coli,ESCCOL|Poland|CTX,386,pays_dans_perimetre
2017,Poland,ESCCOL,ETP,INPAT,864,2017|PL|ESCCOL|ETP|INPAT,,870,0.0068965517241379,0.005499328829366,0.0013972228947719,0.012395880553504,Ertapenem,J01D,E. coli,ESCCOL|Poland|ETP,6,pays_dans_perimetre
2017,Poland,ESCCOL,GEN,INPAT,2292,2017|PL|ESCCOL|GEN|INPAT,,2603,0.119477525931617,0.0124604096464328,0.107017116285185,0.13193793557805,Gentamicin,J01G,E. coli,ESCCOL|Poland|GEN,311,pays_dans_perimetre
2017,Poland,ESCCOL,MEM,INPAT,2556,2017|PL|ESCCOL|MEM|INPAT,,2559,0.0011723329425556,0.0013258417623534,-0.0001535088197977,0.0024981747049091,Meropenem,J01D,E. coli,ESCCOL|Poland|MEM,3,pays_dans_perimetre
2017,Poland,ESCCOL,NET,INPAT,297,2017|PL|ESCCOL|NET|INPAT,,326,0.0889570552147239,0.0309034449445793,0.0580536102701446,0.119860500159303,Netilmicin,J01G,E. coli,ESCCOL|Poland|NET,29,pays_dans_perimetre
2017,Poland,ESCCOL,PIP,INPAT,19,2017|PL|ESCCOL|PIP|INPAT,,60,0.683333333333333,0.117705816590597,0.565627516742736,0.80103914992393,Piperacillin,J01C,E. coli,ESCCOL|Poland|PIP,41,pays_dans_perimetre
2017,Poland,ESCCOL,TZP,INPAT,2265,2017|PL|ESCCOL|TZP|INPAT,,2522,0.101903251387787,0.0118069877551847,0.0900962636326027,0.113710239142972,Piperacillin + Tazobactam,J01C,E. coli,ESCCOL|Poland|TZP,257,pays_dans_perimetre
2017,Poland,KLEPNE,AMC,INPAT,281,2017|PL|KLEPNE|AMC|INPAT,,954,0.705450733752621,0.0289263876078102,0.67652434614481,0.734377121360431,Amoxicillin + clavulanic acid,J01C,K. pneumoniae,KLEPNE|Poland|AMC,673,pays_dans_perimetre
2017,Poland,KLEPNE,COL,INPAT,473,2017|PL|KLEPNE|COL|INPAT,,505,0.0633663366336634,0.0212483183115187,0.0421180183221447,0.084614654945182,Colistin,J01X,K. pneumoniae,KLEPNE|Poland|COL,32,pays_dans_perimetre
2017,Poland,KLEPNE,CRO,INPAT,97,2017|PL|KLEPNE|CRO|INPAT,,272,0.643382352941177,0.05692559868589,0.586456754255287,0.700307951627066,Ceftriaxone,J01D,K. pneumoniae,KLEPNE|Poland|CRO,175,pays_dans_perimetre
2017,Poland,KLEPNE,MEM,INPAT,1033,2017|PL|KLEPNE|MEM|INPAT,,1110,0.0693693693693694,0.0149474505908025,0.0544219187785669,0.0843168199601719,Meropenem,J01D,K. pneumoniae,KLEPNE|Poland|MEM,77,pays_dans_perimetre
2017,Poland,KLEPNE,TZP,INPAT,440,2017|PL|KLEPNE|TZP|INPAT,,1088,0.595588235294118,0.0291626220565593,0.566425613237558,0.624750857350677,Piperacillin + Tazobactam,J01C,K. pneumoniae,KLEPNE|Poland|TZP,648,pays_dans_perimetre
2017,Poland,PSEAER,COL,INPAT,204,2017|PL|PSEAER|COL|INPAT,,207,0.0144927536231884,0.0162808196048053,-0.0017880659816168,0.0307735732279937,Colistin,J01X,P. aeruginosa,PSEAER|Poland|COL,3,pays_dans_perimetre
2017,Poland,STAAUR,CIP,INPAT,1262,2017|PL|STAAUR|CIP|INPAT,,1507,0.162574651625747,0.0186294019212884,0.143945249704458,0.181204053547035,Ciprofloxacin,J01M,S. aureus,STAAUR|Poland|CIP,245,pays_dans_perimetre
2017,Poland,STAAUR,TEC,INPAT,977,2017|PL|STAAUR|TEC|INPAT,,987,0.0101317122593718,0.0062478072712625,0.0038839049881093,0.0163795195306343,Teicoplanin,J01X,S. aureus,STAAUR|Poland|TEC,10,pays_dans_perimetre
2017,Romania,ACISPP,CIP,INPAT,19,2017|RO|ACISPP|CIP|INPAT,,174,0.890804597701149,0.0463420080688406,0.844462589632309,0.93714660576999,Ciprofloxacin,J01M,Acinetobaccter spp.,ACISPP|Romania|CIP,155,pays_dans_perimetre
2017,Romania,ACISPP,GEN,INPAT,25,2017|RO|ACISPP|GEN|INPAT,,171,0.853801169590643,0.052955166515311,0.800846003075332,0.906756336105954,Gentamicin,J01G,Acinetobaccter spp.,ACISPP|Romania|GEN,146,pays_dans_perimetre
2017,Romania,ACISPP,IPM,INPAT,21,2017|RO|ACISPP|IPM|INPAT,,178,0.882022471910112,0.0473898726320966,0.834632599278016,0.929412344542209,Imipenem,J01D,Acinetobaccter spp.,ACISPP|Romania|IPM,157,pays_dans_perimetre
2017,Romania,ACISPP,LVX,INPAT,8,2017|RO|ACISPP|LVX|INPAT,,59,0.864406779661017,0.0873590968395522,0.777047682821465,0.951765876500569,Levofloxacin,J01M,Acinetobaccter spp.,ACISPP|Romania|LVX,51,pays_dans_perimetre
2017,Romania,ACISPP,MEM,INPAT,20,2017|RO|ACISPP|MEM|INPAT,,175,0.885714285714286,0.0471389435605,0.838575342153786,0.932853229274786,Meropenem,J01D,Acinetobaccter spp.,ACISPP|Romania|MEM,155,pays_dans_perimetre
2017,Romania,ESCCOL,LVX,INPAT,165,2017|RO|ESCCOL|LVX|INPAT,,246,0.329268292682927,0.0587270103125754,0.270541282370351,0.387995302995502,Levofloxacin,J01M,E. coli,ESCCOL|Romania|LVX,81,pays_dans_perimetre
2017,Romania,KLEPNE,LVX,INPAT,65,2017|RO|KLEPNE|LVX|INPAT,,180,0.638888888888889,0.0701702319651762,0.568718656923713,0.709059120854065,Levofloxacin,J01M,K. pneumoniae,KLEPNE|Romania|LVX,115,pays_dans_perimetre
2017,Romania,KLEPNE,MEM,INPAT,227,2017|RO|KLEPNE|MEM|INPAT,,316,0.281645569620253,0.0495944843760134,0.23205108524424,0.331240053996267,Meropenem,J01D,K. pneumoniae,KLEPNE|Romania|MEM,89,pays_dans_perimetre
2018,Bulgaria,ACISPP,CIP,INPAT,24,2018|BG|ACISPP|CIP|INPAT,,105,0.771428571428571,0.0803193625472712,0.6911092088813,0.851747933975843,Ciprofloxacin,J01M,Acinetobaccter spp.,ACISPP|Bulgaria|CIP,81,pays_dans_perimetre
2018,Bulgaria,ACISPP,GEN,INPAT,30,2018|BG|ACISPP|GEN|INPAT,,110,0.727272727272727,0.0832286143939955,0.644044112878732,0.810501341666723,Gentamicin,J01G,Acinetobaccter spp.,ACISPP|Bulgaria|GEN,80,pays_dans_perimetre
2018,Bulgaria,ACISPP,IPM,INPAT,26,2018|BG|ACISPP|IPM|INPAT,,98,0.73469387755102,0.087411763090162,0.647282114460858,0.822105640641182,Imipenem,J01D,Acinetobaccter spp.,ACISPP|Bulgaria|IPM,72,pays_dans_perimetre
2018,Bulgaria,ACISPP,MEM,INPAT,27,2018|BG|ACISPP|MEM|INPAT,,110,0.754545454545455,0.0804244263555581,0.674121028189896,0.834969880901013,Meropenem,J01D,Acinetobaccter spp.,ACISPP|Bulgaria|MEM,83,pays_dans_perimetre
2018,Bulgaria,ACISPP,TOB,INPAT,34,2018|BG|ACISPP|TOB|INPAT,,71,0.52112676056338,0.116200733325986,0.404926027237395,0.637327493889366,Tobramycin,J01G,Acinetobaccter spp.,ACISPP|Bulgaria|TOB,37,pays_dans_perimetre
2018,Bulgaria,ESCCOL,AMK,INPAT,260,2018|BG|ESCCOL|AMK|INPAT,,291,0.106529209621993,0.0354473773727083,0.0710818322492849,0.141976586994701,Amikacin,J01G,E. coli,ESCCOL|Bulgaria|AMK,31,pays_dans_perimetre
2018,Bulgaria,ESCCOL,AMP,INPAT,96,2018|BG|ESCCOL|AMP|INPAT,,286,0.664335664335664,0.0547292426872448,0.60960642164842,0.719064907022909,Ampicillin,J01C,E. coli,ESCCOL|Bulgaria|AMP,190,pays_dans_perimetre
2018,Bulgaria,ESCCOL,CAZ,INPAT,168,2018|BG|ESCCOL|CAZ|INPAT,,270,0.377777777777778,0.0578315925387214,0.319946185239056,0.435609370316499,Ceftazidime,J01D,E. coli,ESCCOL|Bulgaria|CAZ,102,pays_dans_perimetre
2018,Bulgaria,ESCCOL,CIP,INPAT,165,2018|BG|ESCCOL|CIP|INPAT,,291,0.43298969072165,0.0569303472131644,0.376059343508485,0.489920037934814,Ciprofloxacin,J01M,E. coli,ESCCOL|Bulgaria|CIP,126,pays_dans_perimetre
2018,Bulgaria,ESCCOL,CRO,INPAT,82,2018|BG|ESCCOL|CRO|INPAT,,142,0.422535211267606,0.0812467703243664,0.341288440943239,0.503781981591972,Ceftriaxone,J01D,E. coli,ESCCOL|Bulgaria|CRO,60,pays_dans_perimetre
2018,Bulgaria,ESCCOL,CTX,INPAT,132,2018|BG|ESCCOL|CTX|INPAT,,205,0.35609756097561,0.0655501478268632,0.290547413148747,0.421647708802473,Cefotaxime,J01D,E. coli,ESCCOL|Bulgaria|CTX,73,pays_dans_perimetre
2018,Bulgaria,ESCCOL,GEN,INPAT,198,2018|BG|ESCCOL|GEN|INPAT,,274,0.277372262773723,0.0530114420577038,0.224360820716019,0.330383704831426,Gentamicin,J01G,E. coli,ESCCOL|Bulgaria|GEN,76,pays_dans_perimetre
2018,Bulgaria,STAAUR,CIP,INPAT,256,2018|BG|STAAUR|CIP|INPAT,,288,0.111111111111111,0.0362962962962963,0.0748148148148148,0.147407407407407,Ciprofloxacin,J01M,S. aureus,STAAUR|Bulgaria|CIP,32,pays_dans_perimetre
2018,Bulgaria,STAAUR,RIF,INPAT,185,2018|BG|STAAUR|RIF|INPAT,,193,0.0414507772020725,0.0281223083334831,0.0133284688685894,0.0695730855355557,Rifampicin,J04A,S. aureus,STAAUR|Bulgaria|RIF,8,pays_dans_perimetre
2018,Cyprus,ESCCOL,AMC,INPAT,95,2018|CY|ESCCOL|AMC|INPAT,,141,0.326241134751773,0.0773870195688077,0.248854115182965,0.403628154320581,Amoxicillin + clavulanic acid,J01C,E. coli,ESCCOL|Cyprus|AMC,46,pays_dans_perimetre
2018,Cyprus,ESCCOL,NOR,INPAT,38,2018|CY|ESCCOL|NOR|INPAT,,78,0.512820512820513,0.110926666310712,0.4018938465098,0.623747179131225,Norfloxacin,J01M,E. coli,ESCCOL|Cyprus|NOR,40,pays_dans_perimetre
2018,Cyprus,ESCCOL,TZP,INPAT,121,2018|CY|ESCCOL|TZP|INPAT,,142,0.147887323943662,0.0583883076013139,0.089499016342348,0.206275631544976,Piperacillin + Tazobactam,J01C,E. coli,ESCCOL|Cyprus|TZP,21,pays_dans_perimetre
2018,Cyprus,KLEPNE,AMC,INPAT,38,2018|CY|KLEPNE|AMC|INPAT,,84,0.547619047619048,0.106440732943876,0.441178314675171,0.654059780562924,Amoxicillin + clavulanic acid,J01C,K. pneumoniae,KLEPNE|Cyprus|AMC,46,pays_dans_perimetre
2018,Cyprus,KLEPNE,TZP,INPAT,40,2018|CY|KLEPNE|TZP|INPAT,,84,0.523809523809524,0.106805465250648,0.417004058558876,0.630614989060172,Piperacillin + Tazobactam,J01C,K. pneumoniae,KLEPNE|Cyprus|TZP,44,pays_dans_perimetre
2018,Cyprus,PSEAER,FEP,INPAT,45,2018|CY|PSEAER|FEP|INPAT,,51,0.117647058823529,0.0884265516553439,0.0292205071681855,0.206073610478873,Cefepime,J01D,P. aeruginosa,PSEAER|Cyprus|FEP,6,pays_dans_perimetre
2018,Cyprus,STAAUR,LVX,INPAT,27,2018|CY|STAAUR|LVX|INPAT,,54,0.5,0.133361108218195,0.366638891781805,0.633361108218195,Levofloxacin,J01M,S. aureus,STAAUR|Cyprus|LVX,27,pays_dans_perimetre
2018,Denmark,ENCFAE,AMP,INPAT,611,2018|DK|ENCFAE|AMP|INPAT,,612,0.0016339869281045,0.0031999967943574,-0.0015660098662528,0.0048339837224619,Ampicillin,J01C,E. faecalis,ENCFAE|Denmark|AMP,1,pays_dans_perimetre
2018,Denmark,ENCFAE,VAN,INPAT,588,2018|DK|ENCFAE|VAN|INPAT,,589,0.0016977928692699,0.0033248479731329,-0.001627055103863,0.0050226408424029,Vancomycin,J01X,E. faecalis,ENCFAE|Denmark|VAN,1,pays_dans_perimetre
2018,Denmark,ENCFAI,AMP,INPAT,33,2018|DK|ENCFAI|AMP|INPAT,,873,0.962199312714777,0.0126511882695921,0.949548124445185,0.974850500984369,Ampicillin,J01C,E. faecium,ENCFAI|Denmark|AMP,840,pays_dans_perimetre
2018,Denmark,ENCFAI,VAN,INPAT,741,2018|DK|ENCFAI|VAN|INPAT,,868,0.1463133640553,0.0235118849559423,0.122801479099357,0.169825249011242,Vancomycin,J01X,E. faecium,ENCFAI|Denmark|VAN,127,pays_dans_perimetre
2018,Denmark,ESCCOL,AMP,INPAT,2525,2018|DK|ESCCOL|AMP|INPAT,,4780,0.471757322175732,0.0141520120852746,0.457605310090458,0.485909334261007,Ampicillin,J01C,E. coli,ESCCOL|Denmark|AMP,2255,pays_dans_perimetre
2018,Denmark,ESCCOL,CAZ,INPAT,3513,2018|DK|ESCCOL|CAZ|INPAT,,3823,0.0810881506670154,0.008653056633446,0.0724350940335694,0.0897412073004615,Ceftazidime,J01D,E. coli,ESCCOL|Denmark|CAZ,310,pays_dans_perimetre
2018,Denmark,ESCCOL,CIP,INPAT,4381,2018|DK|ESCCOL|CIP|INPAT,,5120,0.1443359375,0.0096263129335859,0.134709624566414,0.153962250433586,Ciprofloxacin,J01M,E. coli,ESCCOL|Denmark|CIP,739,pays_dans_perimetre
2018,Denmark,ESCCOL,CRO,INPAT,784,2018|DK|ESCCOL|CRO|INPAT,,857,0.0851808634772462,0.018689784759907,0.0664910787173393,0.103870648237153,Ceftriaxone,J01D,E. coli,ESCCOL|Denmark|CRO,73,pays_dans_perimetre
2018,Denmark,ESCCOL,CTX,INPAT,2035,2018|DK|ESCCOL|CTX|INPAT,,2224,0.0849820143884892,0.0115895615387213,0.0733924528497679,0.0965715759272105,Cefotaxime,J01D,E. coli,ESCCOL|Denmark|CTX,189,pays_dans_perimetre
2018,Denmark,ESCCOL,GEN,INPAT,4835,2018|DK|ESCCOL|GEN|INPAT,,5126,0.0567694108466641,0.0063347999159533,0.0504346109307107,0.0631042107626174,Gentamicin,J01G,E. coli,ESCCOL|Denmark|GEN,291,pays_dans_perimetre
2018,Denmark,ESCCOL,MEM,INPAT,4616,2018|DK|ESCCOL|MEM|INPAT,,4619,0.0006494912318683,0.0007347298010374,-8.5238569169101e-05,0.0013842210329058,Meropenem,J01D,E. coli,ESCCOL|Denmark|MEM,3,pays_dans_perimetre
2018,Denmark,KLEPNE,CAZ,INPAT,866,2018|DK|KLEPNE|CAZ|INPAT,,940,0.0787234042553192,0.0172162712614343,0.0615071329938848,0.0959396755167535,Ceftazidime,J01D,K. pneumoniae,KLEPNE|Denmark|CAZ,74,pays_dans_perimetre
2018,Denmark,KLEPNE,CIP,INPAT,1141,2018|DK|KLEPNE|CIP|INPAT,,1258,0.0930047694753577,0.0160498457456017,0.0769549237297561,0.109054615220959,Ciprofloxacin,J01M,K. pneumoniae,KLEPNE|Denmark|CIP,117,pays_dans_perimetre
2018,Denmark,KLEPNE,CRO,INPAT,251,2018|DK|KLEPNE|CRO|INPAT,,264,0.0492424242424242,0.0261010944343934,0.0231413298080308,0.0753435186768176,Ceftriaxone,J01D,K. pneumoniae,KLEPNE|Denmark|CRO,13,pays_dans_perimetre
2018,Denmark,KLEPNE,CTX,INPAT,482,2018|DK|KLEPNE|CTX|INPAT,,520,0.0730769230769231,0.0223700200490725,0.0507069030278506,0.0954469431259955,Cefotaxime,J01D,K. pneumoniae,KLEPNE|Denmark|CTX,38,pays_dans_perimetre
2018,Denmark,KLEPNE,GEN,INPAT,1214,2018|DK|KLEPNE|GEN|INPAT,,1261,0.0372720063441713,0.0104554255487116,0.0268165807954597,0.0477274318928829,Gentamicin,J01G,K. pneumoniae,KLEPNE|Denmark|GEN,47,pays_dans_perimetre
2018,Denmark,KLEPNE,MEM,INPAT,1129,2018|DK|KLEPNE|MEM|INPAT,,1135,0.0052863436123348,0.0042187605401443,0.0010675830721904,0.0095051041524791,Meropenem,J01D,K. pneumoniae,KLEPNE|Denmark|MEM,6,pays_dans_perimetre
2018,Denmark,PSEAER,CAZ,INPAT,375,2018|DK|PSEAER|CAZ|INPAT,,387,0.0310077519379845,0.0172701408961515,0.013737611041833,0.048277892834136,Ceftazidime,J01D,P. aeruginosa,PSEAER|Denmark|CAZ,12,pays_dans_perimetre
2018,Denmark,PSEAER,CIP,INPAT,414,2018|DK|PSEAER|CIP|INPAT,,436,0.0504587155963303,0.0205464998080496,0.0299122157882807,0.0710052154043798,Ciprofloxacin,J01M,P. aeruginosa,PSEAER|Denmark|CIP,22,pays_dans_perimetre
2018,Denmark,PSEAER,GEN,INPAT,430,2018|DK|PSEAER|GEN|INPAT,,434,0.0092165898617511,0.0089905384046943,0.0002260514570568,0.0182071282664455,Gentamicin,J01G,P. aeruginosa,PSEAER|Denmark|GEN,4,pays_dans_perimetre
2018,Denmark,PSEAER,MEM,INPAT,353,2018|DK|PSEAER|MEM|INPAT,,378,0.0661375661375661,0.0250539224397991,0.041083643697767,0.0911914885773652,Meropenem,J01D,P. aeruginosa,PSEAER|Denmark|MEM,25,pays_dans_perimetre
2018,Denmark,PSEAER,TZP,INPAT,421,2018|DK|PSEAER|TZP|INPAT,,433,0.0277136258660508,0.0154616521252681,0.0122519737407827,0.0431752779913189,Piperacillin + Tazobactam,J01C,P. aeruginosa,PSEAER|Denmark|TZP,12,pays_dans_perimetre
2018,Estonia,ESCCOL,CAZ,INPAT,409,2018|EE|ESCCOL|CAZ|INPAT,,469,0.127931769722815,0.0302297173476844,0.0977020523751301,0.158161487070499,Ceftazidime,J01D,E. coli,ESCCOL|Estonia|CAZ,60,pays_dans_perimetre
2018,Estonia,ESCCOL,FEP,INPAT,344,2018|EE|ESCCOL|FEP|INPAT,,381,0.0971128608923885,0.0297336819178406,0.0673791789745478,0.126846542810229,Cefepime,J01D,E. coli,ESCCOL|Estonia|FEP,37,pays_dans_perimetre
2018,Estonia,KLEPNE,CIP,INPAT,124,2018|EE|KLEPNE|CIP|INPAT,,180,0.311111111111111,0.0676319905474078,0.243479120563703,0.378743101658519,Ciprofloxacin,J01M,K. pneumoniae,KLEPNE|Estonia|CIP,56,pays_dans_perimetre
2018,Estonia,KLEPNE,GEN,INPAT,162,2018|EE|KLEPNE|GEN|INPAT,,180,0.1,0.0438269323589959,0.0561730676410041,0.143826932358996,Gentamicin,J01G,K. pneumoniae,KLEPNE|Estonia|GEN,18,pays_dans_perimetre
2018,Estonia,STAAUR,CIP,INPAT,198,2018|EE|STAAUR|CIP|INPAT,,214,0.0747663551401869,0.0352393588172388,0.0395269963229481,0.110005713957426,Ciprofloxacin,J01M,S. aureus,STAAUR|Estonia|CIP,16,pays_dans_perimetre
2018,Finland,ESCCOL,AMP,INPAT,646,2018|FI|ESCCOL|AMP|INPAT,,1001,0.354645354645355,0.0296370785129713,0.325008276132383,0.384282433158326,Ampicillin,J01C,E. coli,ESCCOL|Finland|AMP,355,pays_dans_perimetre
2018,Finland,ESCCOL,CAZ,INPAT,1345,2018|FI|ESCCOL|CAZ|INPAT,,1448,0.0711325966850829,0.0132398475082513,0.0578927491768316,0.0843724441933342,Ceftazidime,J01D,E. coli,ESCCOL|Finland|CAZ,103,pays_dans_perimetre
2018,Finland,ESCCOL,CIP,INPAT,940,2018|FI|ESCCOL|CIP|INPAT,,1097,0.143117593436645,0.020723346233711,0.122394247202934,0.163840939670356,Ciprofloxacin,J01M,E. coli,ESCCOL|Finland|CIP,157,pays_dans_perimetre
2018,Finland,ESCCOL,CRO,INPAT,1360,2018|FI|ESCCOL|CRO|INPAT,,1470,0.0748299319727891,0.0134507303384029,0.0613792016343862,0.088280662311192,Ceftriaxone,J01D,E. coli,ESCCOL|Finland|CRO,110,pays_dans_perimetre
2018,Finland,ESCCOL,NET,INPAT,105,2018|FI|ESCCOL|NET|INPAT,,106,0.0094339622641509,0.0184031397038161,-0.0089691774396651,0.0278371019679671,Netilmicin,J01G,E. coli,ESCCOL|Finland|NET,1,pays_dans_perimetre
2018,Finland,ESCCOL,TOB,INPAT,1361,2018|FI|ESCCOL|TOB|INPAT,,1440,0.0548611111111111,0.0117612895365657,0.0430998215745455,0.0666224006476768,Tobramycin,J01G,E. coli,ESCCOL|Finland|TOB,79,pays_dans_perimetre
2018,Finland,KLEPNE,CAZ,INPAT,274,2018|FI|KLEPNE|CAZ|INPAT,,296,0.0743243243243243,0.0298816879792466,0.0444426363450777,0.104206012303571,Ceftazidime,J01D,K. pneumoniae,KLEPNE|Finland|CAZ,22,pays_dans_perimetre
2018,Finland,KLEPNE,CIP,INPAT,191,2018|FI|KLEPNE|CIP|INPAT,,227,0.158590308370044,0.0475209615388853,0.111069346831159,0.206111269908929,Ciprofloxacin,J01M,K. pneumoniae,KLEPNE|Finland|CIP,36,pays_dans_perimetre
2018,Finland,KLEPNE,TOB,INPAT,287,2018|FI|KLEPNE|TOB|INPAT,,299,0.040133779264214,0.0222474818051891,0.0178862974590249,0.0623812610694031,Tobramycin,J01G,K. pneumoniae,KLEPNE|Finland|TOB,12,pays_dans_perimetre
2018,Ireland,ENCFAE,AMP,INPAT,48,2018|IE|ENCFAE|AMP|INPAT,,48,0.0,0.0,0.0,0.0,Ampicillin,J01C,E. faecalis,ENCFAE|Ireland|AMP,0,pays_dans_perimetre
2018,Ireland,ENCFAE,VAN,INPAT,47,2018|IE|ENCFAE|VAN|INPAT,,48,0.0208333333333333,0.040405747379504,-0.0195724140461707,0.0612390807128373,Vancomycin,J01X,E. faecalis,ENCFAE|Ireland|VAN,1,pays_dans_perimetre
2018,Ireland,ENCFAI,AMP,INPAT,2,2018|IE|ENCFAI|AMP|INPAT,,101,0.98019801980198,0.0271710615219798,0.95302695828,1.00736908132396,Ampicillin,J01C,E. faecium,ENCFAI|Ireland|AMP,99,pays_dans_perimetre
2018,Ireland,ENCFAI,VAN,INPAT,67,2018|IE|ENCFAI|VAN|INPAT,,101,0.336633663366337,0.0921617834992965,0.24447187986704,0.428795446865633,Vancomycin,J01X,E. faecium,ENCFAI|Ireland|VAN,34,pays_dans_perimetre
2018,Ireland,ESCCOL,AMC,INPAT,180,2018|IE|ESCCOL|AMC|INPAT,,371,0.514824797843666,0.0508566961292049,0.463968101714461,0.565681493972871,Amoxicillin + clavulanic acid,J01C,E. coli,ESCCOL|Ireland|AMC,191,pays_dans_perimetre
2018,Ireland,ESCCOL,AMK,INPAT,343,2018|IE|ESCCOL|AMK|INPAT,,353,0.028328611898017,0.017307768326043,0.011020843571974,0.04563638022406,Amikacin,J01G,E. coli,ESCCOL|Ireland|AMK,10,pays_dans_perimetre
2018,Ireland,ESCCOL,AMP,INPAT,143,2018|IE|ESCCOL|AMP|INPAT,,486,0.705761316872428,0.0405150842378245,0.665246232634603,0.746276401110252,Ampicillin,J01C,E. coli,ESCCOL|Ireland|AMP,343,pays_dans_perimetre
2018,Ireland,ESCCOL,CAZ,INPAT,352,2018|IE|ESCCOL|CAZ|INPAT,,394,0.106598984771574,0.0304724740274016,0.076126510744172,0.137071458798975,Ceftazidime,J01D,E. coli,ESCCOL|Ireland|CAZ,42,pays_dans_perimetre
2018,Ireland,ESCCOL,CIP,INPAT,351,2018|IE|ESCCOL|CIP|INPAT,,485,0.276288659793814,0.0397969162258804,0.236491743567934,0.316085576019695,Ciprofloxacin,J01M,E. coli,ESCCOL|Ireland|CIP,134,pays_dans_perimetre
2018,Ireland,ESCCOL,CRO,INPAT,178,2018|IE|ESCCOL|CRO|INPAT,,202,0.118811881188119,0.0446215486727758,0.074190332515343,0.163433429860895,Ceftriaxone,J01D,E. coli,ESCCOL|Ireland|CRO,24,pays_dans_perimetre
2018,Ireland,ESCCOL,CTX,INPAT,385,2018|IE|ESCCOL|CTX|INPAT,,440,0.125,0.0309021549704577,0.0940978450295423,0.155902154970458,Cefotaxime,J01D,E. coli,ESCCOL|Ireland|CTX,55,pays_dans_perimetre
2018,Ireland,ESCCOL,ETP,INPAT,386,2018|IE|ESCCOL|ETP|INPAT,,389,0.0077120822622108,0.0086933256612355,-0.0009812433990247,0.0164054079234463,Ertapenem,J01D,E. coli,ESCCOL|Ireland|ETP,3,pays_dans_perimetre
2018,Ireland,ESCCOL,GEN,INPAT,426,2018|IE|ESCCOL|GEN|INPAT,,486,0.123456790123457,0.0292470516591479,0.0942097384643089,0.152703841782605,Gentamicin,J01G,E. coli,ESCCOL|Ireland|GEN,60,pays_dans_perimetre
2018,Ireland,KLEPNE,AMC,INPAT,31,2018|IE|KLEPNE|AMC|INPAT,,55,0.436363636363636,0.131068553016283,0.305295083347354,0.567432189379919,Amoxicillin + clavulanic acid,J01C,K. pneumoniae,KLEPNE|Ireland|AMC,24,pays_dans_perimetre
2018,Ireland,STAAUR,OXA,INPAT,133,2018|IE|STAAUR|OXA|INPAT,,148,0.101351351351351,0.0486222383875978,0.0527291129637536,0.149973589738949,Oxacillin,J01C,S. aureus,STAAUR|Ireland|OXA,15,pays_dans_perimetre
2018,Lithuania,ACISPP,AMK,INPAT,10,2018|LT|ACISPP|AMK|INPAT,,86,0.883720930232558,0.0677509190163301,0.815970011216228,0.951471849248888,Amikacin,J01G,Acinetobaccter spp.,ACISPP|Lithuania|AMK,76,pays_dans_perimetre
2018,Lithuania,ACISPP,CIP,INPAT,8,2018|LT|ACISPP|CIP|INPAT,,88,0.909090909090909,0.0600650786558161,0.849025830435093,0.969155987746725,Ciprofloxacin,J01M,Acinetobaccter spp.,ACISPP|Lithuania|CIP,80,pays_dans_perimetre
2018,Lithuania,ACISPP,COL,INPAT,46,2018|LT|ACISPP|COL|INPAT,,49,0.0612244897959184,0.0671276578541185,-0.0059031680582001,0.128352147650037,Colistin,J01X,Acinetobaccter spp.,ACISPP|Lithuania|COL,3,pays_dans_perimetre
2018,Lithuania,ACISPP,GEN,INPAT,13,2018|LT|ACISPP|GEN|INPAT,,87,0.850574712643678,0.0749143004530218,0.775660412190656,0.9254890130967,Gentamicin,J01G,Acinetobaccter spp.,ACISPP|Lithuania|GEN,74,pays_dans_perimetre
2018,Lithuania,ACISPP,IPM,INPAT,7,2018|LT|ACISPP|IPM|INPAT,,83,0.91566265060241,0.0597853462654962,0.855877304336913,0.975447996867906,Imipenem,J01D,Acinetobaccter spp.,ACISPP|Lithuania|IPM,76,pays_dans_perimetre
2018,Lithuania,ACISPP,MEM,INPAT,9,2018|LT|ACISPP|MEM|INPAT,,85,0.894117647058824,0.0654117447910154,0.828705902267808,0.959529391849839,Meropenem,J01D,Acinetobaccter spp.,ACISPP|Lithuania|MEM,76,pays_dans_perimetre
2018,Lithuania,ESCCOL,AMC,INPAT,773,2018|LT|ESCCOL|AMC|INPAT,,1099,0.29663330300273,0.027005864215722,0.269627438787008,0.323639167218452,Amoxicillin + clavulanic acid,J01C,E. coli,ESCCOL|Lithuania|AMC,326,pays_dans_perimetre
2018,Lithuania,ESCCOL,AMP,INPAT,452,2018|LT|ESCCOL|AMP|INPAT,,1099,0.588717015468608,0.0290924897822969,0.559624525686311,0.617809505250905,Ampicillin,J01C,E. coli,ESCCOL|Lithuania|AMP,647,pays_dans_perimetre
2018,Lithuania,ESCCOL,CAZ,INPAT,906,2018|LT|ESCCOL|CAZ|INPAT,,1074,0.156424581005587,0.0217254304024315,0.134699150603155,0.178150011408018,Ceftazidime,J01D,E. coli,ESCCOL|Lithuania|CAZ,168,pays_dans_perimetre
2018,Lithuania,ESCCOL,CIP,INPAT,864,2018|LT|ESCCOL|CIP|INPAT,,1097,0.212397447584321,0.0242036554400333,0.188193792144288,0.236601103024354,Ciprofloxacin,J01M,E. coli,ESCCOL|Lithuania|CIP,233,pays_dans_perimetre
2018,Lithuania,ESCCOL,CRO,INPAT,257,2018|LT|ESCCOL|CRO|INPAT,,306,0.160130718954248,0.0410902263203821,0.119040492633866,0.20122094527463,Ceftriaxone,J01D,E. coli,ESCCOL|Lithuania|CRO,49,pays_dans_perimetre
2018,Lithuania,ESCCOL,CTX,INPAT,698,2018|LT|ESCCOL|CTX|INPAT,,822,0.150851581508516,0.0244673479962791,0.126384233512237,0.175318929504795,Cefotaxime,J01D,E. coli,ESCCOL|Lithuania|CTX,124,pays_dans_perimetre
2018,Lithuania,ESCCOL,GEN,INPAT,995,2018|LT|ESCCOL|GEN|INPAT,,1096,0.0921532846715328,0.0171242857964626,0.0750289988750702,0.109277570467995,Gentamicin,J01G,E. coli,ESCCOL|Lithuania|GEN,101,pays_dans_perimetre
2018,Lithuania,KLEPNE,AMC,INPAT,146,2018|LT|KLEPNE|AMC|INPAT,,367,0.602179836512262,0.0500759895019851,0.552103847010276,0.652255826014247,Amoxicillin + clavulanic acid,J01C,K. pneumoniae,KLEPNE|Lithuania|AMC,221,pays_dans_perimetre
2018,Lithuania,KLEPNE,CAZ,INPAT,155,2018|LT|KLEPNE|CAZ|INPAT,,362,0.57182320441989,0.0509734745000014,0.520849729919888,0.622796678919891,Ceftazidime,J01D,K. pneumoniae,KLEPNE|Lithuania|CAZ,207,pays_dans_perimetre
2018,Lithuania,KLEPNE,CIP,INPAT,150,2018|LT|KLEPNE|CIP|INPAT,,367,0.591280653950954,0.0502958869789948,0.540984766971959,0.641576540929948,Ciprofloxacin,J01M,K. pneumoniae,KLEPNE|Lithuania|CIP,217,pays_dans_perimetre
2018,Lithuania,KLEPNE,GEN,INPAT,186,2018|LT|KLEPNE|GEN|INPAT,,366,0.491803278688525,0.051218536852597,0.440584741835928,0.543021815541121,Gentamicin,J01G,K. pneumoniae,KLEPNE|Lithuania|GEN,180,pays_dans_perimetre
2018,Lithuania,KLEPNE,TZP,INPAT,188,2018|LT|KLEPNE|TZP|INPAT,,366,0.486338797814208,0.0512062967910403,0.435132501023167,0.537545094605248,Piperacillin + Tazobactam,J01C,K. pneumoniae,KLEPNE|Lithuania|TZP,178,pays_dans_perimetre
2018,Lithuania,STAAUR,FOX,INPAT,624,2018|LT|STAAUR|FOX|INPAT,,681,0.0837004405286344,0.0208000857875931,0.0629003547410412,0.104500526316227,Cefoxitin,J01D,S. aureus,STAAUR|Lithuania|FOX,57,pays_dans_perimetre
2018,Lithuania,STAAUR,RIF,INPAT,411,2018|LT|STAAUR|RIF|INPAT,,432,0.0486111111111111,0.0202796758723238,0.0283314352387873,0.0688907869834349,Rifampicin,J04A,S. aureus,STAAUR|Lithuania|RIF,21,pays_dans_perimetre
2018,Lithuania,STRPNE,ERY,INPAT,70,2018|LT|STRPNE|ERY|INPAT,,91,0.230769230769231,0.0865670564196847,0.144202174349546,0.317336287188915,Erythromycin,J01F,S. pneumoniae,STRPNE|Lithuania|ERY,21,pays_dans_perimetre
2018,Lithuania,STRPNE,OXA,INPAT,74,2018|LT|STRPNE|OXA|INPAT,,92,0.195652173913043,0.0810637037971561,0.114588470115887,0.2767158777102,Oxacillin,J01C,S. pneumoniae,STRPNE|Lithuania|OXA,18,pays_dans_perimetre
2018,Luxembourg,ESCCOL,TZP,INPAT,256,2018|LU|ESCCOL|TZP|INPAT,,312,0.179487179487179,0.0425831884523896,0.13690399103479,0.222070367939569,Piperacillin + Tazobactam,J01C,E. coli,ESCCOL|Luxembourg|TZP,56,pays_dans_perimetre
2018,Luxembourg,KLEPNE,TZP,INPAT,52,2018|LU|KLEPNE|TZP|INPAT,,71,0.267605633802817,0.102978608844187,0.16462702495863,0.370584242647004,Piperacillin + Tazobactam,J01C,K. pneumoniae,KLEPNE|Luxembourg|TZP,19,pays_dans_perimetre
2018,Latvia,ACISPP,AMK,INPAT,20,2018|LV|ACISPP|AMK|INPAT,,49,0.591836734693878,0.137618223757626,0.454218510936251,0.729454958451504,Amikacin,J01G,Acinetobaccter spp.,ACISPP|Latvia|AMK,29,pays_dans_perimetre
2018,Latvia,ACISPP,GEN,INPAT,19,2018|LV|ACISPP|GEN|INPAT,,47,0.595744680851064,0.14030240016376,0.455442280687304,0.736047081014824,Gentamicin,J01G,Acinetobaccter spp.,ACISPP|Latvia|GEN,28,pays_dans_perimetre
2018,Latvia,ACISPP,IPM,INPAT,11,2018|LV|ACISPP|IPM|INPAT,,51,0.784313725490196,0.112882636800323,0.671431088689873,0.897196362290519,Imipenem,J01D,Acinetobaccter spp.,ACISPP|Latvia|IPM,40,pays_dans_perimetre
2018,Latvia,ESCCOL,AMK,INPAT,287,2018|LV|ESCCOL|AMK|INPAT,,303,0.0528052805280528,0.0251821651788666,0.0276231153491862,0.0779874457069194,Amikacin,J01G,E. coli,ESCCOL|Latvia|AMK,16,pays_dans_perimetre
2018,Latvia,ESCCOL,AMP,INPAT,150,2018|LV|ESCCOL|AMP|INPAT,,345,0.565217391304348,0.0523106798055612,0.512906711498787,0.617528071109909,Ampicillin,J01C,E. coli,ESCCOL|Latvia|AMP,195,pays_dans_perimetre
2018,Latvia,ESCCOL,CAZ,INPAT,270,2018|LV|ESCCOL|CAZ|INPAT,,339,0.20353982300885,0.0428610643515783,0.160678758657271,0.246400887360428,Ceftazidime,J01D,E. coli,ESCCOL|Latvia|CAZ,69,pays_dans_perimetre
2018,Latvia,ESCCOL,CIP,INPAT,258,2018|LV|ESCCOL|CIP|INPAT,,343,0.247813411078717,0.0456913728500729,0.202122038228644,0.29350478392879,Ciprofloxacin,J01M,E. coli,ESCCOL|Latvia|CIP,85,pays_dans_perimetre
2018,Latvia,ESCCOL,CRO,INPAT,147,2018|LV|ESCCOL|CRO|INPAT,,195,0.246153846153846,0.0604621296727447,0.185691716481101,0.306615975826591,Ceftriaxone,J01D,E. coli,ESCCOL|Latvia|CRO,48,pays_dans_perimetre
2018,Latvia,ESCCOL,CTX,INPAT,269,2018|LV|ESCCOL|CTX|INPAT,,340,0.208823529411765,0.0432058954258815,0.165617633985883,0.252029424837646,Cefotaxime,J01D,E. coli,ESCCOL|Latvia|CTX,71,pays_dans_perimetre
2018,Latvia,ESCCOL,GEN,INPAT,325,2018|LV|ESCCOL|GEN|INPAT,,347,0.0634005763688761,0.0256398145746476,0.0377607617942285,0.0890403909435237,Gentamicin,J01G,E. coli,ESCCOL|Latvia|GEN,22,pays_dans_perimetre
2018,Latvia,ESCCOL,TOB,INPAT,105,2018|LV|ESCCOL|TOB|INPAT,,126,0.166666666666667,0.065073557619317,0.10159310904735,0.231740224285984,Tobramycin,J01G,E. coli,ESCCOL|Latvia|TOB,21,pays_dans_perimetre
2018,Latvia,STAAUR,CIP,INPAT,338,2018|LV|STAAUR|CIP|INPAT,,361,0.0637119113573407,0.0251951841332602,0.0385167272240805,0.0889070954906009,Ciprofloxacin,J01M,S. aureus,STAAUR|Latvia|CIP,23,pays_dans_perimetre
2018,Latvia,STAAUR,FOX,INPAT,272,2018|LV|STAAUR|FOX|INPAT,,289,0.0588235294117647,0.0271280276816609,0.0316955017301038,0.0859515570934256,Cefoxitin,J01D,S. aureus,STAAUR|Latvia|FOX,17,pays_dans_perimetre
2018,Latvia,STAAUR,LVX,INPAT,102,2018|LV|STAAUR|LVX|INPAT,,104,0.0192307692307692,0.0263949683830066,-0.0071641991522373,0.0456257376137758,Levofloxacin,J01M,S. aureus,STAAUR|Latvia|LVX,2,pays_dans_perimetre
2018,Latvia,STAAUR,RIF,INPAT,346,2018|LV|STAAUR|RIF|INPAT,,352,0.0170454545454545,0.0135224614096374,0.0035229931358171,0.0305679159550919,Rifampicin,J04A,S. aureus,STAAUR|Latvia|RIF,6,pays_dans_perimetre
2018,Malta,ESCCOL,AMC,INPAT,76,2018|MT|ESCCOL|AMC|INPAT,,125,0.392,0.0855846517828985,0.306415348217101,0.477584651782899,Amoxicillin + clavulanic acid,J01C,E. coli,ESCCOL|Malta|AMC,49,pays_dans_perimetre
2018,Malta,ESCCOL,AMK,INPAT,108,2018|MT|ESCCOL|AMK|INPAT,,125,0.136,0.0600934849313967,0.0759065150686033,0.196093484931397,Amikacin,J01G,E. coli,ESCCOL|Malta|AMK,17,pays_dans_perimetre
2018,Malta,ESCCOL,CAZ,INPAT,109,2018|MT|ESCCOL|CAZ|INPAT,,125,0.128,0.0585685257181705,0.0694314742818295,0.186568525718171,Ceftazidime,J01D,E. coli,ESCCOL|Malta|CAZ,16,pays_dans_perimetre
2018,Malta,ESCCOL,CIP,INPAT,68,2018|MT|ESCCOL|CIP|INPAT,,125,0.456,0.0873138093270475,0.368686190672953,0.543313809327048,Ciprofloxacin,J01M,E. coli,ESCCOL|Malta|CIP,57,pays_dans_perimetre
2018,Malta,ESCCOL,FEP,INPAT,109,2018|MT|ESCCOL|FEP|INPAT,,125,0.128,0.0585685257181705,0.0694314742818295,0.186568525718171,Cefepime,J01D,E. coli,ESCCOL|Malta|FEP,16,pays_dans_perimetre
2018,Malta,ESCCOL,GEN,INPAT,107,2018|MT|ESCCOL|GEN|INPAT,,125,0.144,0.0615487437662216,0.0824512562337784,0.205548743766222,Gentamicin,J01G,E. coli,ESCCOL|Malta|GEN,18,pays_dans_perimetre
2018,Malta,ESCCOL,TZP,INPAT,105,2018|MT|ESCCOL|TZP|INPAT,,125,0.16,0.0642688752040986,0.0957311247959014,0.224268875204099,Piperacillin + Tazobactam,J01C,E. coli,ESCCOL|Malta|TZP,20,pays_dans_perimetre
2018,Norway,ENCFAE,AMP,INPAT,419,2018|NO|ENCFAE|AMP|INPAT,,420,0.0023809523809523,0.0046611078002901,-0.0022801554193378,0.0070420601812425,Ampicillin,J01C,E. faecalis,ENCFAE|Norway|AMP,1,pays_dans_perimetre
2018,Norway,ENCFAE,VAN,INPAT,412,2018|NO|ENCFAE|VAN|INPAT,,412,0.0,0.0,0.0,0.0,Vancomycin,J01X,E. faecalis,ENCFAE|Norway|VAN,0,pays_dans_perimetre
2018,Norway,ESCCOL,AMC,INPAT,857,2018|NO|ESCCOL|AMC|INPAT,,1151,0.255430060816681,0.0251945822697938,0.230235478546887,0.280624643086475,Amoxicillin + clavulanic acid,J01C,E. coli,ESCCOL|Norway|AMC,294,pays_dans_perimetre
2018,Norway,ESCCOL,AMP,INPAT,1772,2018|NO|ESCCOL|AMP|INPAT,,3080,0.424675324675325,0.0174568438569385,0.407218480818386,0.442132168532263,Ampicillin,J01C,E. coli,ESCCOL|Norway|AMP,1308,pays_dans_perimetre
2018,Norway,ESCCOL,CAZ,INPAT,2650,2018|NO|ESCCOL|CAZ|INPAT,,2833,0.0645958348040946,0.0090517946180472,0.0555440401860474,0.0736476294221418,Ceftazidime,J01D,E. coli,ESCCOL|Norway|CAZ,183,pays_dans_perimetre
2018,Norway,ESCCOL,CIP,INPAT,2628,2018|NO|ESCCOL|CIP|INPAT,,3077,0.145921351966201,0.012473854614019,0.133447497352182,0.15839520658022,Ciprofloxacin,J01M,E. coli,ESCCOL|Norway|CIP,449,pays_dans_perimetre
2018,Norway,ESCCOL,CTX,INPAT,2577,2018|NO|ESCCOL|CTX|INPAT,,2734,0.0574250182882224,0.0087209810235974,0.048704037264625,0.0661459993118198,Cefotaxime,J01D,E. coli,ESCCOL|Norway|CTX,157,pays_dans_perimetre
2018,Norway,ESCCOL,GEN,INPAT,2891,2018|NO|ESCCOL|GEN|INPAT,,3077,0.0604484887877803,0.0084206447344171,0.0520278440533632,0.0688691335221974,Gentamicin,J01G,E. coli,ESCCOL|Norway|GEN,186,pays_dans_perimetre
2018,Norway,ESCCOL,IPM,INPAT,843,2018|NO|ESCCOL|IPM|INPAT,,844,0.0011848341232227,0.0023208987185029,-0.0011360645952802,0.0035057328417257,Imipenem,J01D,E. coli,ESCCOL|Norway|IPM,1,pays_dans_perimetre
2018,Norway,ESCCOL,MEM,INPAT,2950,2018|NO|ESCCOL|MEM|INPAT,,2950,0.0,0.0,0.0,0.0,Meropenem,J01D,E. coli,ESCCOL|Norway|MEM,0,pays_dans_perimetre
2018,Norway,ESCCOL,NAL,INPAT,274,2018|NO|ESCCOL|NAL|INPAT,,313,0.124600638977636,0.0365887143832496,0.0880119245943861,0.161189353360885,Nalidixic acid,J01M,E. coli,ESCCOL|Norway|NAL,39,pays_dans_perimetre
2018,Norway,ESCCOL,TOB,INPAT,842,2018|NO|ESCCOL|TOB|INPAT,,907,0.071664829106946,0.0167864114879865,0.0548784176189595,0.0884512405949324,Tobramycin,J01G,E. coli,ESCCOL|Norway|TOB,65,pays_dans_perimetre
2018,Norway,ESCCOL,TZP,INPAT,2490,2018|NO|ESCCOL|TZP|INPAT,,2614,0.0474368783473604,0.0081490730817178,0.0392878052656425,0.0555859514290782,Piperacillin + Tazobactam,J01C,E. coli,ESCCOL|Norway|TZP,124,pays_dans_perimetre
2018,Norway,KLEPNE,FEP,INPAT,92,2018|NO|KLEPNE|FEP|INPAT,,100,0.08,0.0531734670677021,0.0268265329322979,0.133173467067702,Cefepime,J01D,K. pneumoniae,KLEPNE|Norway|FEP,8,pays_dans_perimetre
2018,Norway,KLEPNE,TGC,INPAT,39,2018|NO|KLEPNE|TGC|INPAT,,53,0.264150943396226,0.11869668453609,0.145454258860137,0.382847627932316,Tigecycline,J01A,K. pneumoniae,KLEPNE|Norway|TGC,14,pays_dans_perimetre
2018,Norway,KLEPNE,TZP,INPAT,446,2018|NO|KLEPNE|TZP|INPAT,,496,0.100806451612903,0.0264963461104583,0.074310105502445,0.127302797723361,Piperacillin + Tazobactam,J01C,K. pneumoniae,KLEPNE|Norway|TZP,50,pays_dans_perimetre
2018,Norway,STAAUR,CIP,INPAT,893,2018|NO|STAAUR|CIP|INPAT,,926,0.0356371490280778,0.0119404938899546,0.0236966551381231,0.0475776429180324,Ciprofloxacin,J01M,S. aureus,STAAUR|Norway|CIP,33,pays_dans_perimetre
2018,Norway,STAAUR,OXA,INPAT,788,2018|NO|STAAUR|OXA|INPAT,,797,0.0112923462986198,0.0073358924013451,0.0039564538972746,0.018628238699965,Oxacillin,J01C,S. aureus,STAAUR|Norway|OXA,9,pays_dans_perimetre
2018,Norway,STRPNE,CTX,INPAT,340,2018|NO|STRPNE|CTX|INPAT,,341,0.002932551319648,0.0057393665385532,-0.0028068152189051,0.0086719178582013,Cefotaxime,J01D,S. pneumoniae,STRPNE|Norway|CTX,1,pays_dans_perimetre
2018,Norway,STRPNE,ERY,INPAT,337,2018|NO|STRPNE|ERY|INPAT,,367,0.0817438692098093,0.0280306102470235,0.0537132589627857,0.109774479456833,Erythromycin,J01F,S. pneumoniae,STRPNE|Norway|ERY,30,pays_dans_perimetre
2018,Norway,STRPNE,PEN,INPAT,383,2018|NO|STRPNE|PEN|INPAT,,402,0.0472636815920398,0.0207440322617828,0.026519649330257,0.0680077138538226,Penicillin,J01C,S. pneumoniae,STRPNE|Norway|PEN,19,pays_dans_perimetre
2018,Poland,ACISPP,AMK,INPAT,102,2018|PL|ACISPP|AMK|INPAT,,242,0.578512396694215,0.0622152894689468,0.516297107225268,0.640727686163162,Amikacin,J01G,Acinetobaccter spp.,ACISPP|Poland|AMK,140,pays_dans_perimetre
2018,Poland,ACISPP,CIP,INPAT,0,2018|PL|ACISPP|CIP|INPAT,,248,1.0,0.0,1.0,1.0,Ciprofloxacin,J01M,Acinetobaccter spp.,ACISPP|Poland|CIP,248,pays_dans_perimetre
2018,Poland,ACISPP,GEN,INPAT,121,2018|PL|ACISPP|GEN|INPAT,,279,0.566308243727599,0.0581528488289595,0.508155394898639,0.624461092556558,Gentamicin,J01G,Acinetobaccter spp.,ACISPP|Poland|GEN,158,pays_dans_perimetre
2018,Poland,ACISPP,IPM,INPAT,84,2018|PL|ACISPP|IPM|INPAT,,268,0.686567164179104,0.0555395600030756,0.631027604176029,0.74210672418218,Imipenem,J01D,Acinetobaccter spp.,ACISPP|Poland|IPM,184,pays_dans_perimetre
2018,Poland,ACISPP,LVX,INPAT,19,2018|PL|ACISPP|LVX|INPAT,,187,0.898395721925134,0.0433037097226925,0.855092012202441,0.941699431647826,Levofloxacin,J01M,Acinetobaccter spp.,ACISPP|Poland|LVX,168,pays_dans_perimetre
2018,Poland,ACISPP,MEM,INPAT,88,2018|PL|ACISPP|MEM|INPAT,,274,0.678832116788321,0.0552876378619701,0.623544478926351,0.734119754650291,Meropenem,J01D,Acinetobaccter spp.,ACISPP|Poland|MEM,186,pays_dans_perimetre
2018,Poland,ACISPP,NET,INPAT,18,2018|PL|ACISPP|NET|INPAT,,41,0.560975609756098,0.151907933865054,0.409067675891044,0.712883543621151,Netilmicin,J01G,Acinetobaccter spp.,ACISPP|Poland|NET,23,pays_dans_perimetre
2018,Poland,ACISPP,TOB,INPAT,122,2018|PL|ACISPP|TOB|INPAT,,246,0.504065040650406,0.0624804528544153,0.441584587795991,0.566545493504822,Tobramycin,J01G,Acinetobaccter spp.,ACISPP|Poland|TOB,124,pays_dans_perimetre
2018,Poland,ENCFAI,LNZ,INPAT,352,2018|PL|ENCFAI|LNZ|INPAT,,355,0.0084507042253521,0.0095223798341778,-0.0010716756088257,0.01797308405953,Linezolid,J01X,E. faecium,ENCFAI|Poland|LNZ,3,pays_dans_perimetre
2018,Poland,ESCCOL,AMC,INPAT,992,2018|PL|ESCCOL|AMC|INPAT,,2006,0.505483549351944,0.0218793538407598,0.483604195511184,0.527362903192704,Amoxicillin + clavulanic acid,J01C,E. coli,ESCCOL|Poland|AMC,1014,pays_dans_perimetre
2018,Poland,ESCCOL,AMP,INPAT,261,2018|PL|ESCCOL|AMP|INPAT,,775,0.663225806451613,0.0332740244013611,0.629951782050252,0.696499830852974,Ampicillin,J01C,E. coli,ESCCOL|Poland|AMP,514,pays_dans_perimetre
2018,Poland,ESCCOL,CAZ,INPAT,1717,2018|PL|ESCCOL|CAZ|INPAT,,2090,0.178468899521531,0.0164163349894394,0.162052564532092,0.194885234510971,Ceftazidime,J01D,E. coli,ESCCOL|Poland|CAZ,373,pays_dans_perimetre
2018,Poland,ESCCOL,CIP,INPAT,1488,2018|PL|ESCCOL|CIP|INPAT,,2408,0.382059800664452,0.0194073718333293,0.362652428831123,0.401467172497781,Ciprofloxacin,J01M,E. coli,ESCCOL|Poland|CIP,920,pays_dans_perimetre
2018,Poland,ESCCOL,CTX,INPAT,1798,2018|PL|ESCCOL|CTX|INPAT,,2172,0.17219152854512,0.0158780434035877,0.156313485141532,0.188069571948707,Cefotaxime,J01D,E. coli,ESCCOL|Poland|CTX,374,pays_dans_perimetre
2018,Poland,ESCCOL,ETP,INPAT,1105,2018|PL|ESCCOL|ETP|INPAT,,1109,0.0036068530207394,0.0035283356014037,7.85174193356389e-05,0.0071351886221431,Ertapenem,J01D,E. coli,ESCCOL|Poland|ETP,4,pays_dans_perimetre
2018,Poland,ESCCOL,GEN,INPAT,2053,2018|PL|ESCCOL|GEN|INPAT,,2350,0.126382978723404,0.0134346691989125,0.112948309524492,0.139817647922317,Gentamicin,J01G,E. coli,ESCCOL|Poland|GEN,297,pays_dans_perimetre
2018,Poland,ESCCOL,MEM,INPAT,2336,2018|PL|ESCCOL|MEM|INPAT,,2339,0.0012825994014536,0.0014504667753393,-0.0001678673738857,0.0027330661767929,Meropenem,J01D,E. coli,ESCCOL|Poland|MEM,3,pays_dans_perimetre
2018,Poland,ESCCOL,NET,INPAT,314,2018|PL|ESCCOL|NET|INPAT,,348,0.0977011494252874,0.0311954667512646,0.0665056826740228,0.128896616176552,Netilmicin,J01G,E. coli,ESCCOL|Poland|NET,34,pays_dans_perimetre
2018,Poland,ESCCOL,PIP,INPAT,117,2018|PL|ESCCOL|PIP|INPAT,,326,0.641104294478528,0.0520709792574656,0.589033315221062,0.693175273735993,Piperacillin,J01C,E. coli,ESCCOL|Poland|PIP,209,pays_dans_perimetre
2018,Poland,ESCCOL,TZP,INPAT,2063,2018|PL|ESCCOL|TZP|INPAT,,2308,0.106152512998267,0.0125670985502671,0.0935854144479998,0.118719611548534,Piperacillin + Tazobactam,J01C,E. coli,ESCCOL|Poland|TZP,245,pays_dans_perimetre
2018,Poland,KLEPNE,AMC,INPAT,263,2018|PL|KLEPNE|AMC|INPAT,,906,0.709713024282561,0.0295561005627286,0.680156923719832,0.739269124845289,Amoxicillin + clavulanic acid,J01C,K. pneumoniae,KLEPNE|Poland|AMC,643,pays_dans_perimetre
2018,Poland,KLEPNE,COL,INPAT,382,2018|PL|KLEPNE|COL|INPAT,,419,0.0883054892601432,0.0271686200579336,0.0611368692022096,0.115474109318077,Colistin,J01X,K. pneumoniae,KLEPNE|Poland|COL,37,pays_dans_perimetre
2018,Poland,KLEPNE,CRO,INPAT,119,2018|PL|KLEPNE|CRO|INPAT,,298,0.600671140939597,0.0556072824470282,0.545063858492569,0.656278423386625,Ceftriaxone,J01D,K. pneumoniae,KLEPNE|Poland|CRO,179,pays_dans_perimetre
2018,Poland,KLEPNE,MEM,INPAT,1033,2018|PL|KLEPNE|MEM|INPAT,,1131,0.0866489832007073,0.0163955263149811,0.0702534568857263,0.103044509515688,Meropenem,J01D,K. pneumoniae,KLEPNE|Poland|MEM,98,pays_dans_perimetre
2018,Poland,KLEPNE,TZP,INPAT,399,2018|PL|KLEPNE|TZP|INPAT,,1090,0.63394495412844,0.0285984039326695,0.605346550195771,0.66254335806111,Piperacillin + Tazobactam,J01C,K. pneumoniae,KLEPNE|Poland|TZP,691,pays_dans_perimetre
2018,Poland,PSEAER,COL,INPAT,151,2018|PL|PSEAER|COL|INPAT,,151,0.0,0.0,0.0,0.0,Colistin,J01X,P. aeruginosa,PSEAER|Poland|COL,0,pays_dans_perimetre
2018,Poland,STAAUR,CIP,INPAT,1406,2018|PL|STAAUR|CIP|INPAT,,1688,0.167061611374408,0.0177956814224415,0.149265929951966,0.184857292796849,Ciprofloxacin,J01M,S. aureus,STAAUR|Poland|CIP,282,pays_dans_perimetre
2018,Poland,STAAUR,TEC,INPAT,1009,2018|PL|STAAUR|TEC|INPAT,,1013,0.0039486673247778,0.0038620463542497,8.66209705281539e-05,0.0078107136790276,Teicoplanin,J01X,S. aureus,STAAUR|Poland|TEC,4,pays_dans_perimetre
2018,Romania,ACISPP,CIP,INPAT,26,2018|RO|ACISPP|CIP|INPAT,,212,0.877358490566038,0.0441565796805841,0.833201910885454,0.921515070246622,Ciprofloxacin,J01M,Acinetobaccter spp.,ACISPP|Romania|CIP,186,pays_dans_perimetre
2018,Romania,ACISPP,GEN,INPAT,46,2018|RO|ACISPP|GEN|INPAT,,208,0.778846153846154,0.0564023880282074,0.722443765817946,0.835248541874361,Gentamicin,J01G,Acinetobaccter spp.,ACISPP|Romania|GEN,162,pays_dans_perimetre
2018,Romania,ACISPP,IPM,INPAT,31,2018|RO|ACISPP|IPM|INPAT,,212,0.85377358490566,0.0475633476887893,0.806210237216871,0.90133693259445,Imipenem,J01D,Acinetobaccter spp.,ACISPP|Romania|IPM,181,pays_dans_perimetre
2018,Romania,ACISPP,LVX,INPAT,15,2018|RO|ACISPP|LVX|INPAT,,94,0.840425531914894,0.0740326791311902,0.766392852783704,0.914458211046084,Levofloxacin,J01M,Acinetobaccter spp.,ACISPP|Romania|LVX,79,pays_dans_perimetre
2018,Romania,ACISPP,MEM,INPAT,28,2018|RO|ACISPP|MEM|INPAT,,212,0.867924528301887,0.0455764198448803,0.822348108457007,0.913500948146767,Meropenem,J01D,Acinetobaccter spp.,ACISPP|Romania|MEM,184,pays_dans_perimetre
2018,Romania,ESCCOL,LVX,INPAT,219,2018|RO|ESCCOL|LVX|INPAT,,297,0.262626262626263,0.0500484643150023,0.21257779831126,0.312674726941265,Levofloxacin,J01M,E. coli,ESCCOL|Romania|LVX,78,pays_dans_perimetre
2018,Romania,KLEPNE,LVX,INPAT,92,2018|RO|KLEPNE|LVX|INPAT,,211,0.563981042654028,0.0669113485375362,0.497069694116492,0.630892391191565,Levofloxacin,J01M,K. pneumoniae,KLEPNE|Romania|LVX,119,pays_dans_perimetre
2018,Romania,KLEPNE,MEM,INPAT,260,2018|RO|KLEPNE|MEM|INPAT,,427,0.391100702576112,0.0462870143475266,0.344813688228586,0.437387716923639,Meropenem,J01D,K. pneumoniae,KLEPNE|Romania|MEM,167,pays_dans_perimetre
2019,Bulgaria,ACISPP,CIP,INPAT,0,2019|BG|ACISPP|CIP|INPAT,,131,1.0,0.0,1.0,1.0,Ciprofloxacin,J01M,Acinetobaccter spp.,ACISPP|Bulgaria|CIP,131,pays_dans_perimetre
2019,Bulgaria,ACISPP,GEN,INPAT,33,2019|BG|ACISPP|GEN|INPAT,,132,0.75,0.0738702794215521,0.676129720578448,0.823870279421552,Gentamicin,J01G,Acinetobaccter spp.,ACISPP|Bulgaria|GEN,99,pays_dans_perimetre
2019,Bulgaria,ACISPP,IPM,INPAT,36,2019|BG|ACISPP|IPM|INPAT,,109,0.669724770642202,0.0882935553129604,0.581431215329241,0.758018325955162,Imipenem,J01D,Acinetobaccter spp.,ACISPP|Bulgaria|IPM,73,pays_dans_perimetre
2019,Bulgaria,ACISPP,MEM,INPAT,37,2019|BG|ACISPP|MEM|INPAT,,132,0.71969696969697,0.0766227684221651,0.643074201274805,0.796319738119135,Meropenem,J01D,Acinetobaccter spp.,ACISPP|Bulgaria|MEM,95,pays_dans_perimetre
2019,Bulgaria,ACISPP,TOB,INPAT,28,2019|BG|ACISPP|TOB|INPAT,,72,0.611111111111111,0.112606297898806,0.498504813212305,0.723717409009917,Tobramycin,J01G,Acinetobaccter spp.,ACISPP|Bulgaria|TOB,44,pays_dans_perimetre
2019,Bulgaria,ESCCOL,AMK,INPAT,314,2019|BG|ESCCOL|AMK|INPAT,,348,0.0977011494252874,0.0311954667512646,0.0665056826740228,0.128896616176552,Amikacin,J01G,E. coli,ESCCOL|Bulgaria|AMK,34,pays_dans_perimetre
2019,Bulgaria,ESCCOL,AMP,INPAT,127,2019|BG|ESCCOL|AMP|INPAT,,348,0.635057471264368,0.0505807427883936,0.584476728475974,0.685638214052761,Ampicillin,J01C,E. coli,ESCCOL|Bulgaria|AMP,221,pays_dans_perimetre
2019,Bulgaria,ESCCOL,CAZ,INPAT,195,2019|BG|ESCCOL|CAZ|INPAT,,315,0.380952380952381,0.0536288111253275,0.327323569827053,0.434581192077708,Ceftazidime,J01D,E. coli,ESCCOL|Bulgaria|CAZ,120,pays_dans_perimetre
2019,Bulgaria,ESCCOL,CIP,INPAT,208,2019|BG|ESCCOL|CIP|INPAT,,348,0.402298850574713,0.0515208347297869,0.350778015844926,0.4538196853045,Ciprofloxacin,J01M,E. coli,ESCCOL|Bulgaria|CIP,140,pays_dans_perimetre
2019,Bulgaria,ESCCOL,CRO,INPAT,125,2019|BG|ESCCOL|CRO|INPAT,,200,0.375,0.0670960132943828,0.307903986705617,0.442096013294383,Ceftriaxone,J01D,E. coli,ESCCOL|Bulgaria|CRO,75,pays_dans_perimetre
2019,Bulgaria,ESCCOL,CTX,INPAT,117,2019|BG|ESCCOL|CTX|INPAT,,200,0.415,0.0682877895381012,0.346712210461899,0.483287789538101,Cefotaxime,J01D,E. coli,ESCCOL|Bulgaria|CTX,83,pays_dans_perimetre
2019,Bulgaria,ESCCOL,GEN,INPAT,268,2019|BG|ESCCOL|GEN|INPAT,,348,0.229885057471264,0.0442078705580232,0.185677186913241,0.274092928029288,Gentamicin,J01G,E. coli,ESCCOL|Bulgaria|GEN,80,pays_dans_perimetre
2019,Bulgaria,STAAUR,CIP,INPAT,240,2019|BG|STAAUR|CIP|INPAT,,258,0.0697674418604651,0.0310862536130727,0.0386811882473924,0.100853695473538,Ciprofloxacin,J01M,S. aureus,STAAUR|Bulgaria|CIP,18,pays_dans_perimetre
2019,Bulgaria,STAAUR,RIF,INPAT,113,2019|BG|STAAUR|RIF|INPAT,,116,0.0258620689655172,0.0288847715211895,-0.0030227025556722,0.0547468404867067,Rifampicin,J04A,S. aureus,STAAUR|Bulgaria|RIF,3,pays_dans_perimetre
2019,Cyprus,ESCCOL,AMC,INPAT,63,2019|CY|ESCCOL|AMC|INPAT,,85,0.258823529411765,0.0931127810010639,0.165710748410701,0.351936310412829,Amoxicillin + clavulanic acid,J01C,E. coli,ESCCOL|Cyprus|AMC,22,pays_dans_perimetre
2019,Cyprus,ESCCOL,NOR,INPAT,36,2019|CY|ESCCOL|NOR|INPAT,,80,0.55,0.109018117760306,0.440981882239694,0.659018117760306,Norfloxacin,J01M,E. coli,ESCCOL|Cyprus|NOR,44,pays_dans_perimetre
2019,Cyprus,ESCCOL,TZP,INPAT,78,2019|CY|ESCCOL|TZP|INPAT,,85,0.0823529411764706,0.0584418565794054,0.0239110845970652,0.140794797755876,Piperacillin + Tazobactam,J01C,E. coli,ESCCOL|Cyprus|TZP,7,pays_dans_perimetre
2019,Cyprus,KLEPNE,AMC,INPAT,35,2019|CY|KLEPNE|AMC|INPAT,,54,0.351851851851852,0.127372670480713,0.224479181371138,0.479224522332565,Amoxicillin + clavulanic acid,J01C,K. pneumoniae,KLEPNE|Cyprus|AMC,19,pays_dans_perimetre
2019,Cyprus,KLEPNE,TZP,INPAT,31,2019|CY|KLEPNE|TZP|INPAT,,54,0.425925925925926,0.131889492323066,0.29403643360286,0.557815418248992,Piperacillin + Tazobactam,J01C,K. pneumoniae,KLEPNE|Cyprus|TZP,23,pays_dans_perimetre
2019,Cyprus,PSEAER,FEP,INPAT,28,2019|CY|PSEAER|FEP|INPAT,,30,0.0666666666666667,0.0892623266723592,-0.0225956600056925,0.155928993339026,Cefepime,J01D,P. aeruginosa,PSEAER|Cyprus|FEP,2,pays_dans_perimetre
2019,Cyprus,STAAUR,LVX,INPAT,34,2019|CY|STAAUR|LVX|INPAT,,55,0.381818181818182,0.128398852659935,0.253419329158247,0.510217034478117,Levofloxacin,J01M,S. aureus,STAAUR|Cyprus|LVX,21,pays_dans_perimetre
2019,Denmark,ENCFAE,AMP,INPAT,698,2019|DK|ENCFAE|AMP|INPAT,,705,0.0099290780141844,0.0073189558467719,0.0026101221674124,0.0172480338609564,Ampicillin,J01C,E. faecalis,ENCFAE|Denmark|AMP,7,pays_dans_perimetre
2019,Denmark,ENCFAE,VAN,INPAT,661,2019|DK|ENCFAE|VAN|INPAT,,663,0.0030165912518853,0.0041744715571397,-0.0011578803052543,0.0071910628090251,Vancomycin,J01X,E. faecalis,ENCFAE|Denmark|VAN,2,pays_dans_perimetre
2019,Denmark,ENCFAI,AMP,INPAT,54,2019|DK|ENCFAI|AMP|INPAT,,908,0.940528634361233,0.0153834276675807,0.925145206693653,0.955912062028814,Ampicillin,J01C,E. faecium,ENCFAI|Denmark|AMP,854,pays_dans_perimetre
2019,Denmark,ENCFAI,VAN,INPAT,803,2019|DK|ENCFAI|VAN|INPAT,,902,0.109756097560976,0.0203995992116882,0.0893564983492874,0.130155696772664,Vancomycin,J01X,E. faecium,ENCFAI|Denmark|VAN,99,pays_dans_perimetre
2019,Denmark,ESCCOL,AMP,INPAT,3041,2019|DK|ESCCOL|AMP|INPAT,,5725,0.46882096069869,0.0129268378340458,0.455894122864644,0.481747798532736,Ampicillin,J01C,E. coli,ESCCOL|Denmark|AMP,2684,pays_dans_perimetre
2019,Denmark,ESCCOL,CAZ,INPAT,4137,2019|DK|ESCCOL|CAZ|INPAT,,4477,0.0759437123073487,0.0077599272325226,0.068183785074826,0.0837036395398713,Ceftazidime,J01D,E. coli,ESCCOL|Denmark|CAZ,340,pays_dans_perimetre
2019,Denmark,ESCCOL,CIP,INPAT,5372,2019|DK|ESCCOL|CIP|INPAT,,6195,0.132849071832123,0.0084520493643543,0.124397022467768,0.141301121196477,Ciprofloxacin,J01M,E. coli,ESCCOL|Denmark|CIP,823,pays_dans_perimetre
2019,Denmark,ESCCOL,CRO,INPAT,945,2019|DK|ESCCOL|CRO|INPAT,,1058,0.106805293005671,0.0186115565319077,0.0881937364737634,0.125416849537579,Ceftriaxone,J01D,E. coli,ESCCOL|Denmark|CRO,113,pays_dans_perimetre
2019,Denmark,ESCCOL,CTX,INPAT,2329,2019|DK|ESCCOL|CTX|INPAT,,2521,0.0761602538675129,0.0103545722184291,0.0658056816490838,0.086514826085942,Cefotaxime,J01D,E. coli,ESCCOL|Denmark|CTX,192,pays_dans_perimetre
2019,Denmark,ESCCOL,GEN,INPAT,5830,2019|DK|ESCCOL|GEN|INPAT,,6193,0.0586145648312611,0.0058504873041087,0.0527640775271524,0.0644650521353698,Gentamicin,J01G,E. coli,ESCCOL|Denmark|GEN,363,pays_dans_perimetre
2019,Denmark,ESCCOL,MEM,INPAT,6173,2019|DK|ESCCOL|MEM|INPAT,,6183,0.0016173378618793,0.0010016254251544,0.0006157124367249,0.0026189632870337,Meropenem,J01D,E. coli,ESCCOL|Denmark|MEM,10,pays_dans_perimetre
2019,Denmark,KLEPNE,CAZ,INPAT,1054,2019|DK|KLEPNE|CAZ|INPAT,,1162,0.0929432013769363,0.0166947170359034,0.0762484843410329,0.10963791841284,Ceftazidime,J01D,K. pneumoniae,KLEPNE|Denmark|CAZ,108,pays_dans_perimetre
2019,Denmark,KLEPNE,CIP,INPAT,1471,2019|DK|KLEPNE|CIP|INPAT,,1652,0.10956416464891,0.0150621382902438,0.0945020263586667,0.124626302939154,Ciprofloxacin,J01M,K. pneumoniae,KLEPNE|Denmark|CIP,181,pays_dans_perimetre
2019,Denmark,KLEPNE,CRO,INPAT,318,2019|DK|KLEPNE|CRO|INPAT,,342,0.0701754385964912,0.0270729819130447,0.0431024566834465,0.0972484205095359,Ceftriaxone,J01D,K. pneumoniae,KLEPNE|Denmark|CRO,24,pays_dans_perimetre
2019,Denmark,KLEPNE,CTX,INPAT,646,2019|DK|KLEPNE|CTX|INPAT,,683,0.0541727672035139,0.0169762646444945,0.0371965025590194,0.0711490318480084,Cefotaxime,J01D,K. pneumoniae,KLEPNE|Denmark|CTX,37,pays_dans_perimetre
2019,Denmark,KLEPNE,GEN,INPAT,1595,2019|DK|KLEPNE|GEN|INPAT,,1659,0.0385774562989753,0.0092673768374621,0.0293100794615132,0.0478448331364374,Gentamicin,J01G,K. pneumoniae,KLEPNE|Denmark|GEN,64,pays_dans_perimetre
2019,Denmark,KLEPNE,MEM,INPAT,1654,2019|DK|KLEPNE|MEM|INPAT,,1660,0.0036144578313253,0.0028869370696396,0.0007275207616856,0.0065013949009649,Meropenem,J01D,K. pneumoniae,KLEPNE|Denmark|MEM,6,pays_dans_perimetre
2019,Denmark,PSEAER,CAZ,INPAT,420,2019|DK|PSEAER|CAZ|INPAT,,441,0.0476190476190476,0.0198761597999981,0.0277428878190495,0.0674952074190457,Ceftazidime,J01D,P. aeruginosa,PSEAER|Denmark|CAZ,21,pays_dans_perimetre
2019,Denmark,PSEAER,CIP,INPAT,486,2019|DK|PSEAER|CIP|INPAT,,506,0.0395256916996047,0.0169770969422082,0.0225485947573965,0.056502788641813,Ciprofloxacin,J01M,P. aeruginosa,PSEAER|Denmark|CIP,20,pays_dans_perimetre
2019,Denmark,PSEAER,GEN,INPAT,492,2019|DK|PSEAER|GEN|INPAT,,501,0.0179640718562874,0.0116306313049423,0.0063334405513451,0.0295947031612297,Gentamicin,J01G,P. aeruginosa,PSEAER|Denmark|GEN,9,pays_dans_perimetre
2019,Denmark,PSEAER,MEM,INPAT,477,2019|DK|PSEAER|MEM|INPAT,,499,0.0440881763527054,0.0180125742007548,0.0260756021519506,0.0621007505534602,Meropenem,J01D,P. aeruginosa,PSEAER|Denmark|MEM,22,pays_dans_perimetre
2019,Denmark,PSEAER,TZP,INPAT,471,2019|DK|PSEAER|TZP|INPAT,,500,0.058,0.0204885166666599,0.0375114833333401,0.0784885166666599,Piperacillin + Tazobactam,J01C,P. aeruginosa,PSEAER|Denmark|TZP,29,pays_dans_perimetre
2019,Estonia,ESCCOL,CAZ,INPAT,413,2019|EE|ESCCOL|CAZ|INPAT,,474,0.128691983122363,0.0301459172150008,0.098546065907362,0.158837900337364,Ceftazidime,J01D,E. coli,ESCCOL|Estonia|CAZ,61,pays_dans_perimetre
2019,Estonia,ESCCOL,FEP,INPAT,390,2019|EE|ESCCOL|FEP|INPAT,,436,0.105504587155963,0.028836168646832,0.0766684185091313,0.134340755802795,Cefepime,J01D,E. coli,ESCCOL|Estonia|FEP,46,pays_dans_perimetre
2019,Estonia,KLEPNE,CIP,INPAT,131,2019|EE|KLEPNE|CIP|INPAT,,162,0.191358024691358,0.0605759235647803,0.130782101126578,0.251933948256138,Ciprofloxacin,J01M,K. pneumoniae,KLEPNE|Estonia|CIP,31,pays_dans_perimetre
2019,Estonia,KLEPNE,GEN,INPAT,152,2019|EE|KLEPNE|GEN|INPAT,,162,0.0617283950617284,0.0370599939013674,0.024668401160361,0.0987883889630958,Gentamicin,J01G,K. pneumoniae,KLEPNE|Estonia|GEN,10,pays_dans_perimetre
2019,Estonia,STAAUR,CIP,INPAT,156,2019|EE|STAAUR|CIP|INPAT,,164,0.0487804878048781,0.0329683788347096,0.0158121089701684,0.0817488666395877,Ciprofloxacin,J01M,S. aureus,STAAUR|Estonia|CIP,8,pays_dans_perimetre
2019,Finland,ESCCOL,AMP,INPAT,865,2019|FI|ESCCOL|AMP|INPAT,,1410,0.386524822695035,0.0254175512111448,0.361107271483891,0.41194237390618,Ampicillin,J01C,E. coli,ESCCOL|Finland|AMP,545,pays_dans_perimetre
2019,Finland,ESCCOL,CAZ,INPAT,1819,2019|FI|ESCCOL|CAZ|INPAT,,1973,0.0780537252914344,0.0118370137863815,0.0662167115050528,0.0898907390778159,Ceftazidime,J01D,E. coli,ESCCOL|Finland|CAZ,154,pays_dans_perimetre
2019,Finland,ESCCOL,CIP,INPAT,1337,2019|FI|ESCCOL|CIP|INPAT,,1552,0.138530927835052,0.0171871326777941,0.121343795157257,0.155718060512846,Ciprofloxacin,J01M,E. coli,ESCCOL|Finland|CIP,215,pays_dans_perimetre
2019,Finland,ESCCOL,CRO,INPAT,1878,2019|FI|ESCCOL|CRO|INPAT,,2056,0.0865758754863813,0.0121556783849102,0.0744201971014711,0.0987315538712915,Ceftriaxone,J01D,E. coli,ESCCOL|Finland|CRO,178,pays_dans_perimetre
2019,Finland,ESCCOL,NET,INPAT,84,2019|FI|ESCCOL|NET|INPAT,,87,0.0344827586206897,0.0383422383691415,-0.0038594797484518,0.0728249969898312,Netilmicin,J01G,E. coli,ESCCOL|Finland|NET,3,pays_dans_perimetre
2019,Finland,ESCCOL,TOB,INPAT,1696,2019|FI|ESCCOL|TOB|INPAT,,1819,0.0676195711929632,0.0115391150224443,0.0560804561705188,0.0791586862154075,Tobramycin,J01G,E. coli,ESCCOL|Finland|TOB,123,pays_dans_perimetre
2019,Finland,KLEPNE,CAZ,INPAT,326,2019|FI|KLEPNE|CAZ|INPAT,,357,0.0868347338935574,0.0292107961609872,0.0576239377325702,0.116045530054545,Ceftazidime,J01D,K. pneumoniae,KLEPNE|Finland|CAZ,31,pays_dans_perimetre
2019,Finland,KLEPNE,CIP,INPAT,263,2019|FI|KLEPNE|CIP|INPAT,,296,0.111486486486486,0.0358552990400523,0.0756311874464342,0.147341785526539,Ciprofloxacin,J01M,K. pneumoniae,KLEPNE|Finland|CIP,33,pays_dans_perimetre
2019,Finland,KLEPNE,TOB,INPAT,320,2019|FI|KLEPNE|TOB|INPAT,,336,0.0476190476190476,0.0227710017021324,0.0248480459169152,0.0703900493211801,Tobramycin,J01G,K. pneumoniae,KLEPNE|Finland|TOB,16,pays_dans_perimetre
2019,Ireland,ENCFAE,AMP,INPAT,33,2019|IE|ENCFAE|AMP|INPAT,,33,0.0,0.0,0.0,0.0,Ampicillin,J01C,E. faecalis,ENCFAE|Ireland|AMP,0,pays_dans_perimetre
2019,Ireland,ENCFAE,VAN,INPAT,33,2019|IE|ENCFAE|VAN|INPAT,,33,0.0,0.0,0.0,0.0,Vancomycin,J01X,E. faecalis,ENCFAE|Ireland|VAN,0,pays_dans_perimetre
2019,Ireland,ENCFAI,AMP,INPAT,2,2019|IE|ENCFAI|AMP|INPAT,,92,0.978260869565217,0.0297996101763752,0.948461259388842,1.00806047974159,Ampicillin,J01C,E. faecium,ENCFAI|Ireland|AMP,90,pays_dans_perimetre
2019,Ireland,ENCFAI,VAN,INPAT,67,2019|IE|ENCFAI|VAN|INPAT,,92,0.271739130434783,0.0909037367573852,0.180835393677397,0.362642867192168,Vancomycin,J01X,E. faecium,ENCFAI|Ireland|VAN,25,pays_dans_perimetre
2019,Ireland,ESCCOL,AMC,INPAT,139,2019|IE|ESCCOL|AMC|INPAT,,272,0.488970588235294,0.0594067694367438,0.42956381879855,0.548377357672038,Amoxicillin + clavulanic acid,J01C,E. coli,ESCCOL|Ireland|AMC,133,pays_dans_perimetre
2019,Ireland,ESCCOL,AMK,INPAT,249,2019|IE|ESCCOL|AMK|INPAT,,255,0.0235294117647059,0.0186046326578499,0.0049247791068559,0.0421340444225558,Amikacin,J01G,E. coli,ESCCOL|Ireland|AMK,6,pays_dans_perimetre
2019,Ireland,ESCCOL,AMP,INPAT,128,2019|IE|ESCCOL|AMP|INPAT,,372,0.655913978494624,0.0482771428351315,0.607636835659492,0.704191121329755,Ampicillin,J01C,E. coli,ESCCOL|Ireland|AMP,244,pays_dans_perimetre
2019,Ireland,ESCCOL,CAZ,INPAT,265,2019|IE|ESCCOL|CAZ|INPAT,,304,0.128289473684211,0.0375924764580361,0.0906969972261745,0.165881950142247,Ceftazidime,J01D,E. coli,ESCCOL|Ireland|CAZ,39,pays_dans_perimetre
2019,Ireland,ESCCOL,CIP,INPAT,281,2019|IE|ESCCOL|CIP|INPAT,,369,0.238482384823848,0.0434821508269076,0.195000233996941,0.281964535650756,Ciprofloxacin,J01M,E. coli,ESCCOL|Ireland|CIP,88,pays_dans_perimetre
2019,Ireland,ESCCOL,CRO,INPAT,188,2019|IE|ESCCOL|CRO|INPAT,,215,0.125581395348837,0.0442954571527253,0.0812859381961119,0.169876852501563,Ceftriaxone,J01D,E. coli,ESCCOL|Ireland|CRO,27,pays_dans_perimetre
2019,Ireland,ESCCOL,CTX,INPAT,295,2019|IE|ESCCOL|CTX|INPAT,,337,0.124629080118694,0.0352652423894316,0.0893638377292628,0.159894322508126,Cefotaxime,J01D,E. coli,ESCCOL|Ireland|CTX,42,pays_dans_perimetre
2019,Ireland,ESCCOL,ETP,INPAT,280,2019|IE|ESCCOL|ETP|INPAT,,280,0.0,0.0,0.0,0.0,Ertapenem,J01D,E. coli,ESCCOL|Ireland|ETP,0,pays_dans_perimetre
2019,Ireland,ESCCOL,GEN,INPAT,328,2019|IE|ESCCOL|GEN|INPAT,,373,0.120643431635389,0.033054911777993,0.0875885198573957,0.153698343413382,Gentamicin,J01G,E. coli,ESCCOL|Ireland|GEN,45,pays_dans_perimetre
2019,Ireland,KLEPNE,AMC,INPAT,32,2019|IE|KLEPNE|AMC|INPAT,,58,0.448275862068966,0.127989913088143,0.320285948980822,0.576265775157109,Amoxicillin + clavulanic acid,J01C,K. pneumoniae,KLEPNE|Ireland|AMC,26,pays_dans_perimetre
2019,Ireland,STAAUR,OXA,INPAT,64,2019|IE|STAAUR|OXA|INPAT,,79,0.189873417721519,0.0864870434276422,0.103386374293877,0.276360461149161,Oxacillin,J01C,S. aureus,STAAUR|Ireland|OXA,15,pays_dans_perimetre
2019,Lithuania,ACISPP,AMK,INPAT,18,2019|LT|ACISPP|AMK|INPAT,,105,0.828571428571429,0.0720888340868404,0.756482594484588,0.900660262658269,Amikacin,J01G,Acinetobaccter spp.,ACISPP|Lithuania|AMK,87,pays_dans_perimetre
2019,Lithuania,ACISPP,CIP,INPAT,1,2019|LT|ACISPP|CIP|INPAT,,107,0.990654205607477,0.0182319590809538,0.972422246526523,1.00888616468843,Ciprofloxacin,J01M,Acinetobaccter spp.,ACISPP|Lithuania|CIP,106,pays_dans_perimetre
2019,Lithuania,ACISPP,COL,INPAT,55,2019|LT|ACISPP|COL|INPAT,,69,0.202898550724638,0.0948916061945022,0.108006944530135,0.29779015691914,Colistin,J01X,Acinetobaccter spp.,ACISPP|Lithuania|COL,14,pays_dans_perimetre
2019,Lithuania,ACISPP,GEN,INPAT,18,2019|LT|ACISPP|GEN|INPAT,,106,0.830188679245283,0.0714784065107209,0.758710272734562,0.901667085756004,Gentamicin,J01G,Acinetobaccter spp.,ACISPP|Lithuania|GEN,88,pays_dans_perimetre
2019,Lithuania,ACISPP,IPM,INPAT,12,2019|LT|ACISPP|IPM|INPAT,,99,0.878787878787879,0.0642914956014763,0.814496383186402,0.943079374389355,Imipenem,J01D,Acinetobaccter spp.,ACISPP|Lithuania|IPM,87,pays_dans_perimetre
2019,Lithuania,ACISPP,MEM,INPAT,10,2019|LT|ACISPP|MEM|INPAT,,99,0.898989898989899,0.0593606001045351,0.839629298885364,0.958350499094434,Meropenem,J01D,Acinetobaccter spp.,ACISPP|Lithuania|MEM,89,pays_dans_perimetre
2019,Lithuania,ESCCOL,AMC,INPAT,770,2019|LT|ESCCOL|AMC|INPAT,,1108,0.305054151624549,0.0271112875635959,0.277942864060953,0.332165439188145,Amoxicillin + clavulanic acid,J01C,E. coli,ESCCOL|Lithuania|AMC,338,pays_dans_perimetre
2019,Lithuania,ESCCOL,AMP,INPAT,453,2019|LT|ESCCOL|AMP|INPAT,,1106,0.590415913200723,0.0289820480770376,0.561433865123686,0.619397961277761,Ampicillin,J01C,E. coli,ESCCOL|Lithuania|AMP,653,pays_dans_perimetre
2019,Lithuania,ESCCOL,CAZ,INPAT,944,2019|LT|ESCCOL|CAZ|INPAT,,1089,0.133149678604224,0.0201782849178327,0.112971393686391,0.153327963522057,Ceftazidime,J01D,E. coli,ESCCOL|Lithuania|CAZ,145,pays_dans_perimetre
2019,Lithuania,ESCCOL,CIP,INPAT,898,2019|LT|ESCCOL|CIP|INPAT,,1106,0.188065099457505,0.0230299617534269,0.165035137704078,0.211095061210931,Ciprofloxacin,J01M,E. coli,ESCCOL|Lithuania|CIP,208,pays_dans_perimetre
2019,Lithuania,ESCCOL,CRO,INPAT,223,2019|LT|ESCCOL|CRO|INPAT,,286,0.22027972027972,0.048031895745195,0.172247824534525,0.268311616024915,Ceftriaxone,J01D,E. coli,ESCCOL|Lithuania|CRO,63,pays_dans_perimetre
2019,Lithuania,ESCCOL,CTX,INPAT,738,2019|LT|ESCCOL|CTX|INPAT,,846,0.127659574468085,0.0224874694035491,0.105172105064536,0.150147043871634,Cefotaxime,J01D,E. coli,ESCCOL|Lithuania|CTX,108,pays_dans_perimetre
2019,Lithuania,ESCCOL,GEN,INPAT,1018,2019|LT|ESCCOL|GEN|INPAT,,1106,0.0795660036166365,0.015949189053467,0.0636168145631695,0.0955151926701035,Gentamicin,J01G,E. coli,ESCCOL|Lithuania|GEN,88,pays_dans_perimetre
2019,Lithuania,KLEPNE,AMC,INPAT,170,2019|LT|KLEPNE|AMC|INPAT,,433,0.607390300230947,0.0459966880431389,0.561393612187808,0.653386988274086,Amoxicillin + clavulanic acid,J01C,K. pneumoniae,KLEPNE|Lithuania|AMC,263,pays_dans_perimetre
2019,Lithuania,KLEPNE,CAZ,INPAT,191,2019|LT|KLEPNE|CAZ|INPAT,,425,0.550588235294118,0.0472930462306982,0.503295189063419,0.597881281524816,Ceftazidime,J01D,K. pneumoniae,KLEPNE|Lithuania|CAZ,234,pays_dans_perimetre
2019,Lithuania,KLEPNE,CIP,INPAT,195,2019|LT|KLEPNE|CIP|INPAT,,432,0.548611111111111,0.0469269069410109,0.5016842041701,0.595538018052122,Ciprofloxacin,J01M,K. pneumoniae,KLEPNE|Lithuania|CIP,237,pays_dans_perimetre
2019,Lithuania,KLEPNE,GEN,INPAT,257,2019|LT|KLEPNE|GEN|INPAT,,429,0.400932400932401,0.0463768148635973,0.354555586068804,0.447309215795998,Gentamicin,J01G,K. pneumoniae,KLEPNE|Lithuania|GEN,172,pays_dans_perimetre
2019,Lithuania,KLEPNE,TZP,INPAT,228,2019|LT|KLEPNE|TZP|INPAT,,431,0.470997679814385,0.0471254606632113,0.423872219151174,0.518123140477596,Piperacillin + Tazobactam,J01C,K. pneumoniae,KLEPNE|Lithuania|TZP,203,pays_dans_perimetre
2019,Lithuania,STAAUR,FOX,INPAT,581,2019|LT|STAAUR|FOX|INPAT,,641,0.093603744149766,0.0225492820291688,0.0710544621205972,0.116153026178935,Cefoxitin,J01D,S. aureus,STAAUR|Lithuania|FOX,60,pays_dans_perimetre
2019,Lithuania,STAAUR,RIF,INPAT,431,2019|LT|STAAUR|RIF|INPAT,,443,0.0270880361173815,0.0151174917449024,0.011970544372479,0.0422055278622839,Rifampicin,J04A,S. aureus,STAAUR|Lithuania|RIF,12,pays_dans_perimetre
2019,Lithuania,STRPNE,ERY,INPAT,103,2019|LT|STRPNE|ERY|INPAT,,113,0.0884955752212389,0.0523669184553395,0.0361286567658995,0.140862493676578,Erythromycin,J01F,S. pneumoniae,STRPNE|Lithuania|ERY,10,pays_dans_perimetre
2019,Lithuania,STRPNE,OXA,INPAT,103,2019|LT|STRPNE|OXA|INPAT,,114,0.0964912280701754,0.0542018049822606,0.0422894230879149,0.150693033052436,Oxacillin,J01C,S. pneumoniae,STRPNE|Lithuania|OXA,11,pays_dans_perimetre
2019,Luxembourg,ESCCOL,TZP,INPAT,239,2019|LU|ESCCOL|TZP|INPAT,,264,0.0946969696969697,0.0353198732074032,0.0593770964895665,0.130016842904373,Piperacillin + Tazobactam,J01C,E. coli,ESCCOL|Luxembourg|TZP,25,pays_dans_perimetre
2019,Luxembourg,KLEPNE,TZP,INPAT,44,2019|LU|KLEPNE|TZP|INPAT,,66,0.333333333333333,0.113730735224389,0.219602598108944,0.447064068557723,Piperacillin + Tazobactam,J01C,K. pneumoniae,KLEPNE|Luxembourg|TZP,22,pays_dans_perimetre
2019,Latvia,ACISPP,AMK,INPAT,12,2019|LV|ACISPP|AMK|INPAT,,45,0.733333333333333,0.129206658086289,0.604126675247044,0.862539991419622,Amikacin,J01G,Acinetobaccter spp.,ACISPP|Latvia|AMK,33,pays_dans_perimetre
2019,Latvia,ACISPP,GEN,INPAT,14,2019|LV|ACISPP|GEN|INPAT,,44,0.681818181818182,0.137626384781877,0.544191797036305,0.819444566600059,Gentamicin,J01G,Acinetobaccter spp.,ACISPP|Latvia|GEN,30,pays_dans_perimetre
2019,Latvia,ACISPP,IPM,INPAT,7,2019|LV|ACISPP|IPM|INPAT,,46,0.847826086956522,0.103800787258683,0.744025299697839,0.951626874215205,Imipenem,J01D,Acinetobaccter spp.,ACISPP|Latvia|IPM,39,pays_dans_perimetre
2019,Latvia,ESCCOL,AMK,INPAT,389,2019|LV|ESCCOL|AMK|INPAT,,395,0.0151898734177215,0.0120617647482708,0.0031281086694507,0.0272516381659923,Amikacin,J01G,E. coli,ESCCOL|Latvia|AMK,6,pays_dans_perimetre
2019,Latvia,ESCCOL,AMP,INPAT,185,2019|LV|ESCCOL|AMP|INPAT,,438,0.577625570776256,0.0462584450776287,0.531367125698627,0.623884015853884,Ampicillin,J01C,E. coli,ESCCOL|Latvia|AMP,253,pays_dans_perimetre
2019,Latvia,ESCCOL,CAZ,INPAT,352,2019|LV|ESCCOL|CAZ|INPAT,,432,0.185185185185185,0.0366308314446363,0.148554353740549,0.221816016629821,Ceftazidime,J01D,E. coli,ESCCOL|Latvia|CAZ,80,pays_dans_perimetre
2019,Latvia,ESCCOL,CIP,INPAT,320,2019|LV|ESCCOL|CIP|INPAT,,442,0.276018099547511,0.0416751884020433,0.234342911145468,0.317693287949555,Ciprofloxacin,J01M,E. coli,ESCCOL|Latvia|CIP,122,pays_dans_perimetre
2019,Latvia,ESCCOL,CRO,INPAT,163,2019|LV|ESCCOL|CRO|INPAT,,198,0.176767676767677,0.0531356637934626,0.123632012974214,0.229903340561139,Ceftriaxone,J01D,E. coli,ESCCOL|Latvia|CRO,35,pays_dans_perimetre
2019,Latvia,ESCCOL,CTX,INPAT,347,2019|LV|ESCCOL|CTX|INPAT,,426,0.185446009389671,0.0369079527323658,0.148538056657306,0.222353962122037,Cefotaxime,J01D,E. coli,ESCCOL|Latvia|CTX,79,pays_dans_perimetre
2019,Latvia,ESCCOL,GEN,INPAT,391,2019|LV|ESCCOL|GEN|INPAT,,440,0.111363636363636,0.0293943238948468,0.0819693124687896,0.140757960258483,Gentamicin,J01G,E. coli,ESCCOL|Latvia|GEN,49,pays_dans_perimetre
2019,Latvia,ESCCOL,TOB,INPAT,136,2019|LV|ESCCOL|TOB|INPAT,,151,0.0993377483443709,0.047709595463534,0.0516281528808368,0.147047343807905,Tobramycin,J01G,E. coli,ESCCOL|Latvia|TOB,15,pays_dans_perimetre
2019,Latvia,STAAUR,CIP,INPAT,390,2019|LV|STAAUR|CIP|INPAT,,422,0.0758293838862559,0.0252577515864748,0.0505716322997811,0.101087135472731,Ciprofloxacin,J01M,S. aureus,STAAUR|Latvia|CIP,32,pays_dans_perimetre
2019,Latvia,STAAUR,FOX,INPAT,374,2019|LV|STAAUR|FOX|INPAT,,406,0.0788177339901478,0.0262106512111028,0.052607082779045,0.105028385201251,Cefoxitin,J01D,S. aureus,STAAUR|Latvia|FOX,32,pays_dans_perimetre
2019,Latvia,STAAUR,LVX,INPAT,108,2019|LV|STAAUR|LVX|INPAT,,113,0.0442477876106195,0.0379171150252658,0.0063306725853536,0.0821649026358853,Levofloxacin,J01M,S. aureus,STAAUR|Latvia|LVX,5,pays_dans_perimetre
2019,Latvia,STAAUR,RIF,INPAT,387,2019|LV|STAAUR|RIF|INPAT,,401,0.0349127182044888,0.0179663151224549,0.0169464030820339,0.0528790333269437,Rifampicin,J04A,S. aureus,STAAUR|Latvia|RIF,14,pays_dans_perimetre
2019,Malta,ESCCOL,AMC,INPAT,84,2019|MT|ESCCOL|AMC|INPAT,,150,0.44,0.0794384558426627,0.360561544157337,0.519438455842663,Amoxicillin + clavulanic acid,J01C,E. coli,ESCCOL|Malta|AMC,66,pays_dans_perimetre
2019,Malta,ESCCOL,AMK,INPAT,135,2019|MT|ESCCOL|AMK|INPAT,,150,0.1,0.0480099989585503,0.0519900010414497,0.14800999895855,Amikacin,J01G,E. coli,ESCCOL|Malta|AMK,15,pays_dans_perimetre
2019,Malta,ESCCOL,CAZ,INPAT,120,2019|MT|ESCCOL|CAZ|INPAT,,150,0.2,0.0640133319447337,0.135986668055266,0.264013331944734,Ceftazidime,J01D,E. coli,ESCCOL|Malta|CAZ,30,pays_dans_perimetre
2019,Malta,ESCCOL,CIP,INPAT,84,2019|MT|ESCCOL|CIP|INPAT,,150,0.44,0.0794384558426627,0.360561544157337,0.519438455842663,Ciprofloxacin,J01M,E. coli,ESCCOL|Malta|CIP,66,pays_dans_perimetre
2019,Malta,ESCCOL,FEP,INPAT,121,2019|MT|ESCCOL|FEP|INPAT,,150,0.193333333333333,0.0631990961023031,0.13013423723103,0.256532429435636,Cefepime,J01D,E. coli,ESCCOL|Malta|FEP,29,pays_dans_perimetre
2019,Malta,ESCCOL,GEN,INPAT,131,2019|MT|ESCCOL|GEN|INPAT,,150,0.126666666666667,0.0532269561337041,0.0734397105329626,0.179893622800371,Gentamicin,J01G,E. coli,ESCCOL|Malta|GEN,19,pays_dans_perimetre
2019,Malta,ESCCOL,TZP,INPAT,125,2019|MT|ESCCOL|TZP|INPAT,,150,0.166666666666667,0.0596409007061181,0.107025765960549,0.226307567372785,Piperacillin + Tazobactam,J01C,E. coli,ESCCOL|Malta|TZP,25,pays_dans_perimetre
2019,Norway,ENCFAE,AMP,INPAT,439,2019|NO|ENCFAE|AMP|INPAT,,439,0.0,0.0,0.0,0.0,Ampicillin,J01C,E. faecalis,ENCFAE|Norway|AMP,0,pays_dans_perimetre
2019,Norway,ENCFAE,VAN,INPAT,427,2019|NO|ENCFAE|VAN|INPAT,,427,0.0,0.0,0.0,0.0,Vancomycin,J01X,E. faecalis,ENCFAE|Norway|VAN,0,pays_dans_perimetre
2019,Norway,ESCCOL,AMC,INPAT,826,2019|NO|ESCCOL|AMC|INPAT,,1182,0.301184433164129,0.0261544070895947,0.275030026074534,0.327338840253723,Amoxicillin + clavulanic acid,J01C,E. coli,ESCCOL|Norway|AMC,356,pays_dans_perimetre
2019,Norway,ESCCOL,AMP,INPAT,1930,2019|NO|ESCCOL|AMP|INPAT,,3248,0.405788177339901,0.0168876181368618,0.38890055920304,0.422675795476763,Ampicillin,J01C,E. coli,ESCCOL|Norway|AMP,1318,pays_dans_perimetre
2019,Norway,ESCCOL,CAZ,INPAT,2820,2019|NO|ESCCOL|CAZ|INPAT,,2993,0.0578015369194788,0.0083607185107088,0.0494408184087699,0.0661622554301877,Ceftazidime,J01D,E. coli,ESCCOL|Norway|CAZ,173,pays_dans_perimetre
2019,Norway,ESCCOL,CIP,INPAT,2852,2019|NO|ESCCOL|CIP|INPAT,,3244,0.120838471023428,0.0112163769731978,0.10962209405023,0.132054847996626,Ciprofloxacin,J01M,E. coli,ESCCOL|Norway|CIP,392,pays_dans_perimetre
2019,Norway,ESCCOL,CTX,INPAT,2702,2019|NO|ESCCOL|CTX|INPAT,,2851,0.052262364082778,0.0081695108131542,0.0440928532696238,0.0604318748959322,Cefotaxime,J01D,E. coli,ESCCOL|Norway|CTX,149,pays_dans_perimetre
2019,Norway,ESCCOL,GEN,INPAT,3075,2019|NO|ESCCOL|GEN|INPAT,,3248,0.0532635467980296,0.0077228509327435,0.045540695865286,0.0609863977307731,Gentamicin,J01G,E. coli,ESCCOL|Norway|GEN,173,pays_dans_perimetre
2019,Norway,ESCCOL,IPM,INPAT,805,2019|NO|ESCCOL|IPM|INPAT,,806,0.0012406947890818,0.002430252781313,-0.0011895579922311,0.0036709475703949,Imipenem,J01D,E. coli,ESCCOL|Norway|IPM,1,pays_dans_perimetre
2019,Norway,ESCCOL,MEM,INPAT,3114,2019|NO|ESCCOL|MEM|INPAT,,3116,0.0006418485237483,0.0008892711433875,-0.0002474226196392,0.0015311196671359,Meropenem,J01D,E. coli,ESCCOL|Norway|MEM,2,pays_dans_perimetre
2019,Norway,ESCCOL,NAL,INPAT,279,2019|NO|ESCCOL|NAL|INPAT,,323,0.136222910216718,0.0374093987101739,0.0988135115065444,0.173632308926892,Nalidixic acid,J01M,E. coli,ESCCOL|Norway|NAL,44,pays_dans_perimetre
2019,Norway,ESCCOL,TOB,INPAT,940,2019|NO|ESCCOL|TOB|INPAT,,991,0.0514631685166499,0.0137560772010036,0.0377070913156463,0.0652192457176534,Tobramycin,J01G,E. coli,ESCCOL|Norway|TOB,51,pays_dans_perimetre
2019,Norway,ESCCOL,TZP,INPAT,2608,2019|NO|ESCCOL|TZP|INPAT,,2702,0.0347890451517395,0.0069094865323005,0.0278795586194389,0.04169853168404,Piperacillin + Tazobactam,J01C,E. coli,ESCCOL|Norway|TZP,94,pays_dans_perimetre
2019,Norway,KLEPNE,FEP,INPAT,111,2019|NO|KLEPNE|FEP|INPAT,,119,0.0672268907563025,0.0449927058339655,0.022234184922337,0.112219596590268,Cefepime,J01D,K. pneumoniae,KLEPNE|Norway|FEP,8,pays_dans_perimetre
2019,Norway,KLEPNE,TGC,INPAT,34,2019|NO|KLEPNE|TGC|INPAT,,42,0.19047619047619,0.118759015252332,0.0717171752238581,0.309235205728523,Tigecycline,J01A,K. pneumoniae,KLEPNE|Norway|TGC,8,pays_dans_perimetre
2019,Norway,KLEPNE,TZP,INPAT,499,2019|NO|KLEPNE|TZP|INPAT,,551,0.0943738656987296,0.024410721600944,0.0699631440977855,0.118784587299674,Piperacillin + Tazobactam,J01C,K. pneumoniae,KLEPNE|Norway|TZP,52,pays_dans_perimetre
2019,Norway,STAAUR,CIP,INPAT,873,2019|NO|STAAUR|CIP|INPAT,,908,0.0385462555066079,0.0125218484304221,0.0260244070761858,0.05106810393703,Ciprofloxacin,J01M,S. aureus,STAAUR|Norway|CIP,35,pays_dans_perimetre
2019,Norway,STAAUR,OXA,INPAT,789,2019|NO|STAAUR|OXA|INPAT,,799,0.0125156445556946,0.0077085803567278,0.0048070641989668,0.0202242249124224,Oxacillin,J01C,S. aureus,STAAUR|Norway|OXA,10,pays_dans_perimetre
2019,Norway,STRPNE,CTX,INPAT,358,2019|NO|STRPNE|CTX|INPAT,,364,0.0164835164835165,0.0130804032960338,0.0034031131874827,0.0295639197795503,Cefotaxime,J01D,S. pneumoniae,STRPNE|Norway|CTX,6,pays_dans_perimetre
2019,Norway,STRPNE,ERY,INPAT,358,2019|NO|STRPNE|ERY|INPAT,,381,0.0603674540682415,0.0239152012113055,0.036452252856936,0.0842826552795469,Erythromycin,J01F,S. pneumoniae,STRPNE|Norway|ERY,23,pays_dans_perimetre
2019,Norway,STRPNE,PEN,INPAT,402,2019|NO|STRPNE|PEN|INPAT,,425,0.0541176470588235,0.0215104561853119,0.0326071908735116,0.0756281032441355,Penicillin,J01C,S. pneumoniae,STRPNE|Norway|PEN,23,pays_dans_perimetre
2019,Poland,ACISPP,AMK,INPAT,119,2019|PL|ACISPP|AMK|INPAT,,303,0.607260726072607,0.0549888352582047,0.552271890814403,0.662249561330812,Amikacin,J01G,Acinetobaccter spp.,ACISPP|Poland|AMK,184,pays_dans_perimetre
2019,Poland,ACISPP,CIP,INPAT,2,2019|PL|ACISPP|CIP|INPAT,,271,0.992619926199262,0.0101904478985688,0.982429478300693,1.00281037409783,Ciprofloxacin,J01M,Acinetobaccter spp.,ACISPP|Poland|CIP,269,pays_dans_perimetre
2019,Poland,ACISPP,GEN,INPAT,133,2019|PL|ACISPP|GEN|INPAT,,310,0.570967741935484,0.0550967503113167,0.515870991624167,0.6260644922468,Gentamicin,J01G,Acinetobaccter spp.,ACISPP|Poland|GEN,177,pays_dans_perimetre
2019,Poland,ACISPP,IPM,INPAT,84,2019|PL|ACISPP|IPM|INPAT,,310,0.729032258064516,0.0494774596402587,0.679554798424257,0.778509717704775,Imipenem,J01D,Acinetobaccter spp.,ACISPP|Poland|IPM,226,pays_dans_perimetre
2019,Poland,ACISPP,LVX,INPAT,34,2019|PL|ACISPP|LVX|INPAT,,229,0.851528384279476,0.0460531787469603,0.805475205532516,0.897581563026436,Levofloxacin,J01M,Acinetobaccter spp.,ACISPP|Poland|LVX,195,pays_dans_perimetre
2019,Poland,ACISPP,MEM,INPAT,86,2019|PL|ACISPP|MEM|INPAT,,311,0.723472668810289,0.0497113975207563,0.673761271289533,0.773184066331046,Meropenem,J01D,Acinetobaccter spp.,ACISPP|Poland|MEM,225,pays_dans_perimetre
2019,Poland,ACISPP,NET,INPAT,8,2019|PL|ACISPP|NET|INPAT,,43,0.813953488372093,0.116314110458482,0.697639377913611,0.930267598830575,Netilmicin,J01G,Acinetobaccter spp.,ACISPP|Poland|NET,35,pays_dans_perimetre
2019,Poland,ACISPP,TOB,INPAT,104,2019|PL|ACISPP|TOB|INPAT,,254,0.590551181102362,0.0604738746807532,0.530077306421609,0.651025055783115,Tobramycin,J01G,Acinetobaccter spp.,ACISPP|Poland|TOB,150,pays_dans_perimetre
2019,Poland,ENCFAI,LNZ,INPAT,402,2019|PL|ENCFAI|LNZ|INPAT,,406,0.0098522167487684,0.0096074922586116,0.0002447244901568,0.0194597090073801,Linezolid,J01X,E. faecium,ENCFAI|Poland|LNZ,4,pays_dans_perimetre
2019,Poland,ESCCOL,AMC,INPAT,1117,2019|PL|ESCCOL|AMC|INPAT,,2261,0.505970809376382,0.0206084261652783,0.485362383211104,0.526579235541661,Amoxicillin + clavulanic acid,J01C,E. coli,ESCCOL|Poland|AMC,1144,pays_dans_perimetre
2019,Poland,ESCCOL,AMP,INPAT,275,2019|PL|ESCCOL|AMP|INPAT,,755,0.635761589403974,0.0343259534752862,0.601435635928687,0.67008754287926,Ampicillin,J01C,E. coli,ESCCOL|Poland|AMP,480,pays_dans_perimetre
2019,Poland,ESCCOL,CAZ,INPAT,1885,2019|PL|ESCCOL|CAZ|INPAT,,2277,0.17215634606939,0.0155063733450689,0.156649972724321,0.187662719414458,Ceftazidime,J01D,E. coli,ESCCOL|Poland|CAZ,392,pays_dans_perimetre
2019,Poland,ESCCOL,CIP,INPAT,1675,2019|PL|ESCCOL|CIP|INPAT,,2614,0.359219586840092,0.0183923786072842,0.340827208232808,0.377611965447376,Ciprofloxacin,J01M,E. coli,ESCCOL|Poland|CIP,939,pays_dans_perimetre
2019,Poland,ESCCOL,CTX,INPAT,1945,2019|PL|ESCCOL|CTX|INPAT,,2342,0.169513236549957,0.0151960527155102,0.154317183834447,0.184709289265468,Cefotaxime,J01D,E. coli,ESCCOL|Poland|CTX,397,pays_dans_perimetre
2019,Poland,ESCCOL,ETP,INPAT,977,2019|PL|ESCCOL|ETP|INPAT,,978,0.0010224948875255,0.0020030651316285,-0.0009805702441029,0.0030255600191541,Ertapenem,J01D,E. coli,ESCCOL|Poland|ETP,1,pays_dans_perimetre
2019,Poland,ESCCOL,GEN,INPAT,2261,2019|PL|ESCCOL|GEN|INPAT,,2540,0.109842519685039,0.0121606805256847,0.0976818391593547,0.122003200210724,Gentamicin,J01G,E. coli,ESCCOL|Poland|GEN,279,pays_dans_perimetre
2019,Poland,ESCCOL,MEM,INPAT,2536,2019|PL|ESCCOL|MEM|INPAT,,2538,0.0007880220646178,0.0010917124602627,-0.0003036903956449,0.0018797345248805,Meropenem,J01D,E. coli,ESCCOL|Poland|MEM,2,pays_dans_perimetre
2019,Poland,ESCCOL,NET,INPAT,221,2019|PL|ESCCOL|NET|INPAT,,248,0.108870967741935,0.0387664978723783,0.0701044698695572,0.147637465614314,Netilmicin,J01G,E. coli,ESCCOL|Poland|NET,27,pays_dans_perimetre
2019,Poland,ESCCOL,PIP,INPAT,174,2019|PL|ESCCOL|PIP|INPAT,,440,0.604545454545454,0.0456869850291288,0.558858469516326,0.650232439574583,Piperacillin,J01C,E. coli,ESCCOL|Poland|PIP,266,pays_dans_perimetre
2019,Poland,ESCCOL,TZP,INPAT,2317,2019|PL|ESCCOL|TZP|INPAT,,2568,0.0977414330218069,0.0114858573947266,0.0862555756270802,0.109227290416533,Piperacillin + Tazobactam,J01C,E. coli,ESCCOL|Poland|TZP,251,pays_dans_perimetre
2019,Poland,KLEPNE,AMC,INPAT,326,2019|PL|KLEPNE|AMC|INPAT,,964,0.661825726141079,0.0298648033838291,0.63196092275725,0.691690529524908,Amoxicillin + clavulanic acid,J01C,K. pneumoniae,KLEPNE|Poland|AMC,638,pays_dans_perimetre
2019,Poland,KLEPNE,COL,INPAT,380,2019|PL|KLEPNE|COL|INPAT,,403,0.0570719602977667,0.0226492704937596,0.0344226898040071,0.0797212307915264,Colistin,J01X,K. pneumoniae,KLEPNE|Poland|COL,23,pays_dans_perimetre
2019,Poland,KLEPNE,CRO,INPAT,122,2019|PL|KLEPNE|CRO|INPAT,,288,0.576388888888889,0.0570691361959833,0.519319752692906,0.633458025084872,Ceftriaxone,J01D,K. pneumoniae,KLEPNE|Poland|CRO,166,pays_dans_perimetre
2019,Poland,KLEPNE,MEM,INPAT,1021,2019|PL|KLEPNE|MEM|INPAT,,1118,0.0867620751341682,0.016500310022724,0.0702617651114441,0.103262385156892,Meropenem,J01D,K. pneumoniae,KLEPNE|Poland|MEM,97,pays_dans_perimetre
2019,Poland,KLEPNE,TZP,INPAT,485,2019|PL|KLEPNE|TZP|INPAT,,1111,0.563456345634563,0.0291637266424348,0.534292618992129,0.592620072276998,Piperacillin + Tazobactam,J01C,K. pneumoniae,KLEPNE|Poland|TZP,626,pays_dans_perimetre
2019,Poland,PSEAER,COL,INPAT,162,2019|PL|PSEAER|COL|INPAT,,162,0.0,0.0,0.0,0.0,Colistin,J01X,P. aeruginosa,PSEAER|Poland|COL,0,pays_dans_perimetre
2019,Poland,STAAUR,CIP,INPAT,1460,2019|PL|STAAUR|CIP|INPAT,,1722,0.152148664343786,0.0169642015735941,0.135184462770192,0.16911286591738,Ciprofloxacin,J01M,S. aureus,STAAUR|Poland|CIP,262,pays_dans_perimetre
2019,Poland,STAAUR,TEC,INPAT,1073,2019|PL|STAAUR|TEC|INPAT,,1084,0.0101476014760148,0.0059663448498203,0.0041812566261944,0.0161139463258351,Teicoplanin,J01X,S. aureus,STAAUR|Poland|TEC,11,pays_dans_perimetre
2019,Romania,ACISPP,CIP,INPAT,20,2019|RO|ACISPP|CIP|INPAT,,241,0.91701244813278,0.0348290510746808,0.882183397058099,0.951841499207461,Ciprofloxacin,J01M,Acinetobaccter spp.,ACISPP|Romania|CIP,221,pays_dans_perimetre
2019,Romania,ACISPP,GEN,INPAT,38,2019|RO|ACISPP|GEN|INPAT,,223,0.829596412556054,0.0493487821338778,0.780247630422176,0.878945194689932,Gentamicin,J01G,Acinetobaccter spp.,ACISPP|Romania|GEN,185,pays_dans_perimetre
2019,Romania,ACISPP,IPM,INPAT,30,2019|RO|ACISPP|IPM|INPAT,,244,0.877049180327869,0.0412039494676645,0.835845230860204,0.918253129795533,Imipenem,J01D,Acinetobaccter spp.,ACISPP|Romania|IPM,214,pays_dans_perimetre
2019,Romania,ACISPP,LVX,INPAT,16,2019|RO|ACISPP|LVX|INPAT,,161,0.900621118012422,0.0462126900638677,0.854408427948555,0.94683380807629,Levofloxacin,J01M,Acinetobaccter spp.,ACISPP|Romania|LVX,145,pays_dans_perimetre
2019,Romania,ACISPP,MEM,INPAT,28,2019|RO|ACISPP|MEM|INPAT,,233,0.879828326180258,0.0417520819255085,0.838076244254749,0.921580408105766,Meropenem,J01D,Acinetobaccter spp.,ACISPP|Romania|MEM,205,pays_dans_perimetre
2019,Romania,ESCCOL,LVX,INPAT,267,2019|RO|ESCCOL|LVX|INPAT,,358,0.254189944134078,0.0451032522139165,0.209086691920162,0.299293196347995,Levofloxacin,J01M,E. coli,ESCCOL|Romania|LVX,91,pays_dans_perimetre
2019,Romania,KLEPNE,LVX,INPAT,101,2019|RO|KLEPNE|LVX|INPAT,,244,0.586065573770492,0.0618016453462732,0.524263928424219,0.647867219116765,Levofloxacin,J01M,K. pneumoniae,KLEPNE|Romania|LVX,143,pays_dans_perimetre
2019,Romania,KLEPNE,MEM,INPAT,263,2019|RO|KLEPNE|MEM|INPAT,,389,0.323907455012853,0.0465044825262618,0.277402972486592,0.370411937539115,Meropenem,J01D,K. pneumoniae,KLEPNE|Romania|MEM,126,pays_dans_perimetre
